[08:18:54] ALERTA: sesión tmux 'george' no encontrada — reiniciando
[08:18:54] REINICIO: sesión george creada
[08:20:01] REINICIO: mensaje sin respuesta hace 6 min — reiniciando sesión george
[08:20:01] REINICIO: sesión george recreada
[08:25:01] REINICIO: mensaje sin respuesta hace 11 min — reiniciando sesión george
[08:25:01] REINICIO: sesión george recreada
[08:30:01] REINICIO: mensaje sin respuesta hace 16 min — reiniciando sesión george
[08:30:01] REINICIO: sesión george recreada
[08:35:01] REINICIO: mensaje sin respuesta hace 21 min — reiniciando sesión george
[08:35:01] REINICIO: sesión george recreada
[08:40:01] REINICIO: mensaje sin respuesta hace 26 min — reiniciando sesión george
[08:40:01] REINICIO: sesión george recreada
[08:45:01] REINICIO: mensaje sin respuesta hace 31 min — reiniciando sesión george
[08:45:01] REINICIO: sesión george recreada
[08:50:01] REINICIO: mensaje sin respuesta hace 36 min — reiniciando sesión george
[08:50:01] REINICIO: sesión george recreada
[08:55:01] REINICIO: mensaje sin respuesta hace 41 min — reiniciando sesión george
[08:55:01] REINICIO: sesión george recreada
[09:00:01] REINICIO: mensaje sin respuesta hace 46 min — reiniciando sesión george
[09:00:01] REINICIO: sesión george recreada
[09:05:01] REINICIO: mensaje sin respuesta hace 51 min — reiniciando sesión george
[09:05:01] REINICIO: sesión george recreada
[09:10:01] REINICIO: mensaje sin respuesta hace 56 min — reiniciando sesión george
[09:10:01] REINICIO: sesión george recreada
[09:15:01] REINICIO: mensaje sin respuesta hace 61 min — reiniciando sesión george
[09:15:01] REINICIO: sesión george recreada
[09:20:01] REINICIO: mensaje sin respuesta hace 66 min — reiniciando sesión george
[09:20:01] REINICIO: sesión george recreada
[09:25:01] REINICIO: mensaje sin respuesta hace 71 min — reiniciando sesión george
[09:25:01] REINICIO: sesión george recreada
[09:30:01] REINICIO: mensaje sin respuesta hace 76 min — reiniciando sesión george
[09:30:01] REINICIO: sesión george recreada
[09:35:01] REINICIO: mensaje sin respuesta hace 81 min — reiniciando sesión george
[09:35:01] REINICIO: sesión george recreada
[09:40:01] REINICIO: mensaje sin respuesta hace 86 min — reiniciando sesión george
[09:40:01] REINICIO: sesión george recreada
[09:45:01] REINICIO: mensaje sin respuesta hace 91 min — reiniciando sesión george
[09:45:01] REINICIO: sesión george recreada
[09:50:01] REINICIO: mensaje sin respuesta hace 96 min — reiniciando sesión george
[09:50:01] REINICIO: sesión george recreada
[09:55:01] REINICIO: mensaje sin respuesta hace 101 min — reiniciando sesión george
[09:55:01] REINICIO: sesión george recreada
[10:00:01] OK (mensaje hace 1 min, dentro del límite)
[10:05:01] OK (respuesta enviada correctamente)
[10:10:01] OK (respuesta enviada correctamente)
[10:15:01] OK (respuesta enviada correctamente)
[10:20:01] OK (respuesta enviada correctamente)
[10:25:01] OK (respuesta enviada correctamente)
[10:30:01] OK (respuesta enviada correctamente)
[10:35:01] OK (respuesta enviada correctamente)
[10:40:01] OK (respuesta enviada correctamente)
[10:45:01] OK (respuesta enviada correctamente)
[10:50:01] OK (respuesta enviada correctamente)
[10:55:01] OK (respuesta enviada correctamente)
[11:00:01] OK (respuesta enviada correctamente)
[11:05:01] OK (respuesta enviada correctamente)
[11:10:01] OK (respuesta enviada correctamente)
[11:15:01] OK (respuesta enviada correctamente)
[11:20:01] OK (respuesta enviada correctamente)
[11:25:01] OK (respuesta enviada correctamente)
[11:30:01] OK (respuesta enviada correctamente)
[11:35:01] OK (respuesta enviada correctamente)
[11:40:01] OK (respuesta enviada correctamente)
[11:45:01] OK (respuesta enviada correctamente)
[11:50:01] OK (respuesta enviada correctamente)
[11:55:01] OK (respuesta enviada correctamente)
[12:00:01] OK (respuesta enviada correctamente)
[12:05:01] OK (respuesta enviada correctamente)
[12:10:01] OK (respuesta enviada correctamente)
[12:15:01] OK (respuesta enviada correctamente)
[12:20:01] OK (respuesta enviada correctamente)
[12:25:01] OK (mensaje hace 1 min, dentro del límite)
[12:30:01] REINICIO: mensaje sin respuesta hace 6 min — reiniciando sesión george
[12:30:01] REINICIO: sesión george recreada
[12:35:01] REINICIO: mensaje sin respuesta hace 11 min — reiniciando sesión george
[12:35:01] REINICIO: sesión george recreada
[12:40:01] REINICIO: mensaje sin respuesta hace 16 min — reiniciando sesión george
[12:40:01] REINICIO: sesión george recreada
[12:45:01] REINICIO: mensaje sin respuesta hace 21 min — reiniciando sesión george
[12:45:01] REINICIO: sesión george recreada
[12:50:01] REINICIO: mensaje sin respuesta hace 26 min — reiniciando sesión george
[12:50:01] REINICIO: sesión george recreada
[12:55:01] REINICIO: mensaje sin respuesta hace 31 min — reiniciando sesión george
[12:55:01] REINICIO: sesión george recreada
[13:00:01] REINICIO: mensaje sin respuesta hace 36 min — reiniciando sesión george
[13:00:01] REINICIO: sesión george recreada
[13:05:01] REINICIO: mensaje sin respuesta hace 41 min — reiniciando sesión george
[13:05:01] REINICIO: sesión george recreada
[13:10:01] REINICIO: mensaje sin respuesta hace 46 min — reiniciando sesión george
[13:10:01] REINICIO: sesión george recreada
[13:15:01] REINICIO: mensaje sin respuesta hace 51 min — reiniciando sesión george
[13:15:01] REINICIO: sesión george recreada
[13:20:01] REINICIO: mensaje sin respuesta hace 56 min — reiniciando sesión george
[13:20:01] REINICIO: sesión george recreada
[13:25:01] REINICIO: mensaje sin respuesta hace 61 min — reiniciando sesión george
[13:25:01] REINICIO: sesión george recreada
[13:30:01] REINICIO: mensaje sin respuesta hace 66 min — reiniciando sesión george
[13:30:01] REINICIO: sesión george recreada
[13:35:01] REINICIO: mensaje sin respuesta hace 71 min — reiniciando sesión george
[13:35:01] REINICIO: sesión george recreada
[13:40:01] REINICIO: mensaje sin respuesta hace 76 min — reiniciando sesión george
[13:40:01] REINICIO: sesión george recreada
[13:45:01] REINICIO: mensaje sin respuesta hace 81 min — reiniciando sesión george
[13:45:01] REINICIO: sesión george recreada
[13:50:01] REINICIO: mensaje sin respuesta hace 86 min — reiniciando sesión george
[13:50:01] REINICIO: sesión george recreada
[13:55:01] REINICIO: mensaje sin respuesta hace 91 min — reiniciando sesión george
[13:55:01] REINICIO: sesión george recreada
[14:00:01] OK (respuesta enviada correctamente)
[14:05:01] OK (respuesta enviada correctamente)
[14:10:01] OK (respuesta enviada correctamente)
[14:15:01] OK (respuesta enviada correctamente)
[14:20:01] OK (respuesta enviada correctamente)
[14:25:01] OK (respuesta enviada correctamente)
[14:30:01] OK (respuesta enviada correctamente)
[14:35:01] OK (respuesta enviada correctamente)
[14:40:01] OK (respuesta enviada correctamente)
[14:45:01] OK (respuesta enviada correctamente)
[14:50:01] OK (respuesta enviada correctamente)
[14:55:01] OK (respuesta enviada correctamente)
[15:00:01] OK (respuesta enviada correctamente)
[15:05:01] OK (respuesta enviada correctamente)
[15:10:01] OK (respuesta enviada correctamente)
[15:15:01] OK (respuesta enviada correctamente)
[15:20:01] OK (respuesta enviada correctamente)
[15:25:01] OK (respuesta enviada correctamente)
[15:30:01] OK (respuesta enviada correctamente)
[15:35:01] OK (respuesta enviada correctamente)
[15:40:01] OK (respuesta enviada correctamente)
[15:45:01] OK (respuesta enviada correctamente)
[15:50:01] OK (respuesta enviada correctamente)
[15:55:01] OK (mensaje hace 1 min, dentro del límite)
[16:00:01] REINICIO: mensaje sin respuesta hace 6 min — reiniciando sesión george
[16:00:01] REINICIO: sesión george recreada
[16:05:01] REINICIO: mensaje sin respuesta hace 11 min — reiniciando sesión george
[16:05:01] REINICIO: sesión george recreada
[16:10:01] REINICIO: mensaje sin respuesta hace 16 min — reiniciando sesión george
[16:10:01] REINICIO: sesión george recreada
[16:15:01] OK (respuesta enviada correctamente)
[16:20:01] OK (mensaje hace 1 min, dentro del límite)
[16:25:01] OK (respuesta enviada correctamente)
[16:30:01] OK (respuesta enviada correctamente)
[16:35:01] OK (mensaje hace 1 min, dentro del límite)
[16:40:01] OK (respuesta enviada correctamente)
[16:45:01] OK (respuesta enviada correctamente)
[16:50:01] OK (respuesta enviada correctamente)
[16:55:01] OK (respuesta enviada correctamente)
[17:00:01] OK (respuesta enviada correctamente)
[17:05:01] OK (respuesta enviada correctamente)
[17:10:01] OK (respuesta enviada correctamente)
[17:15:01] OK (respuesta enviada correctamente)
[17:20:01] OK (respuesta enviada correctamente)
[17:25:01] OK (respuesta enviada correctamente)
[17:30:02] OK (respuesta enviada correctamente)
[17:35:01] OK (mensaje hace 1 min, dentro del límite)
[17:40:01] OK (respuesta enviada correctamente)
[17:45:01] OK (respuesta enviada correctamente)
[17:50:01] OK (respuesta enviada correctamente)
[17:55:01] OK (respuesta enviada correctamente)
[18:00:01] REINICIO: mensaje sin respuesta hace 4 min — reiniciando sesión george
[18:00:01] REINICIO: sesión george recreada
[18:05:01] REINICIO: mensaje sin respuesta hace 9 min — reiniciando sesión george
[18:05:01] REINICIO: sesión george recreada
[18:10:01] REINICIO: mensaje sin respuesta hace 14 min — reiniciando sesión george
[18:10:01] REINICIO: sesión george recreada
[18:15:01] REINICIO: mensaje sin respuesta hace 19 min — reiniciando sesión george
[18:15:01] REINICIO: sesión george recreada
[18:20:01] REINICIO: mensaje sin respuesta hace 5 min — reiniciando sesión george
[18:20:01] REINICIO: sesión george recreada
[18:25:01] REINICIO: mensaje sin respuesta hace 10 min — reiniciando sesión george
[18:25:01] REINICIO: sesión george recreada
[18:30:01] REINICIO: mensaje sin respuesta hace 15 min — reiniciando sesión george
[18:30:01] REINICIO: sesión george recreada
[18:35:01] REINICIO: mensaje sin respuesta hace 20 min — reiniciando sesión george
[18:35:01] REINICIO: sesión george recreada
[18:40:01] REINICIO: mensaje sin respuesta hace 25 min — reiniciando sesión george
[18:40:01] REINICIO: sesión george recreada
[18:45:01] REINICIO: mensaje sin respuesta hace 30 min — reiniciando sesión george
[18:45:01] REINICIO: sesión george recreada
[18:50:01] REINICIO: mensaje sin respuesta hace 35 min — reiniciando sesión george
[18:50:01] REINICIO: sesión george recreada
[18:55:01] REINICIO: mensaje sin respuesta hace 40 min — reiniciando sesión george
[18:55:01] REINICIO: sesión george recreada
[19:00:01] REINICIO: mensaje sin respuesta hace 45 min — reiniciando sesión george
[19:00:01] REINICIO: sesión george recreada
[19:05:01] REINICIO: mensaje sin respuesta hace 50 min — reiniciando sesión george
[19:05:01] REINICIO: sesión george recreada
[19:10:01] REINICIO: mensaje sin respuesta hace 55 min — reiniciando sesión george
[19:10:01] REINICIO: sesión george recreada
[19:15:01] REINICIO: mensaje sin respuesta hace 60 min — reiniciando sesión george
[19:15:01] REINICIO: sesión george recreada
[19:20:01] REINICIO: mensaje sin respuesta hace 65 min — reiniciando sesión george
[19:20:01] REINICIO: sesión george recreada
[19:25:01] REINICIO: mensaje sin respuesta hace 70 min — reiniciando sesión george
[19:25:01] REINICIO: sesión george recreada
[19:30:01] REINICIO: mensaje sin respuesta hace 75 min — reiniciando sesión george
[19:30:01] REINICIO: sesión george recreada
[19:35:01] REINICIO: mensaje sin respuesta hace 80 min — reiniciando sesión george
[19:35:01] REINICIO: sesión george recreada
[19:40:01] REINICIO: mensaje sin respuesta hace 85 min — reiniciando sesión george
[19:40:01] REINICIO: sesión george recreada
[19:45:01] REINICIO: mensaje sin respuesta hace 90 min — reiniciando sesión george
[19:45:01] REINICIO: sesión george recreada
[19:50:01] REINICIO: mensaje sin respuesta hace 95 min — reiniciando sesión george
[19:50:01] REINICIO: sesión george recreada
[19:55:01] REINICIO: mensaje sin respuesta hace 100 min — reiniciando sesión george
[19:55:01] REINICIO: sesión george recreada
[20:00:01] REINICIO: mensaje sin respuesta hace 105 min — reiniciando sesión george
[20:00:01] REINICIO: sesión george recreada
[20:05:01] REINICIO: mensaje sin respuesta hace 110 min — reiniciando sesión george
[20:05:01] REINICIO: sesión george recreada
[20:10:01] REINICIO: mensaje sin respuesta hace 115 min — reiniciando sesión george
[20:10:01] REINICIO: sesión george recreada
[20:15:01] REINICIO: mensaje sin respuesta hace 120 min — reiniciando sesión george
[20:15:01] REINICIO: sesión george recreada
[20:20:01] REINICIO: mensaje sin respuesta hace 125 min — reiniciando sesión george
[20:20:01] REINICIO: sesión george recreada
[20:25:01] REINICIO: mensaje sin respuesta hace 130 min — reiniciando sesión george
[20:25:01] REINICIO: sesión george recreada
[20:30:01] REINICIO: mensaje sin respuesta hace 135 min — reiniciando sesión george
[20:30:01] REINICIO: sesión george recreada
[20:35:01] REINICIO: mensaje sin respuesta hace 140 min — reiniciando sesión george
[20:35:01] REINICIO: sesión george recreada
[20:40:02] REINICIO: mensaje sin respuesta hace 145 min — reiniciando sesión george
[20:40:02] REINICIO: sesión george recreada
[20:45:01] REINICIO: mensaje sin respuesta hace 150 min — reiniciando sesión george
[20:45:01] REINICIO: sesión george recreada
[20:50:01] REINICIO: mensaje sin respuesta hace 155 min — reiniciando sesión george
[20:50:01] REINICIO: sesión george recreada
[20:55:01] REINICIO: mensaje sin respuesta hace 160 min — reiniciando sesión george
[20:55:01] REINICIO: sesión george recreada
[21:00:01] REINICIO: mensaje sin respuesta hace 165 min — reiniciando sesión george
[21:00:01] REINICIO: sesión george recreada
[21:05:01] REINICIO: mensaje sin respuesta hace 170 min — reiniciando sesión george
[21:05:01] REINICIO: sesión george recreada
[21:10:01] REINICIO: mensaje sin respuesta hace 175 min — reiniciando sesión george
[21:10:01] REINICIO: sesión george recreada
[21:15:01] OK (mensaje hace 1 min, dentro del límite)
[21:20:01] OK (respuesta enviada correctamente)
[21:25:02] OK (respuesta enviada correctamente)
[21:30:01] OK (mensaje hace 1 min, dentro del límite)
[21:35:01] OK (respuesta enviada correctamente)
[21:40:01] OK (respuesta enviada correctamente)
[21:45:01] OK (respuesta enviada correctamente)
[21:50:01] OK (respuesta enviada correctamente)
[21:55:01] OK (respuesta enviada correctamente)
[22:00:01] OK (respuesta enviada correctamente)
[22:05:01] OK (respuesta enviada correctamente)
[22:10:01] OK (respuesta enviada correctamente)
[22:15:01] OK (respuesta enviada correctamente)
[22:20:02] OK (respuesta enviada correctamente)
[22:25:01] OK (respuesta enviada correctamente)
[22:30:01] OK (respuesta enviada correctamente)
[22:35:01] OK (respuesta enviada correctamente)
[22:40:01] OK (respuesta enviada correctamente)
[22:45:01] OK (respuesta enviada correctamente)
[22:50:01] OK (mensaje hace 1 min, dentro del límite)
[22:55:01] OK (respuesta enviada correctamente)
[23:00:01] OK (respuesta enviada correctamente)
[23:05:01] OK (respuesta enviada correctamente)
[23:10:01] OK (respuesta enviada correctamente)
[23:15:01] OK (respuesta enviada correctamente)
[23:20:01] OK (respuesta enviada correctamente)
[23:25:01] OK (respuesta enviada correctamente)
[23:30:01] OK (respuesta enviada correctamente)
[23:35:01] OK (respuesta enviada correctamente)
[23:40:01] OK (respuesta enviada correctamente)
[23:45:01] OK (respuesta enviada correctamente)
[23:50:01] OK (respuesta enviada correctamente)
[23:55:01] OK (respuesta enviada correctamente)
[00:00:01] OK (sin log hoy, sin mensajes pendientes)
[00:05:01] OK (sin log hoy, sin mensajes pendientes)
[00:10:01] OK (sin log hoy, sin mensajes pendientes)
[00:15:01] OK (sin log hoy, sin mensajes pendientes)
[00:20:01] OK (sin log hoy, sin mensajes pendientes)
[00:25:01] OK (sin log hoy, sin mensajes pendientes)
[00:30:01] OK (sin log hoy, sin mensajes pendientes)
[00:35:01] OK (sin log hoy, sin mensajes pendientes)
[00:40:01] OK (sin log hoy, sin mensajes pendientes)
[00:45:01] OK (sin log hoy, sin mensajes pendientes)
[00:50:01] OK (sin log hoy, sin mensajes pendientes)
[00:55:01] OK (sin log hoy, sin mensajes pendientes)
[01:00:01] OK (sin log hoy, sin mensajes pendientes)
[01:05:01] OK (sin log hoy, sin mensajes pendientes)
[01:10:01] OK (sin log hoy, sin mensajes pendientes)
[01:15:01] OK (sin log hoy, sin mensajes pendientes)
[01:20:01] OK (sin log hoy, sin mensajes pendientes)
[01:25:01] OK (sin log hoy, sin mensajes pendientes)
[01:30:01] OK (sin log hoy, sin mensajes pendientes)
[01:35:02] OK (sin log hoy, sin mensajes pendientes)
[01:40:01] OK (sin log hoy, sin mensajes pendientes)
[01:45:01] OK (sin log hoy, sin mensajes pendientes)
[01:50:01] OK (sin log hoy, sin mensajes pendientes)
[01:55:01] OK (sin log hoy, sin mensajes pendientes)
[02:00:01] OK (sin log hoy, sin mensajes pendientes)
[02:05:01] OK (sin log hoy, sin mensajes pendientes)
[02:10:02] OK (sin log hoy, sin mensajes pendientes)
[02:15:01] OK (sin log hoy, sin mensajes pendientes)
[02:20:01] OK (sin log hoy, sin mensajes pendientes)
[02:25:01] OK (sin log hoy, sin mensajes pendientes)
[02:30:01] OK (sin log hoy, sin mensajes pendientes)
[02:35:01] OK (sin log hoy, sin mensajes pendientes)
[02:40:01] OK (sin log hoy, sin mensajes pendientes)
[02:45:01] OK (sin log hoy, sin mensajes pendientes)
[02:50:01] OK (sin log hoy, sin mensajes pendientes)
[02:55:01] OK (sin log hoy, sin mensajes pendientes)
[03:00:01] OK (sin log hoy, sin mensajes pendientes)
[03:05:01] OK (sin log hoy, sin mensajes pendientes)
[03:10:01] OK (sin log hoy, sin mensajes pendientes)
[03:15:01] OK (sin log hoy, sin mensajes pendientes)
[03:20:01] OK (sin log hoy, sin mensajes pendientes)
[03:25:01] OK (sin log hoy, sin mensajes pendientes)
[03:30:01] OK (sin log hoy, sin mensajes pendientes)
[03:35:01] OK (sin log hoy, sin mensajes pendientes)
[03:40:01] OK (sin log hoy, sin mensajes pendientes)
[03:45:01] OK (sin log hoy, sin mensajes pendientes)
[03:50:01] OK (sin log hoy, sin mensajes pendientes)
[03:55:01] OK (sin log hoy, sin mensajes pendientes)
[04:00:01] OK (sin log hoy, sin mensajes pendientes)
[04:05:01] OK (sin log hoy, sin mensajes pendientes)
[04:10:01] OK (sin log hoy, sin mensajes pendientes)
[04:15:01] OK (sin log hoy, sin mensajes pendientes)
[04:20:01] OK (sin log hoy, sin mensajes pendientes)
[04:25:01] OK (sin log hoy, sin mensajes pendientes)
[04:30:01] OK (sin log hoy, sin mensajes pendientes)
[04:35:01] OK (sin log hoy, sin mensajes pendientes)
[04:40:01] OK (sin log hoy, sin mensajes pendientes)
[04:45:01] OK (sin log hoy, sin mensajes pendientes)
[04:50:01] OK (sin log hoy, sin mensajes pendientes)
[04:55:01] OK (sin log hoy, sin mensajes pendientes)
[05:00:01] OK (sin log hoy, sin mensajes pendientes)
[05:05:01] OK (sin log hoy, sin mensajes pendientes)
[05:10:01] OK (sin log hoy, sin mensajes pendientes)
[05:15:01] OK (sin log hoy, sin mensajes pendientes)
[05:20:01] OK (sin log hoy, sin mensajes pendientes)
[05:25:01] OK (sin log hoy, sin mensajes pendientes)
[05:30:01] OK (sin log hoy, sin mensajes pendientes)
[05:35:01] OK (sin log hoy, sin mensajes pendientes)
[05:40:02] OK (sin log hoy, sin mensajes pendientes)
[05:45:01] OK (sin log hoy, sin mensajes pendientes)
[05:50:01] OK (sin log hoy, sin mensajes pendientes)
[05:55:01] OK (sin log hoy, sin mensajes pendientes)
[06:00:01] OK (respuesta enviada correctamente)
[06:05:01] OK (respuesta enviada correctamente)
[06:10:01] OK (respuesta enviada correctamente)
[06:15:01] OK (respuesta enviada correctamente)
[06:20:01] OK (respuesta enviada correctamente)
[06:25:01] OK (respuesta enviada correctamente)
[06:30:01] OK (respuesta enviada correctamente)
[06:35:01] OK (respuesta enviada correctamente)
[06:40:01] OK (respuesta enviada correctamente)
[06:45:02] OK (respuesta enviada correctamente)
[06:50:01] OK (respuesta enviada correctamente)
[06:55:01] OK (respuesta enviada correctamente)
[07:00:01] OK (mensaje hace 1 min, dentro del límite)
[07:05:01] OK (respuesta enviada correctamente)
[07:10:01] OK (respuesta enviada correctamente)
[07:15:01] OK (respuesta enviada correctamente)
[07:20:01] OK (respuesta enviada correctamente)
[07:25:01] OK (respuesta enviada correctamente)
[07:30:01] OK (respuesta enviada correctamente)
[07:35:01] OK (respuesta enviada correctamente)
[07:40:01] OK (respuesta enviada correctamente)
[07:45:01] OK (respuesta enviada correctamente)
[07:50:01] OK (respuesta enviada correctamente)
[07:55:01] OK (respuesta enviada correctamente)
[08:00:01] OK (respuesta enviada correctamente)
[08:05:01] OK (respuesta enviada correctamente)
[08:10:02] OK (respuesta enviada correctamente)
[08:15:01] OK (respuesta enviada correctamente)
[08:20:01] OK (respuesta enviada correctamente)
[08:25:01] OK (respuesta enviada correctamente)
[08:30:01] OK (respuesta enviada correctamente)
[08:35:01] OK (respuesta enviada correctamente)
[08:40:01] OK (respuesta enviada correctamente)
[08:45:01] OK (respuesta enviada correctamente)
[08:50:01] OK (respuesta enviada correctamente)
[08:55:01] OK (respuesta enviada correctamente)
[09:00:01] OK (respuesta enviada correctamente)
[09:05:01] OK (respuesta enviada correctamente)
[09:10:01] OK (respuesta enviada correctamente)
[09:15:01] OK (respuesta enviada correctamente)
[09:20:01] OK (respuesta enviada correctamente)
[09:25:01] OK (respuesta enviada correctamente)
[09:30:01] OK (respuesta enviada correctamente)
[09:35:01] OK (respuesta enviada correctamente)
[09:40:01] OK (respuesta enviada correctamente)
[09:45:01] OK (respuesta enviada correctamente)
[09:50:01] OK (respuesta enviada correctamente)
[09:55:01] OK (respuesta enviada correctamente)
[10:00:01] OK (respuesta enviada correctamente)
[10:05:02] OK (respuesta enviada correctamente)
[10:10:01] OK (respuesta enviada correctamente)
[10:15:01] OK (respuesta enviada correctamente)
[10:20:01] OK (respuesta enviada correctamente)
[10:25:01] OK (respuesta enviada correctamente)
[10:30:01] OK (respuesta enviada correctamente)
[10:35:01] OK (mensaje hace 1 min, dentro del límite)
[10:40:01] REINICIO: mensaje sin respuesta hace 6 min — reiniciando sesión george
[10:40:01] REINICIO: sesión george recreada
[10:45:01] REINICIO: mensaje sin respuesta hace 11 min — reiniciando sesión george
[10:45:01] REINICIO: sesión george recreada
[10:50:01] REINICIO: mensaje sin respuesta hace 16 min — reiniciando sesión george
[10:50:01] REINICIO: sesión george recreada
[10:55:01] REINICIO: mensaje sin respuesta hace 21 min — reiniciando sesión george
[10:55:01] REINICIO: sesión george recreada
[11:00:01] OK (respuesta enviada correctamente)
[11:05:01] OK (respuesta enviada correctamente)
[11:10:01] OK (respuesta enviada correctamente)
[11:15:01] OK (respuesta enviada correctamente)
[11:20:01] OK (respuesta enviada correctamente)
[11:25:01] OK (respuesta enviada correctamente)
[11:30:01] OK (respuesta enviada correctamente)
[11:35:01] OK (respuesta enviada correctamente)
[11:40:01] OK (respuesta enviada correctamente)
[11:45:01] OK (respuesta enviada correctamente)
[11:50:01] OK (respuesta enviada correctamente)
[11:55:01] OK (respuesta enviada correctamente)
[12:00:02] OK (respuesta enviada correctamente)
[12:05:01] OK (respuesta enviada correctamente)
[12:10:01] OK (respuesta enviada correctamente)
[12:15:01] OK (respuesta enviada correctamente)
[12:20:01] OK (respuesta enviada correctamente)
[12:25:01] OK (respuesta enviada correctamente)
[12:30:01] OK (respuesta enviada correctamente)
[12:35:01] OK (respuesta enviada correctamente)
[12:40:01] OK (respuesta enviada correctamente)
[12:45:01] OK (respuesta enviada correctamente)
[12:50:01] OK (respuesta enviada correctamente)
[12:55:01] OK (respuesta enviada correctamente)
[13:00:02] OK (respuesta enviada correctamente)
[13:05:01] OK (respuesta enviada correctamente)
[13:10:01] OK (respuesta enviada correctamente)
[13:15:01] OK (respuesta enviada correctamente)
[13:20:01] OK (respuesta enviada correctamente)
[13:25:01] OK (respuesta enviada correctamente)
[13:30:01] OK (respuesta enviada correctamente)
[13:35:01] OK (respuesta enviada correctamente)
[13:40:02] OK (respuesta enviada correctamente)
[13:45:01] OK (respuesta enviada correctamente)
[13:50:01] OK (respuesta enviada correctamente)
[13:55:01] OK (respuesta enviada correctamente)
[14:00:01] OK (respuesta enviada correctamente)
[14:05:01] OK (respuesta enviada correctamente)
[14:10:01] OK (respuesta enviada correctamente)
[14:15:01] OK (respuesta enviada correctamente)
[14:20:01] OK (respuesta enviada correctamente)
[14:25:01] OK (respuesta enviada correctamente)
[14:30:01] OK (respuesta enviada correctamente)
[14:35:01] OK (respuesta enviada correctamente)
[14:40:01] OK (respuesta enviada correctamente)
[14:45:01] OK (respuesta enviada correctamente)
[14:50:01] OK (respuesta enviada correctamente)
[14:55:01] OK (respuesta enviada correctamente)
[15:00:01] OK (respuesta enviada correctamente)
[15:05:01] OK (respuesta enviada correctamente)
[15:10:01] OK (respuesta enviada correctamente)
[15:15:01] OK (respuesta enviada correctamente)
[15:20:01] OK (respuesta enviada correctamente)
[15:25:01] OK (respuesta enviada correctamente)
[15:30:01] OK (respuesta enviada correctamente)
[15:35:01] OK (respuesta enviada correctamente)
[15:40:01] OK (respuesta enviada correctamente)
[15:45:01] OK (respuesta enviada correctamente)
[15:50:01] OK (respuesta enviada correctamente)
[15:55:01] OK (respuesta enviada correctamente)
[16:00:01] OK (respuesta enviada correctamente)
[16:05:01] OK (respuesta enviada correctamente)
[16:10:01] OK (respuesta enviada correctamente)
[16:15:01] OK (respuesta enviada correctamente)
[16:20:01] OK (respuesta enviada correctamente)
[16:25:01] OK (respuesta enviada correctamente)
[16:30:01] OK (respuesta enviada correctamente)
[16:35:01] OK (respuesta enviada correctamente)
[16:40:01] OK (respuesta enviada correctamente)
[16:45:01] OK (respuesta enviada correctamente)
[16:50:01] OK (respuesta enviada correctamente)
[16:55:01] OK (respuesta enviada correctamente)
[17:00:01] OK (respuesta enviada correctamente)
[17:05:01] OK (respuesta enviada correctamente)
[17:10:01] OK (respuesta enviada correctamente)
[17:15:01] OK (respuesta enviada correctamente)
[17:20:01] OK (respuesta enviada correctamente)
[17:25:01] OK (respuesta enviada correctamente)
[17:30:01] OK (respuesta enviada correctamente)
[17:35:01] OK (respuesta enviada correctamente)
[17:40:01] OK (respuesta enviada correctamente)
[17:45:01] OK (respuesta enviada correctamente)
[17:50:01] OK (respuesta enviada correctamente)
[17:55:01] OK (respuesta enviada correctamente)
[18:00:01] OK (respuesta enviada correctamente)
[18:05:01] OK (respuesta enviada correctamente)
[18:10:01] OK (respuesta enviada correctamente)
[18:15:01] OK (respuesta enviada correctamente)
[18:20:01] OK (respuesta enviada correctamente)
[18:25:01] OK (respuesta enviada correctamente)
[18:30:01] OK (respuesta enviada correctamente)
[18:35:01] OK (respuesta enviada correctamente)
[18:40:01] OK (respuesta enviada correctamente)
[18:45:01] OK (respuesta enviada correctamente)
[18:50:01] OK (respuesta enviada correctamente)
[18:55:01] OK (respuesta enviada correctamente)
[19:00:01] OK (respuesta enviada correctamente)
[19:05:01] OK (respuesta enviada correctamente)
[19:10:01] OK (respuesta enviada correctamente)
[19:15:01] OK (respuesta enviada correctamente)
[19:20:01] OK (respuesta enviada correctamente)
[19:25:01] OK (respuesta enviada correctamente)
[19:30:01] OK (respuesta enviada correctamente)
[19:35:01] OK (respuesta enviada correctamente)
[19:40:01] OK (respuesta enviada correctamente)
[19:45:01] OK (respuesta enviada correctamente)
[19:50:01] OK (respuesta enviada correctamente)
[19:55:02] OK (respuesta enviada correctamente)
[20:00:01] OK (respuesta enviada correctamente)
[20:05:01] OK (respuesta enviada correctamente)
[20:10:01] OK (respuesta enviada correctamente)
[20:15:01] OK (respuesta enviada correctamente)
[20:20:01] OK (respuesta enviada correctamente)
[20:25:01] OK (respuesta enviada correctamente)
[20:30:01] OK (respuesta enviada correctamente)
[20:35:01] OK (respuesta enviada correctamente)
[20:40:01] OK (respuesta enviada correctamente)
[20:45:01] OK (respuesta enviada correctamente)
[20:50:03] OK (respuesta enviada correctamente)
[20:55:01] OK (respuesta enviada correctamente)
[21:00:02] OK (respuesta enviada correctamente)
[21:05:01] OK (respuesta enviada correctamente)
[21:10:01] OK (respuesta enviada correctamente)
[21:15:01] OK (respuesta enviada correctamente)
[21:20:01] OK (respuesta enviada correctamente)
[21:25:01] OK (respuesta enviada correctamente)
[21:30:01] OK (respuesta enviada correctamente)
[21:35:01] OK (respuesta enviada correctamente)
[21:40:02] OK (respuesta enviada correctamente)
[21:45:01] OK (respuesta enviada correctamente)
[21:50:01] OK (respuesta enviada correctamente)
[21:55:01] OK (respuesta enviada correctamente)
[22:00:01] OK (respuesta enviada correctamente)
[22:05:01] OK (respuesta enviada correctamente)
[22:10:01] OK (respuesta enviada correctamente)
[22:15:01] OK (respuesta enviada correctamente)
[22:20:01] OK (respuesta enviada correctamente)
[22:25:01] OK (respuesta enviada correctamente)
[22:30:01] OK (respuesta enviada correctamente)
[22:35:01] OK (respuesta enviada correctamente)
[22:40:01] OK (respuesta enviada correctamente)
[22:45:01] OK (respuesta enviada correctamente)
[22:50:01] OK (respuesta enviada correctamente)
[22:55:01] OK (respuesta enviada correctamente)
[23:00:01] OK (respuesta enviada correctamente)
[23:05:01] OK (respuesta enviada correctamente)
[23:10:01] OK (respuesta enviada correctamente)
[23:15:01] OK (respuesta enviada correctamente)
[23:20:01] OK (respuesta enviada correctamente)
[23:25:01] OK (respuesta enviada correctamente)
[23:30:01] OK (respuesta enviada correctamente)
[23:35:01] OK (respuesta enviada correctamente)
[23:40:01] OK (respuesta enviada correctamente)
[23:45:01] OK (respuesta enviada correctamente)
[23:50:01] OK (respuesta enviada correctamente)
[23:55:01] OK (respuesta enviada correctamente)
[00:00:01] OK (sin log hoy, sin mensajes pendientes)
[00:05:01] OK (sin log hoy, sin mensajes pendientes)
[00:10:01] OK (sin log hoy, sin mensajes pendientes)
[00:15:01] OK (sin log hoy, sin mensajes pendientes)
[00:20:01] OK (sin log hoy, sin mensajes pendientes)
[00:25:01] OK (sin log hoy, sin mensajes pendientes)
[00:30:01] OK (sin log hoy, sin mensajes pendientes)
[00:35:01] OK (sin log hoy, sin mensajes pendientes)
[00:40:01] OK (sin log hoy, sin mensajes pendientes)
[00:45:01] OK (sin log hoy, sin mensajes pendientes)
[00:50:01] OK (sin log hoy, sin mensajes pendientes)
[00:55:02] OK (sin log hoy, sin mensajes pendientes)
[01:00:01] OK (sin log hoy, sin mensajes pendientes)
[01:05:01] OK (sin log hoy, sin mensajes pendientes)
[01:10:01] OK (sin log hoy, sin mensajes pendientes)
[01:15:01] OK (sin log hoy, sin mensajes pendientes)
[01:20:01] OK (sin log hoy, sin mensajes pendientes)
[01:25:01] OK (sin log hoy, sin mensajes pendientes)
[01:30:01] OK (sin log hoy, sin mensajes pendientes)
[01:35:01] OK (sin log hoy, sin mensajes pendientes)
[01:40:01] OK (sin log hoy, sin mensajes pendientes)
[01:45:01] OK (sin log hoy, sin mensajes pendientes)
[01:50:01] OK (sin log hoy, sin mensajes pendientes)
[01:55:01] OK (sin log hoy, sin mensajes pendientes)
[02:00:01] OK (sin log hoy, sin mensajes pendientes)
[02:05:01] OK (sin log hoy, sin mensajes pendientes)
[02:10:01] OK (sin log hoy, sin mensajes pendientes)
[02:15:01] OK (sin log hoy, sin mensajes pendientes)
[02:20:01] OK (sin log hoy, sin mensajes pendientes)
[02:25:01] OK (sin log hoy, sin mensajes pendientes)
[02:30:01] OK (sin log hoy, sin mensajes pendientes)
[02:35:01] OK (sin log hoy, sin mensajes pendientes)
[02:40:01] OK (sin log hoy, sin mensajes pendientes)
[02:45:01] OK (sin log hoy, sin mensajes pendientes)
[02:50:01] OK (sin log hoy, sin mensajes pendientes)
[02:55:01] OK (sin log hoy, sin mensajes pendientes)
[03:00:01] OK (sin log hoy, sin mensajes pendientes)
[03:05:01] OK (sin log hoy, sin mensajes pendientes)
[03:10:01] OK (sin log hoy, sin mensajes pendientes)
[03:15:01] OK (sin log hoy, sin mensajes pendientes)
[03:20:01] OK (sin log hoy, sin mensajes pendientes)
[03:25:01] OK (sin log hoy, sin mensajes pendientes)
[03:30:01] OK (sin log hoy, sin mensajes pendientes)
[03:35:01] OK (sin log hoy, sin mensajes pendientes)
[03:40:01] OK (sin log hoy, sin mensajes pendientes)
[03:45:01] OK (sin log hoy, sin mensajes pendientes)
[03:50:01] OK (sin log hoy, sin mensajes pendientes)
[03:55:01] OK (sin log hoy, sin mensajes pendientes)
[04:00:01] OK (sin log hoy, sin mensajes pendientes)
[04:05:01] OK (sin log hoy, sin mensajes pendientes)
[04:10:02] OK (sin log hoy, sin mensajes pendientes)
[04:15:01] OK (sin log hoy, sin mensajes pendientes)
[04:20:01] OK (sin log hoy, sin mensajes pendientes)
[04:25:01] OK (sin log hoy, sin mensajes pendientes)
[04:30:01] OK (sin log hoy, sin mensajes pendientes)
[04:35:01] OK (sin log hoy, sin mensajes pendientes)
[04:40:01] OK (sin log hoy, sin mensajes pendientes)
[04:45:01] OK (sin log hoy, sin mensajes pendientes)
[04:50:01] OK (sin log hoy, sin mensajes pendientes)
[04:55:01] OK (sin log hoy, sin mensajes pendientes)
[05:00:01] OK (sin log hoy, sin mensajes pendientes)
[05:05:01] OK (sin log hoy, sin mensajes pendientes)
[05:10:01] OK (sin log hoy, sin mensajes pendientes)
[05:15:01] OK (sin log hoy, sin mensajes pendientes)
[05:20:01] OK (sin log hoy, sin mensajes pendientes)
[05:25:01] OK (sin log hoy, sin mensajes pendientes)
[05:30:01] OK (sin log hoy, sin mensajes pendientes)
[05:35:01] OK (sin log hoy, sin mensajes pendientes)
[05:40:01] OK (sin log hoy, sin mensajes pendientes)
[05:45:02] OK (sin log hoy, sin mensajes pendientes)
[05:50:01] OK (sin log hoy, sin mensajes pendientes)
[05:55:01] OK (sin log hoy, sin mensajes pendientes)
[06:00:01] OK (sin log hoy, sin mensajes pendientes)
[06:05:01] OK (sin log hoy, sin mensajes pendientes)
[06:10:01] OK (sin log hoy, sin mensajes pendientes)
[06:15:01] OK (sin log hoy, sin mensajes pendientes)
[06:20:01] OK (sin log hoy, sin mensajes pendientes)
[06:25:01] OK (sin log hoy, sin mensajes pendientes)
[06:30:01] OK (sin log hoy, sin mensajes pendientes)
[06:35:01] OK (sin log hoy, sin mensajes pendientes)
[06:40:01] OK (sin log hoy, sin mensajes pendientes)
[06:45:01] OK (sin log hoy, sin mensajes pendientes)
[06:50:01] OK (sin log hoy, sin mensajes pendientes)
[06:55:02] OK (sin log hoy, sin mensajes pendientes)
[07:00:01] OK (sin log hoy, sin mensajes pendientes)
[07:05:01] OK (sin log hoy, sin mensajes pendientes)
[07:10:01] OK (sin log hoy, sin mensajes pendientes)
[07:15:01] OK (sin log hoy, sin mensajes pendientes)
[07:20:01] OK (sin log hoy, sin mensajes pendientes)
[07:25:01] OK (sin log hoy, sin mensajes pendientes)
[07:30:01] OK (sin log hoy, sin mensajes pendientes)
[07:35:01] OK (sin log hoy, sin mensajes pendientes)
[07:40:01] OK (sin log hoy, sin mensajes pendientes)
[07:45:01] OK (sin log hoy, sin mensajes pendientes)
[07:50:01] OK (sin log hoy, sin mensajes pendientes)
[07:55:01] OK (sin log hoy, sin mensajes pendientes)
[08:00:01] OK (sin log hoy, sin mensajes pendientes)
[08:05:01] OK (sin log hoy, sin mensajes pendientes)
[08:10:01] OK (sin log hoy, sin mensajes pendientes)
[08:15:01] OK (sin log hoy, sin mensajes pendientes)
[08:20:01] OK (sin log hoy, sin mensajes pendientes)
[08:25:01] OK (sin log hoy, sin mensajes pendientes)
[08:30:01] OK (sin log hoy, sin mensajes pendientes)
[08:35:02] OK (sin log hoy, sin mensajes pendientes)
[08:40:01] OK (sin log hoy, sin mensajes pendientes)
[08:45:01] OK (sin log hoy, sin mensajes pendientes)
[08:50:01] OK (sin log hoy, sin mensajes pendientes)
[08:55:01] OK (sin log hoy, sin mensajes pendientes)
[09:00:01] OK (sin log hoy, sin mensajes pendientes)
[09:05:01] OK (sin log hoy, sin mensajes pendientes)
[09:10:01] OK (sin log hoy, sin mensajes pendientes)
[09:15:01] OK (sin log hoy, sin mensajes pendientes)
[09:20:01] OK (sin log hoy, sin mensajes pendientes)
[09:25:01] OK (sin log hoy, sin mensajes pendientes)
[09:30:01] OK (sin log hoy, sin mensajes pendientes)
[09:35:01] OK (sin log hoy, sin mensajes pendientes)
[09:40:01] OK (sin log hoy, sin mensajes pendientes)
[09:45:01] OK (sin log hoy, sin mensajes pendientes)
[09:50:01] OK (sin log hoy, sin mensajes pendientes)
[09:55:01] OK (sin log hoy, sin mensajes pendientes)
[10:00:01] OK (sin log hoy, sin mensajes pendientes)
[10:05:01] OK (sin log hoy, sin mensajes pendientes)
[10:10:01] OK (sin log hoy, sin mensajes pendientes)
[10:15:01] OK (sin log hoy, sin mensajes pendientes)
[10:20:01] OK (sin log hoy, sin mensajes pendientes)
[10:25:01] OK (sin log hoy, sin mensajes pendientes)
[10:30:01] OK (sin log hoy, sin mensajes pendientes)
[10:35:01] OK (sin log hoy, sin mensajes pendientes)
[10:40:01] OK (sin log hoy, sin mensajes pendientes)
[10:45:01] OK (sin log hoy, sin mensajes pendientes)
[10:50:01] OK (sin log hoy, sin mensajes pendientes)
[10:55:02] OK (sin log hoy, sin mensajes pendientes)
[11:00:01] OK (sin log hoy, sin mensajes pendientes)
[11:05:01] OK (sin log hoy, sin mensajes pendientes)
[11:10:01] OK (sin log hoy, sin mensajes pendientes)
[11:15:01] OK (sin log hoy, sin mensajes pendientes)
[11:20:01] OK (sin mensajes del usuario hoy)
[11:25:01] OK (sin mensajes del usuario hoy)
[11:30:01] OK (sin mensajes del usuario hoy)
[11:35:01] OK (sin mensajes del usuario hoy)
[11:40:01] OK (sin mensajes del usuario hoy)
[11:45:01] OK (sin mensajes del usuario hoy)
[11:50:01] OK (sin mensajes del usuario hoy)
[11:55:01] OK (sin mensajes del usuario hoy)
[12:00:02] OK (sin mensajes del usuario hoy)
[12:05:01] OK (sin mensajes del usuario hoy)
[12:10:01] OK (sin mensajes del usuario hoy)
[12:15:01] OK (sin mensajes del usuario hoy)
[12:20:01] OK (sin mensajes del usuario hoy)
[12:25:01] OK (sin mensajes del usuario hoy)
[12:30:01] OK (sin mensajes del usuario hoy)
[12:35:01] OK (sin mensajes del usuario hoy)
[12:40:01] OK (sin mensajes del usuario hoy)
[12:45:01] OK (sin mensajes del usuario hoy)
[12:50:01] OK (sin mensajes del usuario hoy)
[12:55:01] OK (sin mensajes del usuario hoy)
[13:00:01] OK (sin mensajes del usuario hoy)
[13:05:01] OK (sin mensajes del usuario hoy)
[13:10:01] OK (sin mensajes del usuario hoy)
[13:15:02] OK (sin mensajes del usuario hoy)
[13:20:01] OK (sin mensajes del usuario hoy)
[13:25:01] OK (sin mensajes del usuario hoy)
[13:30:01] OK (sin mensajes del usuario hoy)
[13:35:01] OK (sin mensajes del usuario hoy)
[13:40:01] OK (sin mensajes del usuario hoy)
[13:45:01] OK (sin mensajes del usuario hoy)
[13:50:01] OK (sin mensajes del usuario hoy)
[13:55:01] OK (sin mensajes del usuario hoy)
[14:00:01] OK (sin mensajes del usuario hoy)
[14:05:01] OK (sin mensajes del usuario hoy)
[14:10:01] OK (sin mensajes del usuario hoy)
[14:15:01] OK (sin mensajes del usuario hoy)
[14:20:01] OK (sin mensajes del usuario hoy)
[14:25:01] OK (sin mensajes del usuario hoy)
[14:30:01] OK (sin mensajes del usuario hoy)
[14:35:01] OK (sin mensajes del usuario hoy)
[14:40:01] OK (sin mensajes del usuario hoy)
[14:45:01] OK (sin mensajes del usuario hoy)
[14:50:01] OK (sin mensajes del usuario hoy)
[14:55:01] OK (sin mensajes del usuario hoy)
[15:00:01] OK (sin mensajes del usuario hoy)
[15:05:01] OK (sin mensajes del usuario hoy)
[15:10:01] OK (sin mensajes del usuario hoy)
[15:15:01] OK (sin mensajes del usuario hoy)
[15:20:02] OK (sin mensajes del usuario hoy)
[15:25:01] OK (sin mensajes del usuario hoy)
[15:30:01] OK (sin mensajes del usuario hoy)
[15:35:01] OK (sin mensajes del usuario hoy)
[15:40:01] OK (sin mensajes del usuario hoy)
[15:45:01] OK (sin mensajes del usuario hoy)
[15:50:01] OK (sin mensajes del usuario hoy)
[15:55:01] OK (sin mensajes del usuario hoy)
[16:00:01] OK (sin mensajes del usuario hoy)
[16:05:01] OK (sin mensajes del usuario hoy)
[16:10:01] OK (sin mensajes del usuario hoy)
[16:15:01] OK (sin mensajes del usuario hoy)
[16:20:01] OK (sin mensajes del usuario hoy)
[16:25:01] OK (sin mensajes del usuario hoy)
[16:30:01] OK (sin mensajes del usuario hoy)
[16:35:01] OK (sin mensajes del usuario hoy)
[16:40:01] OK (sin mensajes del usuario hoy)
[16:45:01] OK (sin mensajes del usuario hoy)
[16:50:01] OK (sin mensajes del usuario hoy)
[16:55:01] OK (sin mensajes del usuario hoy)
[17:00:01] OK (sin mensajes del usuario hoy)
[17:05:01] OK (sin mensajes del usuario hoy)
[17:10:01] OK (sin mensajes del usuario hoy)
[17:15:01] OK (sin mensajes del usuario hoy)
[17:20:01] OK (sin mensajes del usuario hoy)
[17:25:01] OK (sin mensajes del usuario hoy)
[17:30:01] OK (sin mensajes del usuario hoy)
[17:35:01] OK (sin mensajes del usuario hoy)
[17:40:01] OK (sin mensajes del usuario hoy)
[17:45:01] OK (sin mensajes del usuario hoy)
[17:50:01] OK (sin mensajes del usuario hoy)
[17:55:01] OK (sin mensajes del usuario hoy)
[18:00:01] OK (sin mensajes del usuario hoy)
[18:05:01] OK (sin mensajes del usuario hoy)
[18:10:01] OK (sin mensajes del usuario hoy)
[18:15:01] OK (sin mensajes del usuario hoy)
[18:20:01] OK (sin mensajes del usuario hoy)
[18:25:01] OK (sin mensajes del usuario hoy)
[18:30:01] OK (sin mensajes del usuario hoy)
[18:35:01] OK (sin mensajes del usuario hoy)
[18:40:01] OK (sin mensajes del usuario hoy)
[18:45:01] OK (sin mensajes del usuario hoy)
[18:50:01] OK (sin mensajes del usuario hoy)
[18:55:01] OK (mensaje hace 1 min, dentro del límite)
[19:00:01] OK (respuesta enviada correctamente)
[19:05:01] OK (respuesta enviada correctamente)
[19:10:01] OK (respuesta enviada correctamente)
[19:15:01] OK (respuesta enviada correctamente)
[19:20:01] OK (respuesta enviada correctamente)
[19:25:01] OK (respuesta enviada correctamente)
[19:30:01] OK (respuesta enviada correctamente)
[19:35:01] OK (respuesta enviada correctamente)
[19:40:01] OK (respuesta enviada correctamente)
[19:45:01] OK (respuesta enviada correctamente)
[19:50:01] OK (respuesta enviada correctamente)
[19:55:01] OK (respuesta enviada correctamente)
[20:00:01] OK (respuesta enviada correctamente)
[20:05:02] OK (respuesta enviada correctamente)
[20:10:01] OK (respuesta enviada correctamente)
[20:15:01] OK (respuesta enviada correctamente)
[20:20:01] OK (respuesta enviada correctamente)
[20:25:01] OK (respuesta enviada correctamente)
[20:30:01] OK (respuesta enviada correctamente)
[20:35:01] OK (respuesta enviada correctamente)
[20:40:01] OK (respuesta enviada correctamente)
[20:45:01] OK (respuesta enviada correctamente)
[20:50:01] OK (respuesta enviada correctamente)
[20:55:01] OK (respuesta enviada correctamente)
[21:00:01] OK (respuesta enviada correctamente)
[21:05:01] OK (respuesta enviada correctamente)
[21:10:01] OK (respuesta enviada correctamente)
[21:15:01] OK (respuesta enviada correctamente)
[21:20:01] OK (respuesta enviada correctamente)
[21:25:01] OK (respuesta enviada correctamente)
[21:30:01] OK (respuesta enviada correctamente)
[21:35:01] OK (respuesta enviada correctamente)
[21:40:01] OK (respuesta enviada correctamente)
[21:45:01] OK (respuesta enviada correctamente)
[21:50:01] OK (respuesta enviada correctamente)
[21:55:01] OK (respuesta enviada correctamente)
[22:00:01] OK (respuesta enviada correctamente)
[22:05:01] OK (respuesta enviada correctamente)
[22:10:01] OK (respuesta enviada correctamente)
[22:15:01] OK (respuesta enviada correctamente)
[22:20:01] OK (respuesta enviada correctamente)
[22:25:01] OK (respuesta enviada correctamente)
[22:30:01] OK (respuesta enviada correctamente)
[22:35:01] OK (respuesta enviada correctamente)
[22:40:01] OK (respuesta enviada correctamente)
[22:45:01] OK (respuesta enviada correctamente)
[22:50:01] OK (respuesta enviada correctamente)
[22:55:01] OK (respuesta enviada correctamente)
[23:00:01] OK (respuesta enviada correctamente)
[23:05:01] OK (respuesta enviada correctamente)
[23:10:01] OK (respuesta enviada correctamente)
[23:15:01] OK (respuesta enviada correctamente)
[23:20:01] OK (respuesta enviada correctamente)
[23:25:01] OK (respuesta enviada correctamente)
[23:30:01] OK (respuesta enviada correctamente)
[23:35:01] OK (respuesta enviada correctamente)
[23:40:01] OK (respuesta enviada correctamente)
[23:45:01] OK (respuesta enviada correctamente)
[23:50:01] OK (respuesta enviada correctamente)
[23:55:02] OK (respuesta enviada correctamente)
[00:00:01] OK (sin log hoy, sin mensajes pendientes)
[00:05:01] OK (sin log hoy, sin mensajes pendientes)
[00:10:01] OK (sin log hoy, sin mensajes pendientes)
[00:15:01] OK (sin log hoy, sin mensajes pendientes)
[00:20:01] OK (sin log hoy, sin mensajes pendientes)
[00:25:01] OK (sin log hoy, sin mensajes pendientes)
[00:30:01] OK (sin log hoy, sin mensajes pendientes)
[00:35:01] OK (sin log hoy, sin mensajes pendientes)
[00:40:01] OK (sin log hoy, sin mensajes pendientes)
[00:45:01] OK (sin log hoy, sin mensajes pendientes)
[00:50:01] OK (sin log hoy, sin mensajes pendientes)
[00:55:01] OK (sin log hoy, sin mensajes pendientes)
[01:00:01] OK (sin log hoy, sin mensajes pendientes)
[01:05:01] OK (sin log hoy, sin mensajes pendientes)
[01:10:01] OK (sin log hoy, sin mensajes pendientes)
[01:15:01] OK (sin log hoy, sin mensajes pendientes)
[01:20:01] OK (sin log hoy, sin mensajes pendientes)
[01:25:01] OK (sin log hoy, sin mensajes pendientes)
[01:30:01] OK (sin log hoy, sin mensajes pendientes)
[01:35:01] OK (sin log hoy, sin mensajes pendientes)
[01:40:01] OK (sin log hoy, sin mensajes pendientes)
[01:45:01] OK (sin log hoy, sin mensajes pendientes)
[01:50:01] OK (sin log hoy, sin mensajes pendientes)
[01:55:01] OK (sin log hoy, sin mensajes pendientes)
[02:00:01] OK (sin log hoy, sin mensajes pendientes)
[02:05:01] OK (sin log hoy, sin mensajes pendientes)
[02:10:01] OK (sin log hoy, sin mensajes pendientes)
[02:15:01] OK (sin log hoy, sin mensajes pendientes)
[02:20:01] OK (sin log hoy, sin mensajes pendientes)
[02:25:01] OK (sin log hoy, sin mensajes pendientes)
[02:30:02] OK (sin log hoy, sin mensajes pendientes)
[02:35:01] OK (sin log hoy, sin mensajes pendientes)
[02:40:01] OK (sin log hoy, sin mensajes pendientes)
[02:45:01] OK (sin log hoy, sin mensajes pendientes)
[02:50:01] OK (sin log hoy, sin mensajes pendientes)
[02:55:01] OK (sin log hoy, sin mensajes pendientes)
[03:00:01] OK (sin log hoy, sin mensajes pendientes)
[03:05:01] OK (sin log hoy, sin mensajes pendientes)
[03:10:01] OK (sin log hoy, sin mensajes pendientes)
[03:15:01] OK (sin log hoy, sin mensajes pendientes)
[03:20:01] OK (sin log hoy, sin mensajes pendientes)
[03:25:02] OK (sin log hoy, sin mensajes pendientes)
[03:30:01] OK (sin log hoy, sin mensajes pendientes)
[03:35:01] OK (sin log hoy, sin mensajes pendientes)
[03:40:01] OK (sin log hoy, sin mensajes pendientes)
[03:45:01] OK (sin log hoy, sin mensajes pendientes)
[03:50:01] OK (sin log hoy, sin mensajes pendientes)
[03:55:01] OK (sin log hoy, sin mensajes pendientes)
[04:00:01] OK (sin log hoy, sin mensajes pendientes)
[04:05:01] OK (sin log hoy, sin mensajes pendientes)
[04:10:01] OK (sin log hoy, sin mensajes pendientes)
[04:15:01] OK (sin log hoy, sin mensajes pendientes)
[04:20:01] OK (sin log hoy, sin mensajes pendientes)
[04:25:01] OK (sin log hoy, sin mensajes pendientes)
[04:30:01] OK (sin log hoy, sin mensajes pendientes)
[04:35:01] OK (sin log hoy, sin mensajes pendientes)
[04:40:01] OK (sin log hoy, sin mensajes pendientes)
[04:45:01] OK (sin log hoy, sin mensajes pendientes)
[04:50:01] OK (sin log hoy, sin mensajes pendientes)
[04:55:01] OK (sin log hoy, sin mensajes pendientes)
[05:00:01] OK (sin log hoy, sin mensajes pendientes)
[05:05:01] OK (sin log hoy, sin mensajes pendientes)
[05:10:01] OK (sin log hoy, sin mensajes pendientes)
[05:15:01] OK (sin log hoy, sin mensajes pendientes)
[05:20:01] OK (sin log hoy, sin mensajes pendientes)
[05:25:01] OK (sin log hoy, sin mensajes pendientes)
[05:30:01] OK (sin log hoy, sin mensajes pendientes)
[05:35:01] OK (sin log hoy, sin mensajes pendientes)
[05:40:01] OK (sin log hoy, sin mensajes pendientes)
[05:45:01] OK (sin log hoy, sin mensajes pendientes)
[05:50:01] OK (sin mensajes del usuario hoy)
[05:55:02] OK (respuesta enviada correctamente)
[06:00:01] OK (respuesta enviada correctamente)
[06:05:01] OK (respuesta enviada correctamente)
[06:10:01] OK (mensaje hace 1 min, dentro del límite)
[06:15:01] OK (respuesta enviada correctamente)
[06:20:01] OK (respuesta enviada correctamente)
[06:25:01] OK (respuesta enviada correctamente)
[06:30:01] OK (respuesta enviada correctamente)
[06:35:01] OK (respuesta enviada correctamente)
[06:40:01] OK (respuesta enviada correctamente)
[06:45:01] OK (respuesta enviada correctamente)
[06:50:01] OK (respuesta enviada correctamente)
[06:55:01] OK (respuesta enviada correctamente)
[07:00:01] OK (respuesta enviada correctamente)
[07:05:01] OK (respuesta enviada correctamente)
[07:10:01] OK (respuesta enviada correctamente)
[07:15:01] OK (respuesta enviada correctamente)
[07:20:01] OK (mensaje hace 1 min, dentro del límite)
[07:25:01] OK (respuesta enviada correctamente)
[07:30:01] OK (respuesta enviada correctamente)
[07:35:01] OK (respuesta enviada correctamente)
[07:40:01] OK (respuesta enviada correctamente)
[07:45:01] OK (respuesta enviada correctamente)
[07:50:02] OK (respuesta enviada correctamente)
[07:55:01] OK (respuesta enviada correctamente)
[08:00:01] OK (respuesta enviada correctamente)
[08:05:01] OK (respuesta enviada correctamente)
[08:10:01] OK (respuesta enviada correctamente)
[08:15:01] OK (respuesta enviada correctamente)
[08:20:01] OK (respuesta enviada correctamente)
[08:25:01] OK (respuesta enviada correctamente)
[08:30:01] OK (respuesta enviada correctamente)
[08:35:01] OK (respuesta enviada correctamente)
[08:40:01] OK (mensaje hace 2 min, dentro del límite)
[08:45:01] REINICIO: mensaje sin respuesta hace 7 min — reiniciando sesión george
[08:45:01] REINICIO: sesión george recreada
[08:50:01] REINICIO: mensaje sin respuesta hace 12 min — reiniciando sesión george
[08:50:01] REINICIO: sesión george recreada
[08:55:01] REINICIO: mensaje sin respuesta hace 17 min — reiniciando sesión george
[08:55:01] REINICIO: sesión george recreada
[09:00:01] REINICIO: mensaje sin respuesta hace 22 min — reiniciando sesión george
[09:00:01] REINICIO: sesión george recreada
[09:05:01] OK (mensaje hace 2 min, dentro del límite)
[09:10:01] OK (respuesta enviada correctamente)
[09:15:01] OK (respuesta enviada correctamente)
[09:20:01] OK (mensaje hace 1 min, dentro del límite)
[09:25:01] OK (mensaje hace 1 min, dentro del límite)
[09:30:01] OK (mensaje hace 2 min, dentro del límite)
[09:35:01] REINICIO: mensaje sin respuesta hace 7 min — reiniciando sesión george
[09:35:01] REINICIO: sesión george recreada
[09:40:01] REINICIO: mensaje sin respuesta hace 12 min — reiniciando sesión george
[09:40:01] REINICIO: sesión george recreada
[09:45:01] REINICIO: mensaje sin respuesta hace 17 min — reiniciando sesión george
[09:45:01] REINICIO: sesión george recreada
[09:50:01] REINICIO: mensaje sin respuesta hace 22 min — reiniciando sesión george
[09:50:01] REINICIO: sesión george recreada
[09:55:01] REINICIO: mensaje sin respuesta hace 27 min — reiniciando sesión george
[09:55:01] REINICIO: sesión george recreada
[10:00:01] REINICIO: mensaje sin respuesta hace 32 min — reiniciando sesión george
[10:00:01] REINICIO: sesión george recreada
[10:05:01] REINICIO: mensaje sin respuesta hace 37 min — reiniciando sesión george
[10:05:01] REINICIO: sesión george recreada
[10:10:01] REINICIO: mensaje sin respuesta hace 42 min — reiniciando sesión george
[10:10:01] REINICIO: sesión george recreada
[10:15:01] REINICIO: mensaje sin respuesta hace 47 min — reiniciando sesión george
[10:15:01] REINICIO: sesión george recreada
[10:20:01] REINICIO: mensaje sin respuesta hace 52 min — reiniciando sesión george
[10:20:01] REINICIO: sesión george recreada
[10:25:01] REINICIO: mensaje sin respuesta hace 57 min — reiniciando sesión george
[10:25:01] REINICIO: sesión george recreada
[10:30:01] REINICIO: mensaje sin respuesta hace 62 min — reiniciando sesión george
[10:30:01] REINICIO: sesión george recreada
[10:35:01] REINICIO: mensaje sin respuesta hace 67 min — reiniciando sesión george
[10:35:01] REINICIO: sesión george recreada
[10:40:01] REINICIO: mensaje sin respuesta hace 72 min — reiniciando sesión george
[10:40:01] REINICIO: sesión george recreada
[10:45:01] REINICIO: mensaje sin respuesta hace 77 min — reiniciando sesión george
[10:45:01] REINICIO: sesión george recreada
[10:50:01] REINICIO: mensaje sin respuesta hace 82 min — reiniciando sesión george
[10:50:01] REINICIO: sesión george recreada
[10:55:01] REINICIO: mensaje sin respuesta hace 87 min — reiniciando sesión george
[10:55:01] REINICIO: sesión george recreada
[11:00:01] REINICIO: mensaje sin respuesta hace 92 min — reiniciando sesión george
[11:00:01] REINICIO: sesión george recreada
[11:05:01] REINICIO: mensaje sin respuesta hace 97 min — reiniciando sesión george
[11:05:01] REINICIO: sesión george recreada
[11:10:01] REINICIO: mensaje sin respuesta hace 102 min — reiniciando sesión george
[11:10:01] REINICIO: sesión george recreada
[11:15:01] REINICIO: mensaje sin respuesta hace 107 min — reiniciando sesión george
[11:15:01] REINICIO: sesión george recreada
[11:20:01] REINICIO: mensaje sin respuesta hace 112 min — reiniciando sesión george
[11:20:01] REINICIO: sesión george recreada
[11:25:01] REINICIO: mensaje sin respuesta hace 117 min — reiniciando sesión george
[11:25:01] REINICIO: sesión george recreada
[11:30:01] REINICIO: mensaje sin respuesta hace 122 min — reiniciando sesión george
[11:30:01] REINICIO: sesión george recreada
[11:35:01] REINICIO: mensaje sin respuesta hace 127 min — reiniciando sesión george
[11:35:01] REINICIO: sesión george recreada
[11:40:02] REINICIO: mensaje sin respuesta hace 132 min — reiniciando sesión george
[11:40:02] REINICIO: sesión george recreada
[11:45:01] REINICIO: mensaje sin respuesta hace 137 min — reiniciando sesión george
[11:45:01] REINICIO: sesión george recreada
[11:50:01] REINICIO: mensaje sin respuesta hace 142 min — reiniciando sesión george
[11:50:01] REINICIO: sesión george recreada
[11:55:01] REINICIO: mensaje sin respuesta hace 147 min — reiniciando sesión george
[11:55:01] REINICIO: sesión george recreada
[12:00:01] REINICIO: mensaje sin respuesta hace 152 min — reiniciando sesión george
[12:00:01] REINICIO: sesión george recreada
[12:05:01] REINICIO: mensaje sin respuesta hace 157 min — reiniciando sesión george
[12:05:01] REINICIO: sesión george recreada
[12:10:01] REINICIO: mensaje sin respuesta hace 162 min — reiniciando sesión george
[12:10:01] REINICIO: sesión george recreada
[12:15:01] REINICIO: mensaje sin respuesta hace 167 min — reiniciando sesión george
[12:15:01] REINICIO: sesión george recreada
[12:20:01] REINICIO: mensaje sin respuesta hace 172 min — reiniciando sesión george
[12:20:01] REINICIO: sesión george recreada
[12:25:01] REINICIO: mensaje sin respuesta hace 177 min — reiniciando sesión george
[12:25:01] REINICIO: sesión george recreada
[12:30:01] REINICIO: mensaje sin respuesta hace 182 min — reiniciando sesión george
[12:30:01] REINICIO: sesión george recreada
[12:35:01] REINICIO: mensaje sin respuesta hace 187 min — reiniciando sesión george
[12:35:01] REINICIO: sesión george recreada
[12:40:01] REINICIO: mensaje sin respuesta hace 192 min — reiniciando sesión george
[12:40:01] REINICIO: sesión george recreada
[12:45:01] REINICIO: mensaje sin respuesta hace 197 min — reiniciando sesión george
[12:45:01] REINICIO: sesión george recreada
[12:50:01] REINICIO: mensaje sin respuesta hace 202 min — reiniciando sesión george
[12:50:01] REINICIO: sesión george recreada
[12:55:01] REINICIO: mensaje sin respuesta hace 207 min — reiniciando sesión george
[12:55:01] REINICIO: sesión george recreada
[13:00:01] REINICIO: mensaje sin respuesta hace 212 min — reiniciando sesión george
[13:00:01] REINICIO: sesión george recreada
[13:05:01] REINICIO: mensaje sin respuesta hace 217 min — reiniciando sesión george
[13:05:01] REINICIO: sesión george recreada
[13:10:01] REINICIO: mensaje sin respuesta hace 222 min — reiniciando sesión george
[13:10:01] REINICIO: sesión george recreada
[13:15:01] REINICIO: mensaje sin respuesta hace 227 min — reiniciando sesión george
[13:15:01] REINICIO: sesión george recreada
[13:20:01] REINICIO: mensaje sin respuesta hace 232 min — reiniciando sesión george
[13:20:01] REINICIO: sesión george recreada
[13:25:01] REINICIO: mensaje sin respuesta hace 237 min — reiniciando sesión george
[13:25:01] REINICIO: sesión george recreada
[13:30:01] REINICIO: mensaje sin respuesta hace 242 min — reiniciando sesión george
[13:30:01] REINICIO: sesión george recreada
[13:35:01] REINICIO: mensaje sin respuesta hace 247 min — reiniciando sesión george
[13:35:01] REINICIO: sesión george recreada
[13:40:01] OK (respuesta enviada correctamente)
[13:45:01] OK (respuesta enviada correctamente)
[13:50:01] OK (respuesta enviada correctamente)
[13:55:01] OK (respuesta enviada correctamente)
[14:00:01] OK (respuesta enviada correctamente)
[14:05:01] OK (respuesta enviada correctamente)
[14:10:01] OK (respuesta enviada correctamente)
[14:15:01] OK (respuesta enviada correctamente)
[14:20:01] OK (respuesta enviada correctamente)
[14:25:02] OK (respuesta enviada correctamente)
[14:30:01] OK (respuesta enviada correctamente)
[14:35:01] OK (respuesta enviada correctamente)
[14:40:01] OK (respuesta enviada correctamente)
[14:45:01] OK (respuesta enviada correctamente)
[14:50:01] OK (respuesta enviada correctamente)
[14:55:01] OK (respuesta enviada correctamente)
[15:00:01] OK (respuesta enviada correctamente)
[15:05:01] OK (respuesta enviada correctamente)
[15:10:01] OK (respuesta enviada correctamente)
[15:15:01] OK (respuesta enviada correctamente)
[15:20:01] OK (respuesta enviada correctamente)
[15:25:01] OK (respuesta enviada correctamente)
[15:30:01] OK (respuesta enviada correctamente)
[15:35:01] OK (respuesta enviada correctamente)
[15:40:01] OK (respuesta enviada correctamente)
[15:45:01] OK (respuesta enviada correctamente)
[15:50:01] OK (respuesta enviada correctamente)
[15:55:01] OK (respuesta enviada correctamente)
[16:00:01] OK (respuesta enviada correctamente)
[16:05:01] OK (respuesta enviada correctamente)
[16:10:01] OK (respuesta enviada correctamente)
[16:15:01] OK (respuesta enviada correctamente)
[16:20:01] OK (respuesta enviada correctamente)
[16:25:01] OK (respuesta enviada correctamente)
[16:30:01] OK (respuesta enviada correctamente)
[16:35:01] OK (respuesta enviada correctamente)
[16:40:01] OK (respuesta enviada correctamente)
[16:45:01] OK (respuesta enviada correctamente)
[16:50:01] OK (respuesta enviada correctamente)
[16:55:01] OK (respuesta enviada correctamente)
[17:00:01] OK (respuesta enviada correctamente)
[17:05:01] OK (respuesta enviada correctamente)
[17:10:01] OK (respuesta enviada correctamente)
[17:15:01] OK (respuesta enviada correctamente)
[17:20:01] OK (respuesta enviada correctamente)
[17:25:01] OK (respuesta enviada correctamente)
[17:30:01] REINICIO: mensaje sin respuesta hace 4 min — reiniciando sesión george
[17:30:01] REINICIO: sesión george recreada
[17:35:01] REINICIO: mensaje sin respuesta hace 9 min — reiniciando sesión george
[17:35:01] REINICIO: sesión george recreada
[17:40:01] OK (respuesta enviada correctamente)
[17:45:01] OK (respuesta enviada correctamente)
[17:50:01] OK (respuesta enviada correctamente)
[17:55:01] OK (respuesta enviada correctamente)
[18:00:01] OK (respuesta enviada correctamente)
[18:05:01] OK (respuesta enviada correctamente)
[18:10:01] OK (respuesta enviada correctamente)
[18:15:01] OK (mensaje hace 1 min, dentro del límite)
[18:20:01] REINICIO: mensaje sin respuesta hace 4 min — reiniciando sesión george
[18:20:01] REINICIO: sesión george recreada
[18:25:01] REINICIO: mensaje sin respuesta hace 9 min — reiniciando sesión george
[18:25:01] REINICIO: sesión george recreada
[18:30:01] REINICIO: mensaje sin respuesta hace 14 min — reiniciando sesión george
[18:30:01] REINICIO: sesión george recreada
[18:35:01] OK (respuesta enviada correctamente)
[18:40:01] OK (respuesta enviada correctamente)
[18:45:01] OK (respuesta enviada correctamente)
[18:50:01] OK (respuesta enviada correctamente)
[18:55:01] OK (respuesta enviada correctamente)
[19:00:01] OK (respuesta enviada correctamente)
[19:05:01] OK (respuesta enviada correctamente)
[19:10:01] OK (respuesta enviada correctamente)
[19:15:01] OK (respuesta enviada correctamente)
[19:20:01] OK (respuesta enviada correctamente)
[19:25:01] OK (respuesta enviada correctamente)
[19:30:01] OK (respuesta enviada correctamente)
[19:35:01] OK (respuesta enviada correctamente)
[19:40:01] OK (respuesta enviada correctamente)
[19:45:01] OK (respuesta enviada correctamente)
[19:50:01] OK (respuesta enviada correctamente)
[19:55:01] OK (respuesta enviada correctamente)
[20:00:01] OK (respuesta enviada correctamente)
[20:05:01] OK (respuesta enviada correctamente)
[20:10:01] OK (mensaje hace 2 min, dentro del límite)
[20:15:01] REINICIO: mensaje sin respuesta hace 7 min — reiniciando sesión george
[20:15:01] REINICIO: sesión george recreada
[20:20:01] REINICIO: mensaje sin respuesta hace 12 min — reiniciando sesión george
[20:20:01] REINICIO: sesión george recreada
[20:25:01] REINICIO: mensaje sin respuesta hace 17 min — reiniciando sesión george
[20:25:01] REINICIO: sesión george recreada
[20:30:01] OK (respuesta enviada correctamente)
[20:35:01] OK (respuesta enviada correctamente)
[20:40:01] OK (mensaje hace 1 min, dentro del límite)
[20:45:01] REINICIO: mensaje sin respuesta hace 6 min — reiniciando sesión george
[20:45:01] REINICIO: sesión george recreada
[20:50:01] REINICIO: mensaje sin respuesta hace 11 min — reiniciando sesión george
[20:50:01] REINICIO: sesión george recreada
[20:55:01] REINICIO: mensaje sin respuesta hace 16 min — reiniciando sesión george
[20:55:01] REINICIO: sesión george recreada
[21:00:01] REINICIO: mensaje sin respuesta hace 21 min — reiniciando sesión george
[21:00:01] REINICIO: sesión george recreada
[21:05:01] OK (respuesta enviada correctamente)
[21:10:01] OK (mensaje hace 1 min, dentro del límite)
[21:15:01] OK (respuesta enviada correctamente)
[21:20:01] OK (mensaje hace 1 min, dentro del límite)
[21:25:01] OK (respuesta enviada correctamente)
[21:30:01] OK (respuesta enviada correctamente)
[21:35:01] OK (respuesta enviada correctamente)
[21:40:01] OK (respuesta enviada correctamente)
[21:45:01] OK (respuesta enviada correctamente)
[21:50:01] OK (respuesta enviada correctamente)
[21:55:01] OK (respuesta enviada correctamente)
[22:00:02] OK (respuesta enviada correctamente)
[22:05:01] OK (respuesta enviada correctamente)
[22:10:01] OK (respuesta enviada correctamente)
[22:15:01] OK (respuesta enviada correctamente)
[22:20:01] OK (respuesta enviada correctamente)
[22:25:01] OK (respuesta enviada correctamente)
[22:30:01] OK (respuesta enviada correctamente)
[22:35:01] OK (respuesta enviada correctamente)
[22:40:01] OK (respuesta enviada correctamente)
[22:45:01] OK (respuesta enviada correctamente)
[22:50:01] OK (respuesta enviada correctamente)
[22:55:01] OK (respuesta enviada correctamente)
[23:00:02] OK (respuesta enviada correctamente)
[23:05:01] OK (respuesta enviada correctamente)
[23:10:01] OK (respuesta enviada correctamente)
[23:15:01] OK (respuesta enviada correctamente)
[23:20:01] OK (respuesta enviada correctamente)
[23:25:01] OK (respuesta enviada correctamente)
[23:30:01] OK (respuesta enviada correctamente)
[23:35:01] OK (respuesta enviada correctamente)
[23:40:01] OK (respuesta enviada correctamente)
[23:45:01] OK (respuesta enviada correctamente)
[23:50:01] OK (respuesta enviada correctamente)
[23:55:01] OK (respuesta enviada correctamente)
[00:00:02] OK (sin log hoy, sin mensajes pendientes)
[00:05:01] OK (sin log hoy, sin mensajes pendientes)
[00:10:01] OK (sin log hoy, sin mensajes pendientes)
[00:15:01] OK (sin log hoy, sin mensajes pendientes)
[00:20:01] OK (sin log hoy, sin mensajes pendientes)
[00:25:01] OK (sin log hoy, sin mensajes pendientes)
[00:30:01] OK (sin log hoy, sin mensajes pendientes)
[00:35:01] OK (sin log hoy, sin mensajes pendientes)
[00:40:01] OK (sin log hoy, sin mensajes pendientes)
[00:45:01] OK (sin log hoy, sin mensajes pendientes)
[00:50:01] OK (sin log hoy, sin mensajes pendientes)
[00:55:01] OK (sin log hoy, sin mensajes pendientes)
[01:00:01] OK (sin log hoy, sin mensajes pendientes)
[01:05:01] OK (sin log hoy, sin mensajes pendientes)
[01:10:02] OK (sin log hoy, sin mensajes pendientes)
[01:15:01] OK (sin log hoy, sin mensajes pendientes)
[01:20:01] OK (sin log hoy, sin mensajes pendientes)
[01:25:01] OK (sin log hoy, sin mensajes pendientes)
[01:30:01] OK (sin log hoy, sin mensajes pendientes)
[01:35:01] OK (sin log hoy, sin mensajes pendientes)
[01:40:01] OK (sin log hoy, sin mensajes pendientes)
[01:45:01] OK (sin log hoy, sin mensajes pendientes)
[01:50:01] OK (sin log hoy, sin mensajes pendientes)
[01:55:01] OK (sin log hoy, sin mensajes pendientes)
[02:00:01] OK (sin log hoy, sin mensajes pendientes)
[02:05:01] OK (sin log hoy, sin mensajes pendientes)
[02:10:01] OK (sin log hoy, sin mensajes pendientes)
[02:15:01] OK (sin log hoy, sin mensajes pendientes)
[02:20:01] OK (sin log hoy, sin mensajes pendientes)
[02:25:01] OK (sin log hoy, sin mensajes pendientes)
[02:30:01] OK (sin log hoy, sin mensajes pendientes)
[02:35:01] OK (sin log hoy, sin mensajes pendientes)
[02:40:01] OK (sin log hoy, sin mensajes pendientes)
[02:45:01] OK (sin log hoy, sin mensajes pendientes)
[02:50:01] OK (sin log hoy, sin mensajes pendientes)
[02:55:01] OK (sin log hoy, sin mensajes pendientes)
[03:00:01] OK (sin log hoy, sin mensajes pendientes)
[03:05:01] OK (sin log hoy, sin mensajes pendientes)
[03:10:01] OK (sin log hoy, sin mensajes pendientes)
[03:15:02] OK (sin log hoy, sin mensajes pendientes)
[03:20:01] OK (sin log hoy, sin mensajes pendientes)
[03:25:01] OK (sin log hoy, sin mensajes pendientes)
[03:30:01] OK (sin log hoy, sin mensajes pendientes)
[03:35:01] OK (sin log hoy, sin mensajes pendientes)
[03:40:01] OK (sin log hoy, sin mensajes pendientes)
[03:45:01] OK (sin log hoy, sin mensajes pendientes)
[03:50:01] OK (sin log hoy, sin mensajes pendientes)
[03:55:01] OK (sin log hoy, sin mensajes pendientes)
[04:00:01] OK (sin log hoy, sin mensajes pendientes)
[04:05:01] OK (sin log hoy, sin mensajes pendientes)
[04:10:01] OK (sin log hoy, sin mensajes pendientes)
[04:15:01] OK (sin log hoy, sin mensajes pendientes)
[04:20:01] OK (sin log hoy, sin mensajes pendientes)
[04:25:01] OK (sin log hoy, sin mensajes pendientes)
[04:30:01] OK (sin log hoy, sin mensajes pendientes)
[04:35:01] OK (sin log hoy, sin mensajes pendientes)
[04:40:01] OK (sin log hoy, sin mensajes pendientes)
[04:45:01] OK (sin log hoy, sin mensajes pendientes)
[04:50:01] OK (sin log hoy, sin mensajes pendientes)
[04:55:01] OK (sin log hoy, sin mensajes pendientes)
[05:00:01] OK (sin log hoy, sin mensajes pendientes)
[05:05:01] OK (sin log hoy, sin mensajes pendientes)
[05:10:01] OK (sin log hoy, sin mensajes pendientes)
[05:15:01] OK (sin log hoy, sin mensajes pendientes)
[05:20:01] OK (sin log hoy, sin mensajes pendientes)
[05:25:01] OK (sin log hoy, sin mensajes pendientes)
[05:30:01] OK (sin log hoy, sin mensajes pendientes)
[05:35:01] OK (sin log hoy, sin mensajes pendientes)
[05:40:01] OK (sin log hoy, sin mensajes pendientes)
[05:45:01] OK (sin log hoy, sin mensajes pendientes)
[05:50:01] OK (sin log hoy, sin mensajes pendientes)
[05:55:01] OK (sin log hoy, sin mensajes pendientes)
[06:00:01] OK (sin log hoy, sin mensajes pendientes)
[06:05:01] OK (sin log hoy, sin mensajes pendientes)
[06:10:01] OK (sin log hoy, sin mensajes pendientes)
[06:15:01] OK (sin log hoy, sin mensajes pendientes)
[06:20:01] OK (sin log hoy, sin mensajes pendientes)
[06:25:01] OK (respuesta enviada correctamente)
[06:30:01] OK (respuesta enviada correctamente)
[06:35:02] OK (respuesta enviada correctamente)
[06:40:01] OK (mensaje hace 2 min, dentro del límite)
[06:45:01] OK (respuesta enviada correctamente)
[06:50:01] OK (respuesta enviada correctamente)
[06:55:01] OK (respuesta enviada correctamente)
[07:00:01] OK (respuesta enviada correctamente)
[07:05:01] OK (respuesta enviada correctamente)
[07:10:01] OK (respuesta enviada correctamente)
[07:15:01] OK (respuesta enviada correctamente)
[07:20:01] OK (respuesta enviada correctamente)
[07:25:01] OK (respuesta enviada correctamente)
[07:30:01] OK (respuesta enviada correctamente)
[07:35:01] OK (respuesta enviada correctamente)
[07:40:01] OK (respuesta enviada correctamente)
[07:45:01] OK (respuesta enviada correctamente)
[07:50:01] OK (respuesta enviada correctamente)
[07:55:01] OK (respuesta enviada correctamente)
[08:00:01] OK (respuesta enviada correctamente)
[08:05:01] OK (respuesta enviada correctamente)
[08:10:02] OK (respuesta enviada correctamente)
[08:15:01] OK (respuesta enviada correctamente)
[08:20:01] OK (respuesta enviada correctamente)
[08:25:01] OK (respuesta enviada correctamente)
[08:30:01] OK (respuesta enviada correctamente)
[08:35:01] OK (respuesta enviada correctamente)
[08:40:01] OK (respuesta enviada correctamente)
[08:45:01] OK (respuesta enviada correctamente)
[08:50:01] OK (respuesta enviada correctamente)
[08:55:01] OK (respuesta enviada correctamente)
[09:00:01] OK (respuesta enviada correctamente)
[09:05:01] OK (respuesta enviada correctamente)
[09:10:01] OK (respuesta enviada correctamente)
[09:15:01] OK (respuesta enviada correctamente)
[09:20:01] OK (respuesta enviada correctamente)
[09:25:01] OK (respuesta enviada correctamente)
[09:30:01] OK (respuesta enviada correctamente)
[09:35:01] OK (respuesta enviada correctamente)
[09:40:01] OK (respuesta enviada correctamente)
[09:45:01] OK (respuesta enviada correctamente)
[09:50:01] OK (respuesta enviada correctamente)
[09:55:01] OK (respuesta enviada correctamente)
[10:00:01] OK (respuesta enviada correctamente)
[10:05:01] OK (respuesta enviada correctamente)
[10:10:01] OK (respuesta enviada correctamente)
[10:15:01] OK (respuesta enviada correctamente)
[10:20:02] OK (respuesta enviada correctamente)
[10:25:01] OK (respuesta enviada correctamente)
[10:30:01] OK (respuesta enviada correctamente)
[10:35:01] OK (respuesta enviada correctamente)
[10:40:01] OK (respuesta enviada correctamente)
[10:45:01] OK (respuesta enviada correctamente)
[10:50:01] OK (respuesta enviada correctamente)
[10:55:01] OK (respuesta enviada correctamente)
[11:00:01] OK (respuesta enviada correctamente)
[11:05:01] OK (respuesta enviada correctamente)
[11:10:01] OK (respuesta enviada correctamente)
[11:15:01] OK (respuesta enviada correctamente)
[11:20:01] OK (respuesta enviada correctamente)
[11:25:01] OK (respuesta enviada correctamente)
[11:30:01] OK (respuesta enviada correctamente)
[11:35:01] OK (respuesta enviada correctamente)
[11:40:01] OK (respuesta enviada correctamente)
[11:45:01] OK (respuesta enviada correctamente)
[11:50:01] OK (respuesta enviada correctamente)
[11:55:01] OK (respuesta enviada correctamente)
[12:00:01] OK (respuesta enviada correctamente)
[12:05:01] OK (respuesta enviada correctamente)
[12:10:01] OK (respuesta enviada correctamente)
[12:15:01] OK (mensaje hace 3 min, dentro del límite)
[12:20:01] REINICIO: mensaje sin respuesta hace 8 min — reiniciando sesión george
[12:20:01] REINICIO: sesión george recreada
[12:25:01] OK (respuesta enviada correctamente)
[12:30:01] OK (respuesta enviada correctamente)
[12:35:01] REINICIO: mensaje sin respuesta hace 4 min — reiniciando sesión george
[12:35:01] REINICIO: sesión george recreada
[12:40:01] REINICIO: mensaje sin respuesta hace 9 min — reiniciando sesión george
[12:40:01] REINICIO: sesión george recreada
[12:45:01] REINICIO: mensaje sin respuesta hace 14 min — reiniciando sesión george
[12:45:01] REINICIO: sesión george recreada
[12:50:01] REINICIO: mensaje sin respuesta hace 19 min — reiniciando sesión george
[12:50:01] REINICIO: sesión george recreada
[12:55:01] REINICIO: mensaje sin respuesta hace 24 min — reiniciando sesión george
[12:55:01] REINICIO: sesión george recreada
[13:00:01] OK (respuesta enviada correctamente)
[13:05:01] OK (respuesta enviada correctamente)
[13:10:01] OK (respuesta enviada correctamente)
[13:15:01] OK (respuesta enviada correctamente)
[13:20:01] OK (respuesta enviada correctamente)
[13:25:01] OK (respuesta enviada correctamente)
[13:30:01] OK (respuesta enviada correctamente)
[13:35:01] OK (respuesta enviada correctamente)
[13:40:01] OK (respuesta enviada correctamente)
[13:45:01] OK (mensaje hace 1 min, dentro del límite)
[13:50:01] OK (respuesta enviada correctamente)
[13:55:01] OK (respuesta enviada correctamente)
[14:00:01] OK (respuesta enviada correctamente)
[14:05:01] OK (respuesta enviada correctamente)
[14:10:01] OK (respuesta enviada correctamente)
[14:15:02] OK (respuesta enviada correctamente)
[14:20:01] OK (respuesta enviada correctamente)
[14:25:01] OK (respuesta enviada correctamente)
[14:30:01] OK (respuesta enviada correctamente)
[14:35:01] OK (respuesta enviada correctamente)
[14:40:01] OK (respuesta enviada correctamente)
[14:45:01] OK (respuesta enviada correctamente)
[14:50:01] OK (respuesta enviada correctamente)
[14:55:01] OK (respuesta enviada correctamente)
[15:00:01] OK (respuesta enviada correctamente)
[15:05:01] OK (respuesta enviada correctamente)
[15:10:01] OK (respuesta enviada correctamente)
[15:15:01] OK (respuesta enviada correctamente)
[15:20:01] OK (respuesta enviada correctamente)
[15:25:01] OK (respuesta enviada correctamente)
[15:30:01] OK (respuesta enviada correctamente)
[15:35:01] OK (respuesta enviada correctamente)
[15:40:01] OK (respuesta enviada correctamente)
[15:45:01] OK (respuesta enviada correctamente)
[15:50:01] OK (respuesta enviada correctamente)
[15:55:01] OK (respuesta enviada correctamente)
[16:00:01] OK (respuesta enviada correctamente)
[16:05:01] OK (respuesta enviada correctamente)
[16:10:01] OK (respuesta enviada correctamente)
[16:15:02] OK (respuesta enviada correctamente)
[16:20:01] OK (respuesta enviada correctamente)
[16:25:01] OK (respuesta enviada correctamente)
[16:30:01] OK (respuesta enviada correctamente)
[16:35:01] OK (respuesta enviada correctamente)
[16:40:01] OK (respuesta enviada correctamente)
[16:45:01] OK (respuesta enviada correctamente)
[16:50:01] OK (respuesta enviada correctamente)
[16:55:01] OK (respuesta enviada correctamente)
[17:00:01] OK (respuesta enviada correctamente)
[17:05:01] OK (respuesta enviada correctamente)
[17:10:01] OK (respuesta enviada correctamente)
[17:15:01] OK (respuesta enviada correctamente)
[17:20:01] OK (respuesta enviada correctamente)
[17:25:01] OK (respuesta enviada correctamente)
[17:30:01] OK (respuesta enviada correctamente)
[17:35:01] OK (respuesta enviada correctamente)
[17:40:01] OK (respuesta enviada correctamente)
[17:45:01] OK (respuesta enviada correctamente)
[17:50:01] OK (respuesta enviada correctamente)
[17:55:01] OK (respuesta enviada correctamente)
[18:00:01] OK (respuesta enviada correctamente)
[18:05:01] OK (respuesta enviada correctamente)
[18:10:01] OK (respuesta enviada correctamente)
[18:15:01] OK (respuesta enviada correctamente)
[18:20:01] OK (respuesta enviada correctamente)
[18:25:01] OK (respuesta enviada correctamente)
[18:30:01] OK (respuesta enviada correctamente)
[18:35:01] REINICIO: mensaje sin respuesta hace 5 min — reiniciando sesión george
[18:35:01] REINICIO: sesión george recreada
[18:40:01] OK (respuesta enviada correctamente)
[18:45:01] OK (respuesta enviada correctamente)
[18:50:01] OK (respuesta enviada correctamente)
[18:55:01] OK (respuesta enviada correctamente)
[19:00:01] OK (respuesta enviada correctamente)
[19:05:02] OK (respuesta enviada correctamente)
[19:10:01] OK (respuesta enviada correctamente)
[19:15:01] OK (respuesta enviada correctamente)
[19:20:01] OK (respuesta enviada correctamente)
[19:25:01] OK (respuesta enviada correctamente)
[19:30:01] OK (respuesta enviada correctamente)
[19:35:01] OK (respuesta enviada correctamente)
[19:40:01] OK (respuesta enviada correctamente)
[19:45:01] OK (mensaje hace 1 min, dentro del límite)
[19:50:01] REINICIO: mensaje sin respuesta hace 6 min — reiniciando sesión george
[19:50:01] REINICIO: sesión george recreada
[19:55:01] REINICIO: mensaje sin respuesta hace 11 min — reiniciando sesión george
[19:55:01] REINICIO: sesión george recreada
[20:00:02] REINICIO: mensaje sin respuesta hace 16 min — reiniciando sesión george
[20:00:02] REINICIO: sesión george recreada
[20:05:01] REINICIO: mensaje sin respuesta hace 21 min — reiniciando sesión george
[20:05:01] REINICIO: sesión george recreada
[20:10:01] REINICIO: mensaje sin respuesta hace 26 min — reiniciando sesión george
[20:10:01] REINICIO: sesión george recreada
[20:15:01] REINICIO: mensaje sin respuesta hace 31 min — reiniciando sesión george
[20:15:01] REINICIO: sesión george recreada
[20:20:01] REINICIO: mensaje sin respuesta hace 36 min — reiniciando sesión george
[20:20:01] REINICIO: sesión george recreada
[20:25:01] OK (respuesta enviada correctamente)
[20:30:01] OK (respuesta enviada correctamente)
[20:35:01] OK (respuesta enviada correctamente)
[20:40:01] OK (respuesta enviada correctamente)
[20:45:01] OK (respuesta enviada correctamente)
[20:50:01] OK (respuesta enviada correctamente)
[20:55:01] OK (respuesta enviada correctamente)
[21:00:01] OK (respuesta enviada correctamente)
[21:05:01] OK (respuesta enviada correctamente)
[21:10:01] OK (respuesta enviada correctamente)
[21:15:01] OK (respuesta enviada correctamente)
[21:20:01] OK (respuesta enviada correctamente)
[21:25:01] OK (respuesta enviada correctamente)
[21:30:01] OK (respuesta enviada correctamente)
[21:35:01] OK (respuesta enviada correctamente)
[21:40:01] OK (respuesta enviada correctamente)
[21:45:01] OK (respuesta enviada correctamente)
[21:50:01] OK (respuesta enviada correctamente)
[21:55:01] OK (respuesta enviada correctamente)
[22:00:01] OK (respuesta enviada correctamente)
[22:05:01] OK (respuesta enviada correctamente)
[22:10:01] OK (respuesta enviada correctamente)
[22:15:01] OK (respuesta enviada correctamente)
[22:20:01] OK (respuesta enviada correctamente)
[22:25:01] OK (respuesta enviada correctamente)
[22:30:01] OK (respuesta enviada correctamente)
[22:35:01] OK (respuesta enviada correctamente)
[22:40:01] OK (mensaje hace 1 min, dentro del límite)
[22:45:01] OK (respuesta enviada correctamente)
[22:50:01] OK (respuesta enviada correctamente)
[22:55:02] OK (respuesta enviada correctamente)
[23:00:01] OK (respuesta enviada correctamente)
[23:05:01] OK (respuesta enviada correctamente)
[23:10:01] OK (respuesta enviada correctamente)
[23:15:01] OK (respuesta enviada correctamente)
[23:20:01] OK (respuesta enviada correctamente)
[23:25:01] OK (respuesta enviada correctamente)
[23:30:01] OK (respuesta enviada correctamente)
[23:35:01] OK (respuesta enviada correctamente)
[23:40:01] OK (respuesta enviada correctamente)
[23:45:01] OK (respuesta enviada correctamente)
[23:50:01] OK (respuesta enviada correctamente)
[23:55:02] OK (respuesta enviada correctamente)
[00:00:01] OK (sin log hoy, sin mensajes pendientes)
[00:05:01] OK (sin log hoy, sin mensajes pendientes)
[00:10:01] OK (sin log hoy, sin mensajes pendientes)
[00:15:01] OK (sin log hoy, sin mensajes pendientes)
[00:20:01] OK (sin log hoy, sin mensajes pendientes)
[00:25:01] OK (sin log hoy, sin mensajes pendientes)
[00:30:01] OK (sin log hoy, sin mensajes pendientes)
[00:35:01] OK (sin log hoy, sin mensajes pendientes)
[00:40:01] OK (sin log hoy, sin mensajes pendientes)
[00:45:01] OK (sin log hoy, sin mensajes pendientes)
[00:50:01] OK (sin log hoy, sin mensajes pendientes)
[00:55:01] OK (sin log hoy, sin mensajes pendientes)
[01:00:01] OK (sin log hoy, sin mensajes pendientes)
[01:05:01] OK (sin log hoy, sin mensajes pendientes)
[01:10:01] OK (sin log hoy, sin mensajes pendientes)
[01:15:01] OK (sin log hoy, sin mensajes pendientes)
[01:20:01] OK (sin log hoy, sin mensajes pendientes)
[01:25:01] OK (sin log hoy, sin mensajes pendientes)
[01:30:01] OK (sin log hoy, sin mensajes pendientes)
[01:35:01] OK (sin log hoy, sin mensajes pendientes)
[01:40:01] OK (sin log hoy, sin mensajes pendientes)
[01:45:01] OK (sin log hoy, sin mensajes pendientes)
[01:50:01] OK (sin log hoy, sin mensajes pendientes)
[01:55:01] OK (sin log hoy, sin mensajes pendientes)
[02:00:01] OK (sin log hoy, sin mensajes pendientes)
[02:05:01] OK (sin log hoy, sin mensajes pendientes)
[02:10:01] OK (sin log hoy, sin mensajes pendientes)
[02:15:01] OK (sin log hoy, sin mensajes pendientes)
[02:20:01] OK (sin log hoy, sin mensajes pendientes)
[02:25:01] OK (sin log hoy, sin mensajes pendientes)
[02:30:01] OK (sin log hoy, sin mensajes pendientes)
[02:35:01] OK (sin log hoy, sin mensajes pendientes)
[02:40:01] OK (sin log hoy, sin mensajes pendientes)
[02:45:01] OK (sin log hoy, sin mensajes pendientes)
[02:50:01] OK (sin log hoy, sin mensajes pendientes)
[02:55:01] OK (sin log hoy, sin mensajes pendientes)
[03:00:01] OK (sin log hoy, sin mensajes pendientes)
[03:05:01] OK (sin log hoy, sin mensajes pendientes)
[03:10:01] OK (sin log hoy, sin mensajes pendientes)
[03:15:01] OK (sin log hoy, sin mensajes pendientes)
[03:20:01] OK (sin log hoy, sin mensajes pendientes)
[03:25:01] OK (sin log hoy, sin mensajes pendientes)
[03:30:01] OK (sin log hoy, sin mensajes pendientes)
[03:35:01] OK (sin log hoy, sin mensajes pendientes)
[03:40:01] OK (sin log hoy, sin mensajes pendientes)
[03:45:01] OK (sin log hoy, sin mensajes pendientes)
[03:50:01] OK (sin log hoy, sin mensajes pendientes)
[03:55:01] OK (sin log hoy, sin mensajes pendientes)
[04:00:01] OK (sin log hoy, sin mensajes pendientes)
[04:05:01] OK (sin log hoy, sin mensajes pendientes)
[04:10:01] OK (sin log hoy, sin mensajes pendientes)
[04:15:01] OK (sin log hoy, sin mensajes pendientes)
[04:20:01] OK (sin log hoy, sin mensajes pendientes)
[04:25:01] OK (sin log hoy, sin mensajes pendientes)
[04:30:01] OK (sin log hoy, sin mensajes pendientes)
[04:35:01] OK (sin log hoy, sin mensajes pendientes)
[04:40:01] OK (sin log hoy, sin mensajes pendientes)
[04:45:01] OK (sin log hoy, sin mensajes pendientes)
[04:50:01] OK (sin log hoy, sin mensajes pendientes)
[04:55:01] OK (sin log hoy, sin mensajes pendientes)
[05:00:01] OK (sin log hoy, sin mensajes pendientes)
[05:05:01] OK (sin log hoy, sin mensajes pendientes)
[05:10:01] OK (sin log hoy, sin mensajes pendientes)
[05:15:01] OK (sin log hoy, sin mensajes pendientes)
[05:20:01] OK (sin log hoy, sin mensajes pendientes)
[05:25:02] OK (sin log hoy, sin mensajes pendientes)
[05:30:01] OK (sin log hoy, sin mensajes pendientes)
[05:35:01] OK (sin log hoy, sin mensajes pendientes)
[05:40:01] OK (sin log hoy, sin mensajes pendientes)
[05:45:01] OK (sin log hoy, sin mensajes pendientes)
[05:50:01] OK (sin mensajes del usuario hoy)
[05:55:01] OK (sin mensajes del usuario hoy)
[06:00:01] OK (sin mensajes del usuario hoy)
[06:05:01] OK (sin mensajes del usuario hoy)
[06:10:01] OK (sin mensajes del usuario hoy)
[06:15:01] OK (sin mensajes del usuario hoy)
[06:20:01] OK (respuesta enviada correctamente)
[06:25:01] OK (respuesta enviada correctamente)
[06:30:01] OK (respuesta enviada correctamente)
[06:35:01] OK (respuesta enviada correctamente)
[06:40:01] OK (respuesta enviada correctamente)
[06:45:02] OK (mensaje hace 2 min, dentro del límite)
[06:50:01] REINICIO: mensaje sin respuesta hace 7 min — reiniciando sesión george
[06:50:01] REINICIO: sesión george recreada
[06:55:01] REINICIO: mensaje sin respuesta hace 12 min — reiniciando sesión george
[06:55:01] REINICIO: sesión george recreada
[07:00:01] REINICIO: mensaje sin respuesta hace 17 min — reiniciando sesión george
[07:00:01] REINICIO: sesión george recreada
[07:05:01] REINICIO: mensaje sin respuesta hace 22 min — reiniciando sesión george
[07:05:01] REINICIO: sesión george recreada
[07:10:01] REINICIO: mensaje sin respuesta hace 27 min — reiniciando sesión george
[07:10:01] REINICIO: sesión george recreada
[07:15:01] REINICIO: mensaje sin respuesta hace 32 min — reiniciando sesión george
[07:15:01] REINICIO: sesión george recreada
[07:20:01] REINICIO: mensaje sin respuesta hace 37 min — reiniciando sesión george
[07:20:01] REINICIO: sesión george recreada
[07:25:01] OK (respuesta enviada correctamente)
[07:30:02] OK (respuesta enviada correctamente)
[07:35:01] OK (respuesta enviada correctamente)
[07:40:01] OK (respuesta enviada correctamente)
[07:45:01] OK (respuesta enviada correctamente)
[07:50:01] OK (respuesta enviada correctamente)
[07:55:01] OK (respuesta enviada correctamente)
[08:00:01] OK (respuesta enviada correctamente)
[08:05:01] OK (respuesta enviada correctamente)
[08:10:01] OK (mensaje hace 1 min, dentro del límite)
[08:15:01] OK (mensaje hace 2 min, dentro del límite)
[08:20:01] REINICIO: mensaje sin respuesta hace 7 min — reiniciando sesión george
[08:20:01] REINICIO: sesión george recreada
[08:25:01] REINICIO: mensaje sin respuesta hace 12 min — reiniciando sesión george
[08:25:01] REINICIO: sesión george recreada
[08:30:01] REINICIO: mensaje sin respuesta hace 17 min — reiniciando sesión george
[08:30:01] REINICIO: sesión george recreada
[08:35:01] REINICIO: mensaje sin respuesta hace 22 min — reiniciando sesión george
[08:35:01] REINICIO: sesión george recreada
[08:40:01] REINICIO: mensaje sin respuesta hace 27 min — reiniciando sesión george
[08:40:01] REINICIO: sesión george recreada
[08:45:01] OK (respuesta enviada correctamente)
[08:50:01] OK (respuesta enviada correctamente)
[08:55:01] OK (respuesta enviada correctamente)
[09:00:01] OK (respuesta enviada correctamente)
[09:05:01] OK (respuesta enviada correctamente)
[09:10:01] OK (respuesta enviada correctamente)
[09:15:01] OK (respuesta enviada correctamente)
[09:20:01] OK (respuesta enviada correctamente)
[09:25:01] OK (respuesta enviada correctamente)
[09:30:01] OK (respuesta enviada correctamente)
[09:35:01] OK (respuesta enviada correctamente)
[09:40:01] OK (respuesta enviada correctamente)
[09:45:01] OK (respuesta enviada correctamente)
[09:50:01] OK (respuesta enviada correctamente)
[09:55:01] OK (respuesta enviada correctamente)
[10:00:01] OK (respuesta enviada correctamente)
[10:05:01] OK (respuesta enviada correctamente)
[10:10:01] OK (respuesta enviada correctamente)
[10:15:01] OK (respuesta enviada correctamente)
[10:20:01] OK (respuesta enviada correctamente)
[10:25:01] OK (respuesta enviada correctamente)
[10:30:01] OK (respuesta enviada correctamente)
[10:35:01] OK (respuesta enviada correctamente)
[10:40:01] OK (respuesta enviada correctamente)
[10:45:01] OK (mensaje hace 2 min, dentro del límite)
[10:50:02] OK (respuesta enviada correctamente)
[10:55:01] OK (respuesta enviada correctamente)
[11:00:01] OK (respuesta enviada correctamente)
[11:05:01] OK (respuesta enviada correctamente)
[11:10:01] OK (respuesta enviada correctamente)
[11:15:01] OK (mensaje hace 1 min, dentro del límite)
[11:20:01] OK (respuesta enviada correctamente)
[11:25:01] OK (respuesta enviada correctamente)
[11:30:01] REINICIO: mensaje sin respuesta hace 4 min — reiniciando sesión george
[11:30:01] REINICIO: sesión george recreada
[11:35:02] OK (respuesta enviada correctamente)
[11:40:01] OK (respuesta enviada correctamente)
[11:45:01] OK (respuesta enviada correctamente)
[11:50:01] OK (respuesta enviada correctamente)
[11:55:01] OK (respuesta enviada correctamente)
[12:00:01] OK (mensaje hace 2 min, dentro del límite)
[12:05:01] REINICIO: mensaje sin respuesta hace 7 min — reiniciando sesión george
[12:05:01] REINICIO: sesión george recreada
[12:10:01] REINICIO: mensaje sin respuesta hace 12 min — reiniciando sesión george
[12:10:01] REINICIO: sesión george recreada
[12:15:01] REINICIO: mensaje sin respuesta hace 17 min — reiniciando sesión george
[12:15:01] REINICIO: sesión george recreada
[12:20:01] REINICIO: mensaje sin respuesta hace 22 min — reiniciando sesión george
[12:20:01] REINICIO: sesión george recreada
[12:25:01] REINICIO: mensaje sin respuesta hace 27 min — reiniciando sesión george
[12:25:01] REINICIO: sesión george recreada
[12:30:01] REINICIO: mensaje sin respuesta hace 32 min — reiniciando sesión george
[12:30:01] REINICIO: sesión george recreada
[12:35:01] REINICIO: mensaje sin respuesta hace 37 min — reiniciando sesión george
[12:35:01] REINICIO: sesión george recreada
[12:40:01] REINICIO: mensaje sin respuesta hace 42 min — reiniciando sesión george
[12:40:01] REINICIO: sesión george recreada
[12:45:01] REINICIO: mensaje sin respuesta hace 47 min — reiniciando sesión george
[12:45:01] REINICIO: sesión george recreada
[12:50:01] REINICIO: mensaje sin respuesta hace 52 min — reiniciando sesión george
[12:50:01] REINICIO: sesión george recreada
[12:55:01] REINICIO: mensaje sin respuesta hace 57 min — reiniciando sesión george
[12:55:01] REINICIO: sesión george recreada
[13:00:01] REINICIO: mensaje sin respuesta hace 62 min — reiniciando sesión george
[13:00:01] REINICIO: sesión george recreada
[13:05:01] REINICIO: mensaje sin respuesta hace 67 min — reiniciando sesión george
[13:05:01] REINICIO: sesión george recreada
[13:10:01] REINICIO: mensaje sin respuesta hace 72 min — reiniciando sesión george
[13:10:01] REINICIO: sesión george recreada
[13:15:01] REINICIO: mensaje sin respuesta hace 77 min — reiniciando sesión george
[13:15:01] REINICIO: sesión george recreada
[13:20:01] REINICIO: mensaje sin respuesta hace 82 min — reiniciando sesión george
[13:20:01] REINICIO: sesión george recreada
[13:25:01] REINICIO: mensaje sin respuesta hace 87 min — reiniciando sesión george
[13:25:01] REINICIO: sesión george recreada
[13:30:01] REINICIO: mensaje sin respuesta hace 92 min — reiniciando sesión george
[13:30:01] REINICIO: sesión george recreada
[13:35:01] REINICIO: mensaje sin respuesta hace 97 min — reiniciando sesión george
[13:35:01] REINICIO: sesión george recreada
[13:40:01] REINICIO: mensaje sin respuesta hace 102 min — reiniciando sesión george
[13:40:01] REINICIO: sesión george recreada
[13:45:01] REINICIO: mensaje sin respuesta hace 107 min — reiniciando sesión george
[13:45:01] REINICIO: sesión george recreada
[13:50:01] REINICIO: mensaje sin respuesta hace 112 min — reiniciando sesión george
[13:50:01] REINICIO: sesión george recreada
[13:55:01] REINICIO: mensaje sin respuesta hace 117 min — reiniciando sesión george
[13:55:01] REINICIO: sesión george recreada
[14:00:01] REINICIO: mensaje sin respuesta hace 122 min — reiniciando sesión george
[14:00:01] REINICIO: sesión george recreada
[14:05:01] REINICIO: mensaje sin respuesta hace 127 min — reiniciando sesión george
[14:05:01] REINICIO: sesión george recreada
[14:10:02] REINICIO: mensaje sin respuesta hace 132 min — reiniciando sesión george
[14:10:02] REINICIO: sesión george recreada
[14:15:01] REINICIO: mensaje sin respuesta hace 137 min — reiniciando sesión george
[14:15:01] REINICIO: sesión george recreada
[14:20:01] REINICIO: mensaje sin respuesta hace 142 min — reiniciando sesión george
[14:20:01] REINICIO: sesión george recreada
[14:25:01] REINICIO: mensaje sin respuesta hace 147 min — reiniciando sesión george
[14:25:01] REINICIO: sesión george recreada
[14:30:01] REINICIO: mensaje sin respuesta hace 152 min — reiniciando sesión george
[14:30:01] REINICIO: sesión george recreada
[14:35:01] REINICIO: mensaje sin respuesta hace 157 min — reiniciando sesión george
[14:35:01] REINICIO: sesión george recreada
[14:40:01] REINICIO: mensaje sin respuesta hace 162 min — reiniciando sesión george
[14:40:01] REINICIO: sesión george recreada
[14:45:01] REINICIO: mensaje sin respuesta hace 167 min — reiniciando sesión george
[14:45:01] REINICIO: sesión george recreada
[14:50:01] REINICIO: mensaje sin respuesta hace 172 min — reiniciando sesión george
[14:50:01] REINICIO: sesión george recreada
[14:55:02] REINICIO: mensaje sin respuesta hace 177 min — reiniciando sesión george
[14:55:02] REINICIO: sesión george recreada
[15:00:01] REINICIO: mensaje sin respuesta hace 182 min — reiniciando sesión george
[15:00:01] REINICIO: sesión george recreada
[15:05:01] REINICIO: mensaje sin respuesta hace 187 min — reiniciando sesión george
[15:05:01] REINICIO: sesión george recreada
[15:10:01] REINICIO: mensaje sin respuesta hace 192 min — reiniciando sesión george
[15:10:01] REINICIO: sesión george recreada
[15:15:01] REINICIO: mensaje sin respuesta hace 197 min — reiniciando sesión george
[15:15:01] REINICIO: sesión george recreada
[15:20:01] REINICIO: mensaje sin respuesta hace 202 min — reiniciando sesión george
[15:20:01] REINICIO: sesión george recreada
[15:25:01] REINICIO: mensaje sin respuesta hace 207 min — reiniciando sesión george
[15:25:01] REINICIO: sesión george recreada
[15:30:01] REINICIO: mensaje sin respuesta hace 212 min — reiniciando sesión george
[15:30:01] REINICIO: sesión george recreada
[15:35:01] REINICIO: mensaje sin respuesta hace 217 min — reiniciando sesión george
[15:35:01] REINICIO: sesión george recreada
[15:40:01] REINICIO: mensaje sin respuesta hace 222 min — reiniciando sesión george
[15:40:01] REINICIO: sesión george recreada
[15:45:01] REINICIO: mensaje sin respuesta hace 227 min — reiniciando sesión george
[15:45:01] REINICIO: sesión george recreada
[15:50:01] REINICIO: mensaje sin respuesta hace 232 min — reiniciando sesión george
[15:50:01] REINICIO: sesión george recreada
[15:55:01] REINICIO: mensaje sin respuesta hace 237 min — reiniciando sesión george
[15:55:01] REINICIO: sesión george recreada
[16:00:01] REINICIO: mensaje sin respuesta hace 242 min — reiniciando sesión george
[16:00:01] REINICIO: sesión george recreada
[16:05:01] REINICIO: mensaje sin respuesta hace 247 min — reiniciando sesión george
[16:05:01] REINICIO: sesión george recreada
[16:10:01] REINICIO: mensaje sin respuesta hace 252 min — reiniciando sesión george
[16:10:01] REINICIO: sesión george recreada
[16:15:01] REINICIO: mensaje sin respuesta hace 257 min — reiniciando sesión george
[16:15:01] REINICIO: sesión george recreada
[16:20:01] REINICIO: mensaje sin respuesta hace 262 min — reiniciando sesión george
[16:20:01] REINICIO: sesión george recreada
[16:25:01] REINICIO: mensaje sin respuesta hace 267 min — reiniciando sesión george
[16:25:01] REINICIO: sesión george recreada
[16:30:01] REINICIO: mensaje sin respuesta hace 272 min — reiniciando sesión george
[16:30:01] REINICIO: sesión george recreada
[16:35:01] REINICIO: mensaje sin respuesta hace 277 min — reiniciando sesión george
[16:35:01] REINICIO: sesión george recreada
[16:40:01] REINICIO: mensaje sin respuesta hace 282 min — reiniciando sesión george
[16:40:01] REINICIO: sesión george recreada
[16:45:01] REINICIO: mensaje sin respuesta hace 287 min — reiniciando sesión george
[16:45:01] REINICIO: sesión george recreada
[16:50:01] REINICIO: mensaje sin respuesta hace 292 min — reiniciando sesión george
[16:50:01] REINICIO: sesión george recreada
[16:55:01] REINICIO: mensaje sin respuesta hace 297 min — reiniciando sesión george
[16:55:01] REINICIO: sesión george recreada
[17:00:01] REINICIO: mensaje sin respuesta hace 302 min — reiniciando sesión george
[17:00:01] REINICIO: sesión george recreada
[17:05:01] REINICIO: mensaje sin respuesta hace 307 min — reiniciando sesión george
[17:05:01] REINICIO: sesión george recreada
[17:10:01] REINICIO: mensaje sin respuesta hace 312 min — reiniciando sesión george
[17:10:01] REINICIO: sesión george recreada
[17:15:01] REINICIO: mensaje sin respuesta hace 317 min — reiniciando sesión george
[17:15:01] REINICIO: sesión george recreada
[17:20:01] REINICIO: mensaje sin respuesta hace 322 min — reiniciando sesión george
[17:20:01] REINICIO: sesión george recreada
[17:25:01] REINICIO: mensaje sin respuesta hace 327 min — reiniciando sesión george
[17:25:01] REINICIO: sesión george recreada
[17:30:01] REINICIO: mensaje sin respuesta hace 332 min — reiniciando sesión george
[17:30:01] REINICIO: sesión george recreada
[17:35:01] REINICIO: mensaje sin respuesta hace 337 min — reiniciando sesión george
[17:35:01] REINICIO: sesión george recreada
[17:40:01] REINICIO: mensaje sin respuesta hace 342 min — reiniciando sesión george
[17:40:01] REINICIO: sesión george recreada
[17:45:01] REINICIO: mensaje sin respuesta hace 347 min — reiniciando sesión george
[17:45:01] REINICIO: sesión george recreada
[17:50:01] REINICIO: mensaje sin respuesta hace 352 min — reiniciando sesión george
[17:50:01] REINICIO: sesión george recreada
[17:55:01] REINICIO: mensaje sin respuesta hace 357 min — reiniciando sesión george
[17:55:01] REINICIO: sesión george recreada
[18:00:01] REINICIO: mensaje sin respuesta hace 362 min — reiniciando sesión george
[18:00:01] REINICIO: sesión george recreada
[18:05:01] REINICIO: mensaje sin respuesta hace 367 min — reiniciando sesión george
[18:05:01] REINICIO: sesión george recreada
[18:10:01] REINICIO: mensaje sin respuesta hace 372 min — reiniciando sesión george
[18:10:01] REINICIO: sesión george recreada
[18:15:01] REINICIO: mensaje sin respuesta hace 377 min — reiniciando sesión george
[18:15:01] REINICIO: sesión george recreada
[18:20:01] REINICIO: mensaje sin respuesta hace 382 min — reiniciando sesión george
[18:20:01] REINICIO: sesión george recreada
[18:25:01] REINICIO: mensaje sin respuesta hace 387 min — reiniciando sesión george
[18:25:01] REINICIO: sesión george recreada
[18:30:02] REINICIO: mensaje sin respuesta hace 392 min — reiniciando sesión george
[18:30:02] REINICIO: sesión george recreada
[18:35:01] REINICIO: mensaje sin respuesta hace 397 min — reiniciando sesión george
[18:35:01] REINICIO: sesión george recreada
[18:40:01] REINICIO: mensaje sin respuesta hace 402 min — reiniciando sesión george
[18:40:01] REINICIO: sesión george recreada
[18:45:01] REINICIO: mensaje sin respuesta hace 407 min — reiniciando sesión george
[18:45:01] REINICIO: sesión george recreada
[18:50:01] REINICIO: mensaje sin respuesta hace 412 min — reiniciando sesión george
[18:50:01] REINICIO: sesión george recreada
[18:55:01] REINICIO: mensaje sin respuesta hace 417 min — reiniciando sesión george
[18:55:01] REINICIO: sesión george recreada
[19:00:01] REINICIO: mensaje sin respuesta hace 422 min — reiniciando sesión george
[19:00:01] REINICIO: sesión george recreada
[19:05:01] REINICIO: mensaje sin respuesta hace 427 min — reiniciando sesión george
[19:05:01] REINICIO: sesión george recreada
[19:10:01] REINICIO: mensaje sin respuesta hace 432 min — reiniciando sesión george
[19:10:01] REINICIO: sesión george recreada
[19:15:02] REINICIO: mensaje sin respuesta hace 437 min — reiniciando sesión george
[19:15:02] REINICIO: sesión george recreada
[19:20:01] REINICIO: mensaje sin respuesta hace 442 min — reiniciando sesión george
[19:20:01] REINICIO: sesión george recreada
[19:25:01] REINICIO: mensaje sin respuesta hace 447 min — reiniciando sesión george
[19:25:01] REINICIO: sesión george recreada
[19:30:01] REINICIO: mensaje sin respuesta hace 452 min — reiniciando sesión george
[19:30:01] REINICIO: sesión george recreada
[19:35:01] REINICIO: mensaje sin respuesta hace 457 min — reiniciando sesión george
[19:35:01] REINICIO: sesión george recreada
[19:40:01] REINICIO: mensaje sin respuesta hace 462 min — reiniciando sesión george
[19:40:01] REINICIO: sesión george recreada
[19:45:01] REINICIO: mensaje sin respuesta hace 467 min — reiniciando sesión george
[19:45:01] REINICIO: sesión george recreada
[19:50:01] REINICIO: mensaje sin respuesta hace 472 min — reiniciando sesión george
[19:50:01] REINICIO: sesión george recreada
[19:55:01] REINICIO: mensaje sin respuesta hace 477 min — reiniciando sesión george
[19:55:01] REINICIO: sesión george recreada
[20:00:01] REINICIO: mensaje sin respuesta hace 482 min — reiniciando sesión george
[20:00:01] REINICIO: sesión george recreada
[20:05:01] REINICIO: mensaje sin respuesta hace 487 min — reiniciando sesión george
[20:05:01] REINICIO: sesión george recreada
[20:10:01] REINICIO: mensaje sin respuesta hace 492 min — reiniciando sesión george
[20:10:01] REINICIO: sesión george recreada
[20:15:01] REINICIO: mensaje sin respuesta hace 497 min — reiniciando sesión george
[20:15:01] REINICIO: sesión george recreada
[20:20:01] REINICIO: mensaje sin respuesta hace 502 min — reiniciando sesión george
[20:20:01] REINICIO: sesión george recreada
[20:25:01] REINICIO: mensaje sin respuesta hace 507 min — reiniciando sesión george
[20:25:01] REINICIO: sesión george recreada
[20:30:01] REINICIO: mensaje sin respuesta hace 512 min — reiniciando sesión george
[20:30:01] REINICIO: sesión george recreada
[20:35:01] REINICIO: mensaje sin respuesta hace 517 min — reiniciando sesión george
[20:35:01] REINICIO: sesión george recreada
[20:40:01] REINICIO: mensaje sin respuesta hace 522 min — reiniciando sesión george
[20:40:01] REINICIO: sesión george recreada
[20:45:01] REINICIO: mensaje sin respuesta hace 527 min — reiniciando sesión george
[20:45:01] REINICIO: sesión george recreada
[20:50:01] REINICIO: mensaje sin respuesta hace 532 min — reiniciando sesión george
[20:50:01] REINICIO: sesión george recreada
[20:55:01] REINICIO: mensaje sin respuesta hace 537 min — reiniciando sesión george
[20:55:01] REINICIO: sesión george recreada
[21:00:01] REINICIO: mensaje sin respuesta hace 542 min — reiniciando sesión george
[21:00:01] REINICIO: sesión george recreada
[21:05:01] REINICIO: mensaje sin respuesta hace 547 min — reiniciando sesión george
[21:05:01] REINICIO: sesión george recreada
[21:10:01] REINICIO: mensaje sin respuesta hace 552 min — reiniciando sesión george
[21:10:01] REINICIO: sesión george recreada
[21:15:01] REINICIO: mensaje sin respuesta hace 557 min — reiniciando sesión george
[21:15:01] REINICIO: sesión george recreada
[21:20:01] REINICIO: mensaje sin respuesta hace 562 min — reiniciando sesión george
[21:20:01] REINICIO: sesión george recreada
[21:25:01] REINICIO: mensaje sin respuesta hace 567 min — reiniciando sesión george
[21:25:01] REINICIO: sesión george recreada
[21:30:01] REINICIO: mensaje sin respuesta hace 572 min — reiniciando sesión george
[21:30:01] REINICIO: sesión george recreada
[21:35:01] REINICIO: mensaje sin respuesta hace 577 min — reiniciando sesión george
[21:35:01] REINICIO: sesión george recreada
[21:40:01] REINICIO: mensaje sin respuesta hace 582 min — reiniciando sesión george
[21:40:01] REINICIO: sesión george recreada
[21:45:01] REINICIO: mensaje sin respuesta hace 587 min — reiniciando sesión george
[21:45:01] REINICIO: sesión george recreada
[21:50:01] REINICIO: mensaje sin respuesta hace 592 min — reiniciando sesión george
[21:50:01] REINICIO: sesión george recreada
[21:55:01] REINICIO: mensaje sin respuesta hace 597 min — reiniciando sesión george
[21:55:01] REINICIO: sesión george recreada
[22:00:01] REINICIO: mensaje sin respuesta hace 602 min — reiniciando sesión george
[22:00:01] REINICIO: sesión george recreada
[22:05:01] REINICIO: mensaje sin respuesta hace 607 min — reiniciando sesión george
[22:05:01] REINICIO: sesión george recreada
[22:10:01] REINICIO: mensaje sin respuesta hace 612 min — reiniciando sesión george
[22:10:01] REINICIO: sesión george recreada
[22:15:01] REINICIO: mensaje sin respuesta hace 617 min — reiniciando sesión george
[22:15:01] REINICIO: sesión george recreada
[22:20:01] REINICIO: mensaje sin respuesta hace 622 min — reiniciando sesión george
[22:20:01] REINICIO: sesión george recreada
[22:25:01] REINICIO: mensaje sin respuesta hace 627 min — reiniciando sesión george
[22:25:01] REINICIO: sesión george recreada
[22:30:01] REINICIO: mensaje sin respuesta hace 632 min — reiniciando sesión george
[22:30:01] REINICIO: sesión george recreada
[22:35:01] REINICIO: mensaje sin respuesta hace 637 min — reiniciando sesión george
[22:35:01] REINICIO: sesión george recreada
[22:40:01] REINICIO: mensaje sin respuesta hace 642 min — reiniciando sesión george
[22:40:01] REINICIO: sesión george recreada
[22:45:01] REINICIO: mensaje sin respuesta hace 647 min — reiniciando sesión george
[22:45:01] REINICIO: sesión george recreada
[22:50:01] REINICIO: mensaje sin respuesta hace 652 min — reiniciando sesión george
[22:50:01] REINICIO: sesión george recreada
[22:55:01] REINICIO: mensaje sin respuesta hace 657 min — reiniciando sesión george
[22:55:01] REINICIO: sesión george recreada
[23:00:01] REINICIO: mensaje sin respuesta hace 662 min — reiniciando sesión george
[23:00:01] REINICIO: sesión george recreada
[23:05:01] REINICIO: mensaje sin respuesta hace 667 min — reiniciando sesión george
[23:05:01] REINICIO: sesión george recreada
[23:10:01] REINICIO: mensaje sin respuesta hace 672 min — reiniciando sesión george
[23:10:01] REINICIO: sesión george recreada
[23:15:01] REINICIO: mensaje sin respuesta hace 677 min — reiniciando sesión george
[23:15:01] REINICIO: sesión george recreada
[23:20:01] REINICIO: mensaje sin respuesta hace 682 min — reiniciando sesión george
[23:20:01] REINICIO: sesión george recreada
[23:25:01] REINICIO: mensaje sin respuesta hace 687 min — reiniciando sesión george
[23:25:01] REINICIO: sesión george recreada
[23:30:01] REINICIO: mensaje sin respuesta hace 692 min — reiniciando sesión george
[23:30:01] REINICIO: sesión george recreada
[23:35:01] REINICIO: mensaje sin respuesta hace 697 min — reiniciando sesión george
[23:35:01] REINICIO: sesión george recreada
[23:40:01] REINICIO: mensaje sin respuesta hace 702 min — reiniciando sesión george
[23:40:01] REINICIO: sesión george recreada
[23:45:01] REINICIO: mensaje sin respuesta hace 707 min — reiniciando sesión george
[23:45:01] REINICIO: sesión george recreada
[23:50:01] REINICIO: mensaje sin respuesta hace 712 min — reiniciando sesión george
[23:50:01] REINICIO: sesión george recreada
[23:55:01] REINICIO: mensaje sin respuesta hace 717 min — reiniciando sesión george
[23:55:01] REINICIO: sesión george recreada
[00:00:01] OK (sin log hoy, sin mensajes pendientes)
[00:05:01] OK (sin log hoy, sin mensajes pendientes)
[00:10:01] OK (sin log hoy, sin mensajes pendientes)
[00:15:01] OK (sin log hoy, sin mensajes pendientes)
[00:20:01] OK (sin log hoy, sin mensajes pendientes)
[00:25:01] OK (sin log hoy, sin mensajes pendientes)
[00:30:01] OK (sin log hoy, sin mensajes pendientes)
[00:35:01] OK (sin log hoy, sin mensajes pendientes)
[00:40:01] OK (sin log hoy, sin mensajes pendientes)
[00:45:01] OK (sin log hoy, sin mensajes pendientes)
[00:50:01] OK (sin log hoy, sin mensajes pendientes)
[00:55:01] OK (sin log hoy, sin mensajes pendientes)
[01:00:01] OK (sin log hoy, sin mensajes pendientes)
[01:05:01] OK (sin log hoy, sin mensajes pendientes)
[01:10:01] OK (sin log hoy, sin mensajes pendientes)
[01:15:01] OK (sin log hoy, sin mensajes pendientes)
[01:20:01] OK (sin log hoy, sin mensajes pendientes)
[01:25:01] OK (sin log hoy, sin mensajes pendientes)
[01:30:01] OK (sin log hoy, sin mensajes pendientes)
[01:35:01] OK (sin log hoy, sin mensajes pendientes)
[01:40:01] OK (sin log hoy, sin mensajes pendientes)
[01:45:01] OK (sin log hoy, sin mensajes pendientes)
[01:50:01] OK (sin log hoy, sin mensajes pendientes)
[01:55:01] OK (sin log hoy, sin mensajes pendientes)
[02:00:01] OK (sin log hoy, sin mensajes pendientes)
[02:05:01] OK (sin log hoy, sin mensajes pendientes)
[02:10:01] OK (sin log hoy, sin mensajes pendientes)
[02:15:01] OK (sin log hoy, sin mensajes pendientes)
[02:20:01] OK (sin log hoy, sin mensajes pendientes)
[02:25:01] OK (sin log hoy, sin mensajes pendientes)
[02:30:01] OK (sin log hoy, sin mensajes pendientes)
[02:35:01] OK (sin log hoy, sin mensajes pendientes)
[02:40:01] OK (sin log hoy, sin mensajes pendientes)
[02:45:01] OK (sin log hoy, sin mensajes pendientes)
[02:50:01] OK (sin log hoy, sin mensajes pendientes)
[02:55:01] OK (sin log hoy, sin mensajes pendientes)
[03:00:01] OK (sin log hoy, sin mensajes pendientes)
[03:05:01] OK (sin log hoy, sin mensajes pendientes)
[03:10:01] OK (sin log hoy, sin mensajes pendientes)
[03:15:01] OK (sin log hoy, sin mensajes pendientes)
[03:20:01] OK (sin log hoy, sin mensajes pendientes)
[03:25:01] OK (sin log hoy, sin mensajes pendientes)
[03:30:01] OK (sin log hoy, sin mensajes pendientes)
[03:35:01] OK (sin log hoy, sin mensajes pendientes)
[03:40:01] OK (sin log hoy, sin mensajes pendientes)
[03:45:01] OK (sin log hoy, sin mensajes pendientes)
[03:50:01] OK (sin log hoy, sin mensajes pendientes)
[03:55:01] OK (sin log hoy, sin mensajes pendientes)
[04:00:01] OK (sin log hoy, sin mensajes pendientes)
[04:05:01] OK (sin log hoy, sin mensajes pendientes)
[04:10:01] OK (sin log hoy, sin mensajes pendientes)
[04:15:01] OK (sin log hoy, sin mensajes pendientes)
[04:20:01] OK (sin log hoy, sin mensajes pendientes)
[04:25:01] OK (sin log hoy, sin mensajes pendientes)
[04:30:01] OK (sin log hoy, sin mensajes pendientes)
[04:35:01] OK (sin log hoy, sin mensajes pendientes)
[04:40:01] OK (sin log hoy, sin mensajes pendientes)
[04:45:01] OK (sin log hoy, sin mensajes pendientes)
[04:50:01] OK (sin log hoy, sin mensajes pendientes)
[04:55:01] OK (sin log hoy, sin mensajes pendientes)
[05:00:02] OK (sin log hoy, sin mensajes pendientes)
[05:05:01] OK (sin log hoy, sin mensajes pendientes)
[05:10:01] OK (sin log hoy, sin mensajes pendientes)
[05:15:01] OK (sin log hoy, sin mensajes pendientes)
[05:20:01] OK (sin log hoy, sin mensajes pendientes)
[05:25:02] OK (sin log hoy, sin mensajes pendientes)
[05:30:01] OK (sin log hoy, sin mensajes pendientes)
[05:35:01] OK (sin log hoy, sin mensajes pendientes)
[05:40:01] OK (sin log hoy, sin mensajes pendientes)
[05:45:01] OK (sin log hoy, sin mensajes pendientes)
[05:50:01] OK (sin log hoy, sin mensajes pendientes)
[05:55:01] OK (sin log hoy, sin mensajes pendientes)
[06:00:01] OK (sin log hoy, sin mensajes pendientes)
[06:05:01] OK (sin log hoy, sin mensajes pendientes)
[06:10:01] OK (sin log hoy, sin mensajes pendientes)
[06:15:01] OK (sin log hoy, sin mensajes pendientes)
[06:20:01] OK (sin log hoy, sin mensajes pendientes)
[06:25:01] OK (sin log hoy, sin mensajes pendientes)
[06:30:01] OK (sin log hoy, sin mensajes pendientes)
[06:35:01] OK (sin log hoy, sin mensajes pendientes)
[06:40:01] OK (sin log hoy, sin mensajes pendientes)
[06:45:01] OK (sin log hoy, sin mensajes pendientes)
[06:50:01] OK (sin log hoy, sin mensajes pendientes)
[06:55:01] OK (sin log hoy, sin mensajes pendientes)
[07:00:01] OK (sin log hoy, sin mensajes pendientes)
[07:05:01] OK (sin log hoy, sin mensajes pendientes)
[07:10:01] OK (sin log hoy, sin mensajes pendientes)
[07:15:01] OK (sin log hoy, sin mensajes pendientes)
[07:20:01] OK (sin log hoy, sin mensajes pendientes)
[07:25:01] OK (sin log hoy, sin mensajes pendientes)
[07:30:01] OK (sin log hoy, sin mensajes pendientes)
[07:35:01] OK (sin log hoy, sin mensajes pendientes)
[07:40:01] OK (sin log hoy, sin mensajes pendientes)
[07:45:01] OK (sin log hoy, sin mensajes pendientes)
[07:50:01] OK (sin log hoy, sin mensajes pendientes)
[07:55:01] OK (sin log hoy, sin mensajes pendientes)
[08:00:02] OK (sin log hoy, sin mensajes pendientes)
[08:05:01] OK (sin log hoy, sin mensajes pendientes)
[08:10:01] OK (sin log hoy, sin mensajes pendientes)
[08:15:01] OK (sin log hoy, sin mensajes pendientes)
[08:20:01] OK (mensaje hace 2 min, dentro del límite)
[08:25:01] REINICIO: mensaje sin respuesta hace 7 min — reiniciando sesión george
[08:25:01] REINICIO: sesión george recreada
[08:30:01] REINICIO: mensaje sin respuesta hace 12 min — reiniciando sesión george
[08:30:01] REINICIO: sesión george recreada
[08:35:01] REINICIO: mensaje sin respuesta hace 17 min — reiniciando sesión george
[08:35:01] REINICIO: sesión george recreada
[08:40:01] REINICIO: mensaje sin respuesta hace 22 min — reiniciando sesión george
[08:40:01] REINICIO: sesión george recreada
[08:45:01] REINICIO: mensaje sin respuesta hace 27 min — reiniciando sesión george
[08:45:01] REINICIO: sesión george recreada
[08:50:01] REINICIO: mensaje sin respuesta hace 32 min — reiniciando sesión george
[08:50:01] REINICIO: sesión george recreada
[08:55:01] REINICIO: mensaje sin respuesta hace 37 min — reiniciando sesión george
[08:55:01] REINICIO: sesión george recreada
[09:00:01] REINICIO: mensaje sin respuesta hace 42 min — reiniciando sesión george
[09:00:01] REINICIO: sesión george recreada
[09:05:01] REINICIO: mensaje sin respuesta hace 47 min — reiniciando sesión george
[09:05:01] REINICIO: sesión george recreada
[09:10:01] REINICIO: mensaje sin respuesta hace 52 min — reiniciando sesión george
[09:10:01] REINICIO: sesión george recreada
[09:15:01] REINICIO: mensaje sin respuesta hace 57 min — reiniciando sesión george
[09:15:01] REINICIO: sesión george recreada
[09:20:01] REINICIO: mensaje sin respuesta hace 62 min — reiniciando sesión george
[09:20:01] REINICIO: sesión george recreada
[09:25:01] REINICIO: mensaje sin respuesta hace 67 min — reiniciando sesión george
[09:25:01] REINICIO: sesión george recreada
[09:30:01] REINICIO: mensaje sin respuesta hace 72 min — reiniciando sesión george
[09:30:01] REINICIO: sesión george recreada
[09:35:01] REINICIO: mensaje sin respuesta hace 77 min — reiniciando sesión george
[09:35:01] REINICIO: sesión george recreada
[09:40:01] REINICIO: mensaje sin respuesta hace 82 min — reiniciando sesión george
[09:40:01] REINICIO: sesión george recreada
[09:45:01] REINICIO: mensaje sin respuesta hace 87 min — reiniciando sesión george
[09:45:01] REINICIO: sesión george recreada
[09:50:01] REINICIO: mensaje sin respuesta hace 92 min — reiniciando sesión george
[09:50:01] REINICIO: sesión george recreada
[09:55:01] REINICIO: mensaje sin respuesta hace 97 min — reiniciando sesión george
[09:55:01] REINICIO: sesión george recreada
[10:00:01] REINICIO: mensaje sin respuesta hace 102 min — reiniciando sesión george
[10:00:01] REINICIO: sesión george recreada
[10:05:01] REINICIO: mensaje sin respuesta hace 107 min — reiniciando sesión george
[10:05:01] REINICIO: sesión george recreada
[10:10:01] REINICIO: mensaje sin respuesta hace 112 min — reiniciando sesión george
[10:10:01] REINICIO: sesión george recreada
[10:15:01] REINICIO: mensaje sin respuesta hace 117 min — reiniciando sesión george
[10:15:01] REINICIO: sesión george recreada
[10:20:01] REINICIO: mensaje sin respuesta hace 122 min — reiniciando sesión george
[10:20:01] REINICIO: sesión george recreada
[10:25:01] REINICIO: mensaje sin respuesta hace 127 min — reiniciando sesión george
[10:25:01] REINICIO: sesión george recreada
[10:30:01] REINICIO: mensaje sin respuesta hace 132 min — reiniciando sesión george
[10:30:01] REINICIO: sesión george recreada
[10:35:01] REINICIO: mensaje sin respuesta hace 137 min — reiniciando sesión george
[10:35:01] REINICIO: sesión george recreada
[10:40:01] REINICIO: mensaje sin respuesta hace 142 min — reiniciando sesión george
[10:40:01] REINICIO: sesión george recreada
[10:45:01] REINICIO: mensaje sin respuesta hace 147 min — reiniciando sesión george
[10:45:01] REINICIO: sesión george recreada
[10:50:01] REINICIO: mensaje sin respuesta hace 152 min — reiniciando sesión george
[10:50:01] REINICIO: sesión george recreada
[10:55:01] REINICIO: mensaje sin respuesta hace 157 min — reiniciando sesión george
[10:55:01] REINICIO: sesión george recreada
[11:00:01] REINICIO: mensaje sin respuesta hace 162 min — reiniciando sesión george
[11:00:01] REINICIO: sesión george recreada
[11:05:01] REINICIO: mensaje sin respuesta hace 167 min — reiniciando sesión george
[11:05:01] REINICIO: sesión george recreada
[11:10:01] REINICIO: mensaje sin respuesta hace 172 min — reiniciando sesión george
[11:10:01] REINICIO: sesión george recreada
[11:15:01] REINICIO: mensaje sin respuesta hace 177 min — reiniciando sesión george
[11:15:01] REINICIO: sesión george recreada
[11:20:01] REINICIO: mensaje sin respuesta hace 182 min — reiniciando sesión george
[11:20:01] REINICIO: sesión george recreada
[11:25:01] REINICIO: mensaje sin respuesta hace 187 min — reiniciando sesión george
[11:25:01] REINICIO: sesión george recreada
[11:30:01] REINICIO: mensaje sin respuesta hace 192 min — reiniciando sesión george
[11:30:01] REINICIO: sesión george recreada
[11:35:01] REINICIO: mensaje sin respuesta hace 197 min — reiniciando sesión george
[11:35:01] REINICIO: sesión george recreada
[11:40:01] REINICIO: mensaje sin respuesta hace 202 min — reiniciando sesión george
[11:40:01] REINICIO: sesión george recreada
[11:45:01] REINICIO: mensaje sin respuesta hace 207 min — reiniciando sesión george
[11:45:01] REINICIO: sesión george recreada
[11:50:01] REINICIO: mensaje sin respuesta hace 212 min — reiniciando sesión george
[11:50:01] REINICIO: sesión george recreada
[11:55:01] REINICIO: mensaje sin respuesta hace 217 min — reiniciando sesión george
[11:55:01] REINICIO: sesión george recreada
[12:00:02] REINICIO: mensaje sin respuesta hace 222 min — reiniciando sesión george
[12:00:02] REINICIO: sesión george recreada
[12:05:01] REINICIO: mensaje sin respuesta hace 227 min — reiniciando sesión george
[12:05:01] REINICIO: sesión george recreada
[12:10:01] REINICIO: mensaje sin respuesta hace 232 min — reiniciando sesión george
[12:10:01] REINICIO: sesión george recreada
[12:15:01] REINICIO: mensaje sin respuesta hace 237 min — reiniciando sesión george
[12:15:01] REINICIO: sesión george recreada
[12:20:01] REINICIO: mensaje sin respuesta hace 242 min — reiniciando sesión george
[12:20:01] REINICIO: sesión george recreada
[12:25:01] REINICIO: mensaje sin respuesta hace 247 min — reiniciando sesión george
[12:25:01] REINICIO: sesión george recreada
[12:30:01] REINICIO: mensaje sin respuesta hace 252 min — reiniciando sesión george
[12:30:01] REINICIO: sesión george recreada
[12:35:01] REINICIO: mensaje sin respuesta hace 257 min — reiniciando sesión george
[12:35:01] REINICIO: sesión george recreada
[12:40:01] REINICIO: mensaje sin respuesta hace 262 min — reiniciando sesión george
[12:40:01] REINICIO: sesión george recreada
[12:45:01] REINICIO: mensaje sin respuesta hace 267 min — reiniciando sesión george
[12:45:01] REINICIO: sesión george recreada
[12:50:01] REINICIO: mensaje sin respuesta hace 272 min — reiniciando sesión george
[12:50:01] REINICIO: sesión george recreada
[12:55:01] REINICIO: mensaje sin respuesta hace 277 min — reiniciando sesión george
[12:55:01] REINICIO: sesión george recreada
[13:00:01] REINICIO: mensaje sin respuesta hace 282 min — reiniciando sesión george
[13:00:01] REINICIO: sesión george recreada
[13:05:01] REINICIO: mensaje sin respuesta hace 287 min — reiniciando sesión george
[13:05:01] REINICIO: sesión george recreada
[13:10:01] REINICIO: mensaje sin respuesta hace 292 min — reiniciando sesión george
[13:10:01] REINICIO: sesión george recreada
[13:15:01] REINICIO: mensaje sin respuesta hace 297 min — reiniciando sesión george
[13:15:01] REINICIO: sesión george recreada
[13:20:01] REINICIO: mensaje sin respuesta hace 302 min — reiniciando sesión george
[13:20:01] REINICIO: sesión george recreada
[13:25:01] REINICIO: mensaje sin respuesta hace 307 min — reiniciando sesión george
[13:25:01] REINICIO: sesión george recreada
[13:30:01] REINICIO: mensaje sin respuesta hace 312 min — reiniciando sesión george
[13:30:01] REINICIO: sesión george recreada
[13:35:01] REINICIO: mensaje sin respuesta hace 317 min — reiniciando sesión george
[13:35:01] REINICIO: sesión george recreada
[13:40:01] REINICIO: mensaje sin respuesta hace 322 min — reiniciando sesión george
[13:40:01] REINICIO: sesión george recreada
[13:45:01] REINICIO: mensaje sin respuesta hace 327 min — reiniciando sesión george
[13:45:01] REINICIO: sesión george recreada
[13:50:01] REINICIO: mensaje sin respuesta hace 332 min — reiniciando sesión george
[13:50:01] REINICIO: sesión george recreada
[13:55:01] REINICIO: mensaje sin respuesta hace 337 min — reiniciando sesión george
[13:55:01] REINICIO: sesión george recreada
[14:00:01] REINICIO: mensaje sin respuesta hace 342 min — reiniciando sesión george
[14:00:01] REINICIO: sesión george recreada
[14:05:01] REINICIO: mensaje sin respuesta hace 347 min — reiniciando sesión george
[14:05:01] REINICIO: sesión george recreada
[14:10:01] REINICIO: mensaje sin respuesta hace 352 min — reiniciando sesión george
[14:10:01] REINICIO: sesión george recreada
[14:15:01] REINICIO: mensaje sin respuesta hace 357 min — reiniciando sesión george
[14:15:01] REINICIO: sesión george recreada
[14:20:01] REINICIO: mensaje sin respuesta hace 362 min — reiniciando sesión george
[14:20:01] REINICIO: sesión george recreada
[14:25:01] REINICIO: mensaje sin respuesta hace 367 min — reiniciando sesión george
[14:25:01] REINICIO: sesión george recreada
[14:30:01] REINICIO: mensaje sin respuesta hace 372 min — reiniciando sesión george
[14:30:01] REINICIO: sesión george recreada
[14:35:01] REINICIO: mensaje sin respuesta hace 377 min — reiniciando sesión george
[14:35:01] REINICIO: sesión george recreada
[14:40:01] REINICIO: mensaje sin respuesta hace 382 min — reiniciando sesión george
[14:40:01] REINICIO: sesión george recreada
[14:45:01] REINICIO: mensaje sin respuesta hace 387 min — reiniciando sesión george
[14:45:01] REINICIO: sesión george recreada
[14:50:01] REINICIO: mensaje sin respuesta hace 392 min — reiniciando sesión george
[14:50:01] REINICIO: sesión george recreada
[14:55:01] REINICIO: mensaje sin respuesta hace 397 min — reiniciando sesión george
[14:55:01] REINICIO: sesión george recreada
[15:00:01] REINICIO: mensaje sin respuesta hace 402 min — reiniciando sesión george
[15:00:01] REINICIO: sesión george recreada
[15:05:01] REINICIO: mensaje sin respuesta hace 407 min — reiniciando sesión george
[15:05:01] REINICIO: sesión george recreada
[15:10:02] REINICIO: mensaje sin respuesta hace 412 min — reiniciando sesión george
[15:10:02] REINICIO: sesión george recreada
[15:15:01] REINICIO: mensaje sin respuesta hace 417 min — reiniciando sesión george
[15:15:01] REINICIO: sesión george recreada
[15:20:01] REINICIO: mensaje sin respuesta hace 422 min — reiniciando sesión george
[15:20:01] REINICIO: sesión george recreada
[15:25:01] REINICIO: mensaje sin respuesta hace 427 min — reiniciando sesión george
[15:25:01] REINICIO: sesión george recreada
[15:30:01] REINICIO: mensaje sin respuesta hace 432 min — reiniciando sesión george
[15:30:01] REINICIO: sesión george recreada
[15:35:01] REINICIO: mensaje sin respuesta hace 437 min — reiniciando sesión george
[15:35:01] REINICIO: sesión george recreada
[15:40:01] REINICIO: mensaje sin respuesta hace 442 min — reiniciando sesión george
[15:40:01] REINICIO: sesión george recreada
[15:45:01] REINICIO: mensaje sin respuesta hace 447 min — reiniciando sesión george
[15:45:01] REINICIO: sesión george recreada
[15:50:01] REINICIO: mensaje sin respuesta hace 452 min — reiniciando sesión george
[15:50:01] REINICIO: sesión george recreada
[15:55:01] REINICIO: mensaje sin respuesta hace 457 min — reiniciando sesión george
[15:55:01] REINICIO: sesión george recreada
[16:00:01] REINICIO: mensaje sin respuesta hace 462 min — reiniciando sesión george
[16:00:01] REINICIO: sesión george recreada
[16:05:01] REINICIO: mensaje sin respuesta hace 467 min — reiniciando sesión george
[16:05:01] REINICIO: sesión george recreada
[16:10:01] REINICIO: mensaje sin respuesta hace 472 min — reiniciando sesión george
[16:10:01] REINICIO: sesión george recreada
[16:15:01] REINICIO: mensaje sin respuesta hace 477 min — reiniciando sesión george
[16:15:01] REINICIO: sesión george recreada
[16:20:01] REINICIO: mensaje sin respuesta hace 482 min — reiniciando sesión george
[16:20:01] REINICIO: sesión george recreada
[16:25:01] REINICIO: mensaje sin respuesta hace 487 min — reiniciando sesión george
[16:25:01] REINICIO: sesión george recreada
[16:30:01] REINICIO: mensaje sin respuesta hace 492 min — reiniciando sesión george
[16:30:01] REINICIO: sesión george recreada
[16:35:01] REINICIO: mensaje sin respuesta hace 497 min — reiniciando sesión george
[16:35:01] REINICIO: sesión george recreada
[16:40:01] REINICIO: mensaje sin respuesta hace 502 min — reiniciando sesión george
[16:40:01] REINICIO: sesión george recreada
[16:45:01] REINICIO: mensaje sin respuesta hace 507 min — reiniciando sesión george
[16:45:01] REINICIO: sesión george recreada
[16:50:01] REINICIO: mensaje sin respuesta hace 512 min — reiniciando sesión george
[16:50:01] REINICIO: sesión george recreada
[16:55:01] REINICIO: mensaje sin respuesta hace 517 min — reiniciando sesión george
[16:55:01] REINICIO: sesión george recreada
[17:00:01] REINICIO: mensaje sin respuesta hace 522 min — reiniciando sesión george
[17:00:01] REINICIO: sesión george recreada
[17:05:01] REINICIO: mensaje sin respuesta hace 527 min — reiniciando sesión george
[17:05:01] REINICIO: sesión george recreada
[17:10:01] REINICIO: mensaje sin respuesta hace 532 min — reiniciando sesión george
[17:10:01] REINICIO: sesión george recreada
[17:15:01] REINICIO: mensaje sin respuesta hace 537 min — reiniciando sesión george
[17:15:01] REINICIO: sesión george recreada
[17:20:01] REINICIO: mensaje sin respuesta hace 542 min — reiniciando sesión george
[17:20:01] REINICIO: sesión george recreada
[17:25:02] REINICIO: mensaje sin respuesta hace 547 min — reiniciando sesión george
[17:25:02] REINICIO: sesión george recreada
[17:30:01] REINICIO: mensaje sin respuesta hace 552 min — reiniciando sesión george
[17:30:01] REINICIO: sesión george recreada
[17:35:01] REINICIO: mensaje sin respuesta hace 557 min — reiniciando sesión george
[17:35:01] REINICIO: sesión george recreada
[17:40:01] REINICIO: mensaje sin respuesta hace 562 min — reiniciando sesión george
[17:40:01] REINICIO: sesión george recreada
[17:45:01] REINICIO: mensaje sin respuesta hace 567 min — reiniciando sesión george
[17:45:01] REINICIO: sesión george recreada
[17:50:01] REINICIO: mensaje sin respuesta hace 572 min — reiniciando sesión george
[17:50:01] REINICIO: sesión george recreada
[17:55:01] REINICIO: mensaje sin respuesta hace 577 min — reiniciando sesión george
[17:55:01] REINICIO: sesión george recreada
[18:00:01] REINICIO: mensaje sin respuesta hace 582 min — reiniciando sesión george
[18:00:01] REINICIO: sesión george recreada
[18:05:01] REINICIO: mensaje sin respuesta hace 587 min — reiniciando sesión george
[18:05:01] REINICIO: sesión george recreada
[18:10:01] REINICIO: mensaje sin respuesta hace 592 min — reiniciando sesión george
[18:10:01] REINICIO: sesión george recreada
[18:15:01] REINICIO: mensaje sin respuesta hace 597 min — reiniciando sesión george
[18:15:01] REINICIO: sesión george recreada
[18:20:01] REINICIO: mensaje sin respuesta hace 602 min — reiniciando sesión george
[18:20:01] REINICIO: sesión george recreada
[18:25:01] REINICIO: mensaje sin respuesta hace 607 min — reiniciando sesión george
[18:25:01] REINICIO: sesión george recreada
[18:30:01] REINICIO: mensaje sin respuesta hace 612 min — reiniciando sesión george
[18:30:01] REINICIO: sesión george recreada
[18:35:01] REINICIO: mensaje sin respuesta hace 617 min — reiniciando sesión george
[18:35:01] REINICIO: sesión george recreada
[18:40:01] REINICIO: mensaje sin respuesta hace 622 min — reiniciando sesión george
[18:40:01] REINICIO: sesión george recreada
[18:45:01] REINICIO: mensaje sin respuesta hace 627 min — reiniciando sesión george
[18:45:01] REINICIO: sesión george recreada
[18:50:01] REINICIO: mensaje sin respuesta hace 632 min — reiniciando sesión george
[18:50:01] REINICIO: sesión george recreada
[18:55:01] REINICIO: mensaje sin respuesta hace 637 min — reiniciando sesión george
[18:55:01] REINICIO: sesión george recreada
[19:00:01] REINICIO: mensaje sin respuesta hace 642 min — reiniciando sesión george
[19:00:01] REINICIO: sesión george recreada
[19:05:01] REINICIO: mensaje sin respuesta hace 647 min — reiniciando sesión george
[19:05:01] REINICIO: sesión george recreada
[19:10:01] REINICIO: mensaje sin respuesta hace 652 min — reiniciando sesión george
[19:10:01] REINICIO: sesión george recreada
[19:15:01] REINICIO: mensaje sin respuesta hace 657 min — reiniciando sesión george
[19:15:01] REINICIO: sesión george recreada
[19:20:01] REINICIO: mensaje sin respuesta hace 662 min — reiniciando sesión george
[19:20:01] REINICIO: sesión george recreada
[19:25:01] ALERTA: sesión tmux 'george' no encontrada — reiniciando
[19:25:01] REINICIO: sesión george creada
[19:30:01] OK (respuesta enviada correctamente)
[19:35:01] ALERTA: sesión tmux 'george' no encontrada — reiniciando
[19:35:01] REINICIO: sesión george creada
[19:40:01] OK (respuesta enviada correctamente)
[19:45:01] REINICIO: mensaje sin respuesta hace 4 min — reiniciando sesión george
[19:45:01] REINICIO: sesión george recreada
[19:50:01] OK (respuesta enviada correctamente)
[19:55:01] OK (mensaje hace 1 min, dentro del límite)
[20:00:01] OK (respuesta enviada correctamente)
[20:05:01] OK (respuesta enviada correctamente)
[20:10:01] OK (respuesta enviada correctamente)
[20:15:01] OK (respuesta enviada correctamente)
[20:20:01] OK (respuesta enviada correctamente)
[20:25:01] OK (respuesta enviada correctamente)
[20:30:01] OK (respuesta enviada correctamente)
[20:35:01] OK (respuesta enviada correctamente)
[20:40:01] OK (respuesta enviada correctamente)
[20:45:01] OK (respuesta enviada correctamente)
[20:50:01] OK (respuesta enviada correctamente)
[20:55:01] OK (respuesta enviada correctamente)
[21:00:01] OK (respuesta enviada correctamente)
[21:05:01] OK (respuesta enviada correctamente)
[21:10:01] OK (respuesta enviada correctamente)
[21:15:01] OK (respuesta enviada correctamente)
[21:20:01] OK (respuesta enviada correctamente)
[21:25:01] OK (respuesta enviada correctamente)
[21:30:01] OK (respuesta enviada correctamente)
[21:35:01] OK (respuesta enviada correctamente)
[21:40:01] OK (respuesta enviada correctamente)
[21:45:01] OK (respuesta enviada correctamente)
[21:50:01] OK (respuesta enviada correctamente)
[21:55:01] OK (respuesta enviada correctamente)
[22:00:01] OK (respuesta enviada correctamente)
[22:05:02] OK (respuesta enviada correctamente)
[22:10:01] OK (respuesta enviada correctamente)
[22:15:01] OK (respuesta enviada correctamente)
[22:20:01] OK (respuesta enviada correctamente)
[22:25:01] OK (respuesta enviada correctamente)
[22:30:01] OK (respuesta enviada correctamente)
[22:35:01] OK (respuesta enviada correctamente)
[22:40:01] OK (respuesta enviada correctamente)
[22:45:01] OK (respuesta enviada correctamente)
[22:50:01] OK (respuesta enviada correctamente)
[22:55:01] OK (respuesta enviada correctamente)
[23:00:01] OK (respuesta enviada correctamente)
[23:05:01] OK (respuesta enviada correctamente)
[23:10:01] OK (respuesta enviada correctamente)
[23:15:01] OK (respuesta enviada correctamente)
[23:20:01] OK (respuesta enviada correctamente)
[23:25:01] OK (respuesta enviada correctamente)
[23:30:01] OK (respuesta enviada correctamente)
[23:35:01] OK (respuesta enviada correctamente)
[23:40:01] OK (respuesta enviada correctamente)
[23:45:01] OK (respuesta enviada correctamente)
[23:50:01] OK (respuesta enviada correctamente)
[23:55:01] OK (respuesta enviada correctamente)
[00:00:01] OK (sin log hoy, sin mensajes pendientes)
[00:05:01] OK (sin log hoy, sin mensajes pendientes)
[00:10:01] OK (sin log hoy, sin mensajes pendientes)
[00:15:01] OK (sin log hoy, sin mensajes pendientes)
[00:20:01] OK (sin log hoy, sin mensajes pendientes)
[00:25:01] OK (sin log hoy, sin mensajes pendientes)
[00:30:01] OK (sin log hoy, sin mensajes pendientes)
[00:35:01] OK (sin log hoy, sin mensajes pendientes)
[00:40:01] OK (sin log hoy, sin mensajes pendientes)
[00:45:01] OK (sin log hoy, sin mensajes pendientes)
[00:50:01] OK (sin log hoy, sin mensajes pendientes)
[00:55:01] OK (sin log hoy, sin mensajes pendientes)
[01:00:01] OK (sin log hoy, sin mensajes pendientes)
[01:05:01] OK (sin log hoy, sin mensajes pendientes)
[01:10:01] OK (sin log hoy, sin mensajes pendientes)
[01:15:01] OK (sin log hoy, sin mensajes pendientes)
[01:20:01] OK (sin log hoy, sin mensajes pendientes)
[01:25:01] OK (sin log hoy, sin mensajes pendientes)
[01:30:01] OK (sin log hoy, sin mensajes pendientes)
[01:35:01] OK (sin log hoy, sin mensajes pendientes)
[01:40:01] OK (sin log hoy, sin mensajes pendientes)
[01:45:01] OK (sin log hoy, sin mensajes pendientes)
[01:50:01] OK (sin log hoy, sin mensajes pendientes)
[01:55:01] OK (sin log hoy, sin mensajes pendientes)
[02:00:01] OK (sin log hoy, sin mensajes pendientes)
[02:05:01] OK (sin log hoy, sin mensajes pendientes)
[02:10:01] OK (sin log hoy, sin mensajes pendientes)
[02:15:01] OK (sin log hoy, sin mensajes pendientes)
[02:20:01] OK (sin log hoy, sin mensajes pendientes)
[02:25:01] OK (sin log hoy, sin mensajes pendientes)
[02:30:01] OK (sin log hoy, sin mensajes pendientes)
[02:35:01] OK (sin log hoy, sin mensajes pendientes)
[02:40:01] OK (sin log hoy, sin mensajes pendientes)
[02:45:01] OK (sin log hoy, sin mensajes pendientes)
[02:50:01] OK (sin log hoy, sin mensajes pendientes)
[02:55:01] OK (sin log hoy, sin mensajes pendientes)
[03:00:01] OK (sin log hoy, sin mensajes pendientes)
[03:05:02] OK (sin log hoy, sin mensajes pendientes)
[03:10:01] OK (sin log hoy, sin mensajes pendientes)
[03:15:01] OK (sin log hoy, sin mensajes pendientes)
[03:20:01] OK (sin log hoy, sin mensajes pendientes)
[03:25:01] OK (sin log hoy, sin mensajes pendientes)
[03:30:01] OK (sin log hoy, sin mensajes pendientes)
[03:35:01] OK (sin log hoy, sin mensajes pendientes)
[03:40:01] OK (sin log hoy, sin mensajes pendientes)
[03:45:01] OK (sin log hoy, sin mensajes pendientes)
[03:50:01] OK (sin log hoy, sin mensajes pendientes)
[03:55:01] OK (sin log hoy, sin mensajes pendientes)
[04:00:01] OK (sin log hoy, sin mensajes pendientes)
[04:05:01] OK (sin log hoy, sin mensajes pendientes)
[04:10:01] OK (sin log hoy, sin mensajes pendientes)
[04:15:01] OK (sin log hoy, sin mensajes pendientes)
[04:20:01] OK (sin log hoy, sin mensajes pendientes)
[04:25:01] OK (sin log hoy, sin mensajes pendientes)
[04:30:01] OK (sin log hoy, sin mensajes pendientes)
[04:35:01] OK (sin log hoy, sin mensajes pendientes)
[04:40:01] OK (sin log hoy, sin mensajes pendientes)
[04:45:01] OK (sin log hoy, sin mensajes pendientes)
[04:50:01] OK (sin log hoy, sin mensajes pendientes)
[04:55:01] OK (sin log hoy, sin mensajes pendientes)
[05:00:01] OK (sin log hoy, sin mensajes pendientes)
[05:05:01] OK (sin log hoy, sin mensajes pendientes)
[05:10:01] OK (sin log hoy, sin mensajes pendientes)
[05:15:01] OK (sin log hoy, sin mensajes pendientes)
[05:20:01] OK (sin log hoy, sin mensajes pendientes)
[05:25:01] OK (sin log hoy, sin mensajes pendientes)
[05:30:01] OK (sin log hoy, sin mensajes pendientes)
[05:35:01] OK (sin log hoy, sin mensajes pendientes)
[05:40:01] OK (sin log hoy, sin mensajes pendientes)
[05:45:01] OK (sin log hoy, sin mensajes pendientes)
[05:50:01] OK (sin log hoy, sin mensajes pendientes)
[05:55:01] OK (sin log hoy, sin mensajes pendientes)
[06:00:01] OK (sin log hoy, sin mensajes pendientes)
[06:05:01] OK (sin log hoy, sin mensajes pendientes)
[06:10:01] OK (sin log hoy, sin mensajes pendientes)
[06:15:01] OK (sin log hoy, sin mensajes pendientes)
[06:20:01] OK (respuesta enviada correctamente)
[06:25:01] OK (respuesta enviada correctamente)
[06:30:01] OK (respuesta enviada correctamente)
[06:35:01] OK (respuesta enviada correctamente)
[06:40:01] OK (mensaje hace 2 min, dentro del límite)
[06:45:01] OK (respuesta enviada correctamente)
[06:50:01] OK (respuesta enviada correctamente)
[06:55:01] OK (mensaje hace 2 min, dentro del límite)
[07:00:01] REINICIO: mensaje sin respuesta hace 7 min — reiniciando sesión george
[07:00:01] REINICIO: sesión george recreada
[07:05:01] OK (respuesta enviada correctamente)
[07:10:01] OK (respuesta enviada correctamente)
[07:15:01] OK (respuesta enviada correctamente)
[07:20:01] OK (mensaje hace 1 min, dentro del límite)
[07:25:01] OK (respuesta enviada correctamente)
[07:30:01] OK (respuesta enviada correctamente)
[07:35:01] OK (respuesta enviada correctamente)
[07:40:01] OK (respuesta enviada correctamente)
[07:45:01] OK (respuesta enviada correctamente)
[07:50:01] OK (respuesta enviada correctamente)
[07:55:01] OK (respuesta enviada correctamente)
[08:00:01] OK (respuesta enviada correctamente)
[08:05:01] OK (respuesta enviada correctamente)
[08:10:01] OK (respuesta enviada correctamente)
[08:15:01] OK (respuesta enviada correctamente)
[08:20:01] REINICIO: mensaje sin respuesta hace 4 min — reiniciando sesión george
[08:20:01] REINICIO: sesión george recreada
[08:25:01] OK (respuesta enviada correctamente)
[08:30:01] OK (respuesta enviada correctamente)
[08:35:01] OK (mensaje hace 0 min, dentro del límite)
[08:40:01] OK (respuesta enviada correctamente)
[08:45:01] OK (respuesta enviada correctamente)
[08:50:01] OK (respuesta enviada correctamente)
[08:55:02] OK (respuesta enviada correctamente)
[09:00:01] OK (respuesta enviada correctamente)
[09:05:01] OK (respuesta enviada correctamente)
[09:10:01] OK (respuesta enviada correctamente)
[09:15:02] OK (respuesta enviada correctamente)
[09:20:01] OK (respuesta enviada correctamente)
[09:25:01] REINICIO: mensaje sin respuesta hace 4 min — reiniciando sesión george
[09:25:01] REINICIO: sesión george recreada
[09:30:01] OK (respuesta enviada correctamente)
[09:35:01] OK (respuesta enviada correctamente)
[09:40:01] OK (respuesta enviada correctamente)
[09:45:01] OK (mensaje hace 1 min, dentro del límite)
[09:50:01] OK (respuesta enviada correctamente)
[09:55:01] OK (respuesta enviada correctamente)
[10:00:01] OK (respuesta enviada correctamente)
[10:05:01] OK (respuesta enviada correctamente)
[10:10:01] OK (respuesta enviada correctamente)
[10:15:01] OK (respuesta enviada correctamente)
[10:20:01] OK (respuesta enviada correctamente)
[10:25:01] OK (respuesta enviada correctamente)
[10:30:01] OK (respuesta enviada correctamente)
[10:35:01] OK (respuesta enviada correctamente)
[10:40:01] OK (respuesta enviada correctamente)
[10:45:01] OK (respuesta enviada correctamente)
[10:50:01] OK (respuesta enviada correctamente)
[10:55:01] OK (respuesta enviada correctamente)
[11:00:01] OK (respuesta enviada correctamente)
[11:05:01] OK (respuesta enviada correctamente)
[11:10:01] OK (respuesta enviada correctamente)
[11:15:01] OK (respuesta enviada correctamente)
[11:20:01] OK (respuesta enviada correctamente)
[11:25:01] OK (mensaje hace 1 min, dentro del límite)
[11:30:01] OK (mensaje hace 1 min, dentro del límite)
[11:35:01] OK (respuesta enviada correctamente)
[11:40:01] OK (mensaje hace 1 min, dentro del límite)
[11:45:01] OK (respuesta enviada correctamente)
[11:50:01] REINICIO: mensaje sin respuesta hace 5 min — reiniciando sesión george
[11:50:01] REINICIO: sesión george recreada
[11:55:01] OK (mensaje hace 1 min, dentro del límite)
[12:00:01] OK (respuesta enviada correctamente)
[12:05:01] OK (respuesta enviada correctamente)
[12:10:01] OK (respuesta enviada correctamente)
[12:15:01] OK (respuesta enviada correctamente)
[12:20:01] OK (respuesta enviada correctamente)
[12:25:01] OK (respuesta enviada correctamente)
[12:30:01] OK (respuesta enviada correctamente)
[12:35:01] OK (respuesta enviada correctamente)
[12:40:01] OK (respuesta enviada correctamente)
[12:45:01] OK (respuesta enviada correctamente)
[12:50:01] OK (respuesta enviada correctamente)
[12:55:01] OK (respuesta enviada correctamente)
[13:00:01] OK (respuesta enviada correctamente)
[13:05:01] OK (respuesta enviada correctamente)
[13:10:01] OK (respuesta enviada correctamente)
[13:15:01] OK (respuesta enviada correctamente)
[13:20:01] OK (respuesta enviada correctamente)
[13:25:01] OK (respuesta enviada correctamente)
[13:30:01] OK (respuesta enviada correctamente)
[13:35:01] OK (respuesta enviada correctamente)
[13:40:01] OK (respuesta enviada correctamente)
[13:45:01] OK (respuesta enviada correctamente)
[13:50:01] OK (respuesta enviada correctamente)
[13:55:01] OK (respuesta enviada correctamente)
[14:00:01] OK (respuesta enviada correctamente)
[14:05:01] OK (respuesta enviada correctamente)
[14:10:01] OK (respuesta enviada correctamente)
[14:15:01] OK (respuesta enviada correctamente)
[14:20:01] OK (respuesta enviada correctamente)
[14:25:01] OK (respuesta enviada correctamente)
[14:30:01] OK (respuesta enviada correctamente)
[14:35:01] OK (respuesta enviada correctamente)
[14:40:01] OK (respuesta enviada correctamente)
[14:45:01] OK (respuesta enviada correctamente)
[14:50:02] OK (respuesta enviada correctamente)
[14:55:01] OK (respuesta enviada correctamente)
[15:00:01] OK (respuesta enviada correctamente)
[15:05:01] OK (respuesta enviada correctamente)
[15:10:01] OK (respuesta enviada correctamente)
[15:15:01] OK (respuesta enviada correctamente)
[15:20:01] OK (respuesta enviada correctamente)
[15:25:01] OK (respuesta enviada correctamente)
[15:30:01] OK (respuesta enviada correctamente)
[15:35:01] OK (respuesta enviada correctamente)
[15:40:01] OK (respuesta enviada correctamente)
[15:45:01] OK (respuesta enviada correctamente)
[15:50:02] OK (respuesta enviada correctamente)
[15:55:01] OK (respuesta enviada correctamente)
[16:00:01] OK (respuesta enviada correctamente)
[16:05:01] OK (respuesta enviada correctamente)
[16:10:01] OK (respuesta enviada correctamente)
[16:15:01] OK (respuesta enviada correctamente)
[16:20:01] OK (respuesta enviada correctamente)
[16:25:01] OK (respuesta enviada correctamente)
[16:30:01] OK (respuesta enviada correctamente)
[16:35:01] OK (respuesta enviada correctamente)
[16:40:01] REINICIO: mensaje sin respuesta hace 5 min — reiniciando sesión george
[16:40:01] REINICIO: sesión george recreada
[16:45:01] REINICIO: mensaje sin respuesta hace 10 min — reiniciando sesión george
[16:45:01] REINICIO: sesión george recreada
[16:50:01] REINICIO: mensaje sin respuesta hace 15 min — reiniciando sesión george
[16:50:01] REINICIO: sesión george recreada
[16:55:01] OK (respuesta enviada correctamente)
[17:00:01] OK (respuesta enviada correctamente)
[17:05:01] OK (respuesta enviada correctamente)
[17:10:01] OK (respuesta enviada correctamente)
[17:15:01] OK (respuesta enviada correctamente)
[17:20:01] OK (respuesta enviada correctamente)
[17:25:01] OK (respuesta enviada correctamente)
[17:30:01] OK (respuesta enviada correctamente)
[17:35:01] OK (respuesta enviada correctamente)
[17:40:01] OK (respuesta enviada correctamente)
[17:45:01] OK (respuesta enviada correctamente)
[17:50:01] OK (respuesta enviada correctamente)
[17:55:01] OK (respuesta enviada correctamente)
[18:00:01] OK (respuesta enviada correctamente)
[18:05:01] OK (respuesta enviada correctamente)
[18:10:01] OK (respuesta enviada correctamente)
[18:15:01] OK (respuesta enviada correctamente)
[18:20:01] OK (respuesta enviada correctamente)
[18:25:01] OK (respuesta enviada correctamente)
[18:30:01] OK (respuesta enviada correctamente)
[18:35:01] OK (respuesta enviada correctamente)
[18:40:01] OK (respuesta enviada correctamente)
[18:45:01] OK (respuesta enviada correctamente)
[18:50:01] OK (respuesta enviada correctamente)
[18:55:01] OK (respuesta enviada correctamente)
[19:00:01] OK (respuesta enviada correctamente)
[19:05:01] OK (respuesta enviada correctamente)
[19:10:01] OK (respuesta enviada correctamente)
[19:15:01] OK (respuesta enviada correctamente)
[19:20:01] OK (respuesta enviada correctamente)
[19:25:01] OK (respuesta enviada correctamente)
[19:30:01] OK (respuesta enviada correctamente)
[19:35:01] OK (respuesta enviada correctamente)
[19:40:01] OK (respuesta enviada correctamente)
[19:45:01] OK (mensaje hace 1 min, dentro del límite)
[19:50:01] REINICIO: mensaje sin respuesta hace 6 min — reiniciando sesión george
[19:50:01] REINICIO: sesión george recreada
[19:55:01] REINICIO: mensaje sin respuesta hace 11 min — reiniciando sesión george
[19:55:01] REINICIO: sesión george recreada
[20:00:01] REINICIO: mensaje sin respuesta hace 16 min — reiniciando sesión george
[20:00:01] REINICIO: sesión george recreada
[20:05:01] REINICIO: mensaje sin respuesta hace 21 min — reiniciando sesión george
[20:05:01] REINICIO: sesión george recreada
[20:10:01] REINICIO: mensaje sin respuesta hace 26 min — reiniciando sesión george
[20:10:01] REINICIO: sesión george recreada
[20:15:01] OK (respuesta enviada correctamente)
[20:20:01] OK (respuesta enviada correctamente)
[20:25:01] OK (respuesta enviada correctamente)
[20:30:01] OK (respuesta enviada correctamente)
[20:35:01] OK (respuesta enviada correctamente)
[20:40:01] OK (respuesta enviada correctamente)
[20:45:01] OK (respuesta enviada correctamente)
[20:50:01] OK (respuesta enviada correctamente)
[20:55:01] OK (respuesta enviada correctamente)
[21:00:01] OK (respuesta enviada correctamente)
[21:05:01] OK (respuesta enviada correctamente)
[21:10:01] OK (respuesta enviada correctamente)
[21:15:01] OK (respuesta enviada correctamente)
[21:20:01] OK (respuesta enviada correctamente)
[21:25:01] OK (respuesta enviada correctamente)
[21:30:01] OK (respuesta enviada correctamente)
[21:35:01] OK (respuesta enviada correctamente)
[21:40:01] OK (respuesta enviada correctamente)
[21:45:01] OK (respuesta enviada correctamente)
[21:50:01] OK (respuesta enviada correctamente)
[21:55:01] OK (respuesta enviada correctamente)
[22:00:01] OK (respuesta enviada correctamente)
[22:05:01] OK (respuesta enviada correctamente)
[22:10:01] OK (respuesta enviada correctamente)
[22:15:01] OK (respuesta enviada correctamente)
[22:20:01] OK (respuesta enviada correctamente)
[22:25:01] OK (respuesta enviada correctamente)
[22:30:01] OK (respuesta enviada correctamente)
[22:35:01] OK (respuesta enviada correctamente)
[22:40:01] OK (respuesta enviada correctamente)
[22:45:01] OK (respuesta enviada correctamente)
[22:50:01] OK (respuesta enviada correctamente)
[22:55:01] OK (respuesta enviada correctamente)
[23:00:01] OK (respuesta enviada correctamente)
[23:05:01] OK (respuesta enviada correctamente)
[23:10:01] OK (respuesta enviada correctamente)
[23:15:01] OK (respuesta enviada correctamente)
[23:20:01] OK (respuesta enviada correctamente)
[23:25:01] OK (respuesta enviada correctamente)
[23:30:01] OK (respuesta enviada correctamente)
[23:35:01] OK (respuesta enviada correctamente)
[23:40:01] OK (respuesta enviada correctamente)
[23:45:01] OK (respuesta enviada correctamente)
[23:50:01] OK (respuesta enviada correctamente)
[23:55:01] OK (respuesta enviada correctamente)
[00:00:01] OK (sin log hoy, sin mensajes pendientes)
[00:05:01] OK (sin log hoy, sin mensajes pendientes)
[00:10:01] OK (sin log hoy, sin mensajes pendientes)
[00:15:01] OK (sin log hoy, sin mensajes pendientes)
[00:20:01] OK (sin log hoy, sin mensajes pendientes)
[00:25:01] OK (sin log hoy, sin mensajes pendientes)
[00:30:01] OK (sin log hoy, sin mensajes pendientes)
[00:35:01] OK (sin log hoy, sin mensajes pendientes)
[00:40:01] OK (sin log hoy, sin mensajes pendientes)
[00:45:01] OK (sin log hoy, sin mensajes pendientes)
[00:50:01] OK (sin log hoy, sin mensajes pendientes)
[00:55:01] OK (sin log hoy, sin mensajes pendientes)
[01:00:01] OK (sin log hoy, sin mensajes pendientes)
[01:05:01] OK (sin log hoy, sin mensajes pendientes)
[01:10:01] OK (sin log hoy, sin mensajes pendientes)
[01:15:01] OK (sin log hoy, sin mensajes pendientes)
[01:20:01] OK (sin log hoy, sin mensajes pendientes)
[01:25:01] OK (sin log hoy, sin mensajes pendientes)
[01:30:01] OK (sin log hoy, sin mensajes pendientes)
[01:35:01] OK (sin log hoy, sin mensajes pendientes)
[01:40:01] OK (sin log hoy, sin mensajes pendientes)
[01:45:01] OK (sin log hoy, sin mensajes pendientes)
[01:50:01] OK (sin log hoy, sin mensajes pendientes)
[01:55:01] OK (sin log hoy, sin mensajes pendientes)
[02:00:01] OK (sin log hoy, sin mensajes pendientes)
[02:05:01] OK (sin log hoy, sin mensajes pendientes)
[02:10:01] OK (sin log hoy, sin mensajes pendientes)
[02:15:01] OK (sin log hoy, sin mensajes pendientes)
[02:20:01] OK (sin log hoy, sin mensajes pendientes)
[02:25:01] OK (sin log hoy, sin mensajes pendientes)
[02:30:01] OK (sin log hoy, sin mensajes pendientes)
[02:35:01] OK (sin log hoy, sin mensajes pendientes)
[02:40:01] OK (sin log hoy, sin mensajes pendientes)
[02:45:01] OK (sin log hoy, sin mensajes pendientes)
[02:50:01] OK (sin log hoy, sin mensajes pendientes)
[02:55:01] OK (sin log hoy, sin mensajes pendientes)
[03:00:01] OK (sin log hoy, sin mensajes pendientes)
[03:05:01] OK (sin log hoy, sin mensajes pendientes)
[03:10:01] OK (sin log hoy, sin mensajes pendientes)
[03:15:01] OK (sin log hoy, sin mensajes pendientes)
[03:20:01] OK (sin log hoy, sin mensajes pendientes)
[03:25:01] OK (sin log hoy, sin mensajes pendientes)
[03:30:01] OK (sin log hoy, sin mensajes pendientes)
[03:35:01] OK (sin log hoy, sin mensajes pendientes)
[03:40:01] OK (sin log hoy, sin mensajes pendientes)
[03:45:01] OK (sin log hoy, sin mensajes pendientes)
[03:50:01] OK (sin log hoy, sin mensajes pendientes)
[03:55:01] OK (sin log hoy, sin mensajes pendientes)
[04:00:01] OK (sin log hoy, sin mensajes pendientes)
[04:05:01] OK (sin log hoy, sin mensajes pendientes)
[04:10:01] OK (sin log hoy, sin mensajes pendientes)
[04:15:01] OK (sin log hoy, sin mensajes pendientes)
[04:20:01] OK (sin log hoy, sin mensajes pendientes)
[04:25:01] OK (sin log hoy, sin mensajes pendientes)
[04:30:01] OK (sin log hoy, sin mensajes pendientes)
[04:35:01] OK (sin log hoy, sin mensajes pendientes)
[04:40:01] OK (sin log hoy, sin mensajes pendientes)
[04:45:01] OK (sin log hoy, sin mensajes pendientes)
[04:50:01] OK (sin log hoy, sin mensajes pendientes)
[04:55:01] OK (sin log hoy, sin mensajes pendientes)
[05:00:01] OK (sin log hoy, sin mensajes pendientes)
[05:05:01] OK (sin log hoy, sin mensajes pendientes)
[05:10:01] OK (sin log hoy, sin mensajes pendientes)
[05:15:01] OK (sin log hoy, sin mensajes pendientes)
[05:20:01] OK (sin log hoy, sin mensajes pendientes)
[05:25:01] OK (sin log hoy, sin mensajes pendientes)
[05:30:01] OK (sin log hoy, sin mensajes pendientes)
[05:35:01] OK (sin log hoy, sin mensajes pendientes)
[05:40:01] OK (sin log hoy, sin mensajes pendientes)
[05:45:01] OK (sin log hoy, sin mensajes pendientes)
[05:50:01] OK (sin log hoy, sin mensajes pendientes)
[05:55:01] OK (sin log hoy, sin mensajes pendientes)
[06:00:01] OK (sin log hoy, sin mensajes pendientes)
[06:05:01] OK (sin log hoy, sin mensajes pendientes)
[06:10:01] OK (sin log hoy, sin mensajes pendientes)
[06:15:01] OK (sin log hoy, sin mensajes pendientes)
[06:20:01] OK (sin log hoy, sin mensajes pendientes)
[06:25:01] OK (sin log hoy, sin mensajes pendientes)
[06:30:01] OK (sin log hoy, sin mensajes pendientes)
[06:35:01] OK (sin log hoy, sin mensajes pendientes)
[06:40:02] OK (sin log hoy, sin mensajes pendientes)
[06:45:01] OK (sin log hoy, sin mensajes pendientes)
[06:50:01] OK (sin log hoy, sin mensajes pendientes)
[06:55:01] OK (sin log hoy, sin mensajes pendientes)
[07:00:01] OK (sin log hoy, sin mensajes pendientes)
[07:05:01] OK (sin log hoy, sin mensajes pendientes)
[07:10:01] OK (sin log hoy, sin mensajes pendientes)
[07:15:01] OK (sin log hoy, sin mensajes pendientes)
[07:20:01] OK (sin log hoy, sin mensajes pendientes)
[07:25:01] OK (sin log hoy, sin mensajes pendientes)
[07:30:01] OK (sin log hoy, sin mensajes pendientes)
[07:35:01] OK (sin log hoy, sin mensajes pendientes)
[07:40:01] OK (sin log hoy, sin mensajes pendientes)
[07:45:01] OK (sin log hoy, sin mensajes pendientes)
[07:50:01] OK (sin log hoy, sin mensajes pendientes)
[07:55:01] OK (sin log hoy, sin mensajes pendientes)
[08:00:01] OK (sin log hoy, sin mensajes pendientes)
[08:05:01] OK (sin log hoy, sin mensajes pendientes)
[08:10:01] OK (sin log hoy, sin mensajes pendientes)
[08:15:01] OK (sin log hoy, sin mensajes pendientes)
[08:20:01] OK (sin log hoy, sin mensajes pendientes)
[08:25:01] OK (sin log hoy, sin mensajes pendientes)
[08:30:01] OK (sin log hoy, sin mensajes pendientes)
[08:35:01] OK (sin log hoy, sin mensajes pendientes)
[08:40:01] OK (sin log hoy, sin mensajes pendientes)
[08:45:01] OK (sin log hoy, sin mensajes pendientes)
[08:50:02] OK (sin log hoy, sin mensajes pendientes)
[08:55:01] OK (sin log hoy, sin mensajes pendientes)
[09:00:01] OK (sin log hoy, sin mensajes pendientes)
[09:05:01] OK (sin log hoy, sin mensajes pendientes)
[09:10:01] OK (sin log hoy, sin mensajes pendientes)
[09:15:01] OK (sin log hoy, sin mensajes pendientes)
[09:20:01] OK (sin log hoy, sin mensajes pendientes)
[09:25:01] OK (sin log hoy, sin mensajes pendientes)
[09:30:01] OK (sin log hoy, sin mensajes pendientes)
[09:35:01] OK (sin log hoy, sin mensajes pendientes)
[09:40:01] OK (sin log hoy, sin mensajes pendientes)
[09:45:01] OK (sin log hoy, sin mensajes pendientes)
[09:50:01] OK (sin log hoy, sin mensajes pendientes)
[09:55:01] OK (sin log hoy, sin mensajes pendientes)
[10:00:01] OK (sin log hoy, sin mensajes pendientes)
[10:05:01] OK (sin log hoy, sin mensajes pendientes)
[10:10:01] OK (sin log hoy, sin mensajes pendientes)
[10:15:01] OK (sin log hoy, sin mensajes pendientes)
[10:20:01] OK (sin log hoy, sin mensajes pendientes)
[10:25:01] OK (sin log hoy, sin mensajes pendientes)
[10:30:01] OK (sin log hoy, sin mensajes pendientes)
[10:35:01] OK (sin log hoy, sin mensajes pendientes)
[10:40:01] OK (sin log hoy, sin mensajes pendientes)
[10:45:01] OK (sin log hoy, sin mensajes pendientes)
[10:50:01] OK (sin log hoy, sin mensajes pendientes)
[10:55:01] OK (sin log hoy, sin mensajes pendientes)
[11:00:01] OK (sin log hoy, sin mensajes pendientes)
[11:05:01] OK (sin log hoy, sin mensajes pendientes)
[11:10:01] OK (sin log hoy, sin mensajes pendientes)
[11:15:01] OK (sin log hoy, sin mensajes pendientes)
[11:20:01] OK (sin log hoy, sin mensajes pendientes)
[11:25:01] OK (sin log hoy, sin mensajes pendientes)
[11:30:01] OK (sin log hoy, sin mensajes pendientes)
[11:35:01] OK (sin log hoy, sin mensajes pendientes)
[11:40:01] OK (sin log hoy, sin mensajes pendientes)
[11:45:01] OK (sin log hoy, sin mensajes pendientes)
[11:50:01] OK (sin log hoy, sin mensajes pendientes)
[11:55:01] OK (sin log hoy, sin mensajes pendientes)
[12:00:01] OK (sin log hoy, sin mensajes pendientes)
[12:05:02] OK (sin log hoy, sin mensajes pendientes)
[12:10:01] OK (sin log hoy, sin mensajes pendientes)
[12:15:01] OK (sin log hoy, sin mensajes pendientes)
[12:20:01] OK (sin log hoy, sin mensajes pendientes)
[12:25:01] OK (sin log hoy, sin mensajes pendientes)
[12:30:01] OK (sin log hoy, sin mensajes pendientes)
[12:35:01] OK (sin log hoy, sin mensajes pendientes)
[12:40:01] OK (sin log hoy, sin mensajes pendientes)
[12:45:01] OK (sin log hoy, sin mensajes pendientes)
[12:50:01] OK (sin log hoy, sin mensajes pendientes)
[12:55:01] OK (sin log hoy, sin mensajes pendientes)
[13:00:01] OK (sin log hoy, sin mensajes pendientes)
[13:05:01] OK (sin mensajes del usuario hoy)
[13:10:01] OK (sin mensajes del usuario hoy)
[13:15:01] OK (sin mensajes del usuario hoy)
[13:20:01] OK (sin mensajes del usuario hoy)
[13:25:01] OK (sin mensajes del usuario hoy)
[13:30:01] OK (sin mensajes del usuario hoy)
[13:35:01] OK (sin mensajes del usuario hoy)
[13:40:01] OK (sin mensajes del usuario hoy)
[13:45:01] OK (sin mensajes del usuario hoy)
[13:50:01] OK (sin mensajes del usuario hoy)
[13:55:02] OK (sin mensajes del usuario hoy)
[14:00:01] OK (sin mensajes del usuario hoy)
[14:05:01] OK (sin mensajes del usuario hoy)
[14:10:01] OK (sin mensajes del usuario hoy)
[14:15:01] OK (sin mensajes del usuario hoy)
[14:20:01] OK (sin mensajes del usuario hoy)
[14:25:01] OK (sin mensajes del usuario hoy)
[14:30:01] OK (sin mensajes del usuario hoy)
[14:35:01] OK (sin mensajes del usuario hoy)
[14:40:01] OK (sin mensajes del usuario hoy)
[14:45:01] OK (sin mensajes del usuario hoy)
[14:50:01] OK (sin mensajes del usuario hoy)
[14:55:02] OK (sin mensajes del usuario hoy)
[15:00:01] OK (sin mensajes del usuario hoy)
[15:05:01] OK (sin mensajes del usuario hoy)
[15:10:01] OK (sin mensajes del usuario hoy)
[15:15:01] OK (sin mensajes del usuario hoy)
[15:20:01] OK (sin mensajes del usuario hoy)
[15:25:01] OK (sin mensajes del usuario hoy)
[15:30:01] OK (sin mensajes del usuario hoy)
[15:35:01] OK (sin mensajes del usuario hoy)
[15:40:01] OK (sin mensajes del usuario hoy)
[15:45:01] OK (sin mensajes del usuario hoy)
[15:50:01] OK (sin mensajes del usuario hoy)
[15:55:02] OK (sin mensajes del usuario hoy)
[16:00:01] OK (sin mensajes del usuario hoy)
[16:05:01] OK (sin mensajes del usuario hoy)
[16:10:01] OK (sin mensajes del usuario hoy)
[16:15:01] OK (sin mensajes del usuario hoy)
[16:20:01] OK (sin mensajes del usuario hoy)
[16:25:01] OK (sin mensajes del usuario hoy)
[16:30:01] OK (sin mensajes del usuario hoy)
[16:35:01] OK (sin mensajes del usuario hoy)
[16:40:01] OK (sin mensajes del usuario hoy)
[16:45:01] OK (sin mensajes del usuario hoy)
[16:50:01] OK (sin mensajes del usuario hoy)
[16:55:02] OK (sin mensajes del usuario hoy)
[17:00:01] OK (sin mensajes del usuario hoy)
[17:05:01] OK (sin mensajes del usuario hoy)
[17:10:01] OK (sin mensajes del usuario hoy)
[17:15:01] OK (sin mensajes del usuario hoy)
[17:20:01] OK (sin mensajes del usuario hoy)
[17:25:01] OK (sin mensajes del usuario hoy)
[17:30:01] OK (sin mensajes del usuario hoy)
[17:35:01] OK (sin mensajes del usuario hoy)
[17:40:01] OK (sin mensajes del usuario hoy)
[17:45:01] OK (sin mensajes del usuario hoy)
[17:50:01] OK (sin mensajes del usuario hoy)
[17:55:01] OK (sin mensajes del usuario hoy)
[18:00:01] OK (sin mensajes del usuario hoy)
[18:05:01] OK (sin mensajes del usuario hoy)
[18:10:01] OK (sin mensajes del usuario hoy)
[18:15:01] OK (sin mensajes del usuario hoy)
[18:20:01] OK (sin mensajes del usuario hoy)
[18:25:01] OK (sin mensajes del usuario hoy)
[18:30:01] OK (sin mensajes del usuario hoy)
[18:35:01] OK (sin mensajes del usuario hoy)
[18:40:01] OK (sin mensajes del usuario hoy)
[18:45:01] OK (sin mensajes del usuario hoy)
[18:50:01] OK (sin mensajes del usuario hoy)
[18:55:01] OK (sin mensajes del usuario hoy)
[19:00:01] OK (sin mensajes del usuario hoy)
[19:05:01] OK (sin mensajes del usuario hoy)
[19:10:01] OK (sin mensajes del usuario hoy)
[19:15:01] OK (sin mensajes del usuario hoy)
[19:20:01] OK (sin mensajes del usuario hoy)
[19:25:01] OK (sin mensajes del usuario hoy)
[19:30:01] OK (sin mensajes del usuario hoy)
[19:35:01] OK (sin mensajes del usuario hoy)
[19:40:01] OK (sin mensajes del usuario hoy)
[19:45:01] OK (sin mensajes del usuario hoy)
[19:50:01] OK (sin mensajes del usuario hoy)
[19:55:01] OK (sin mensajes del usuario hoy)
[20:00:01] OK (sin mensajes del usuario hoy)
[20:05:01] OK (sin mensajes del usuario hoy)
[20:10:01] OK (sin mensajes del usuario hoy)
[20:15:01] OK (sin mensajes del usuario hoy)
[20:20:01] OK (sin mensajes del usuario hoy)
[20:25:01] OK (sin mensajes del usuario hoy)
[20:30:01] OK (sin mensajes del usuario hoy)
[20:35:01] OK (sin mensajes del usuario hoy)
[20:40:01] OK (sin mensajes del usuario hoy)
[20:45:01] OK (sin mensajes del usuario hoy)
[20:50:01] OK (sin mensajes del usuario hoy)
[20:55:01] OK (sin mensajes del usuario hoy)
[21:00:01] OK (sin mensajes del usuario hoy)
[21:05:01] OK (sin mensajes del usuario hoy)
[21:10:01] OK (sin mensajes del usuario hoy)
[21:15:01] OK (sin mensajes del usuario hoy)
[21:20:01] OK (sin mensajes del usuario hoy)
[21:25:01] OK (sin mensajes del usuario hoy)
[21:30:01] OK (sin mensajes del usuario hoy)
[21:35:01] OK (sin mensajes del usuario hoy)
[21:40:01] OK (sin mensajes del usuario hoy)
[21:45:01] OK (sin mensajes del usuario hoy)
[21:50:01] OK (sin mensajes del usuario hoy)
[21:55:01] OK (sin mensajes del usuario hoy)
[22:00:01] OK (sin mensajes del usuario hoy)
[22:05:01] OK (sin mensajes del usuario hoy)
[22:10:01] OK (sin mensajes del usuario hoy)
[22:15:01] OK (sin mensajes del usuario hoy)
[22:20:01] OK (sin mensajes del usuario hoy)
[22:25:01] OK (sin mensajes del usuario hoy)
[22:30:01] OK (sin mensajes del usuario hoy)
[22:35:01] OK (sin mensajes del usuario hoy)
[22:40:01] OK (sin mensajes del usuario hoy)
[22:45:01] OK (sin mensajes del usuario hoy)
[22:50:01] OK (sin mensajes del usuario hoy)
[22:55:01] OK (sin mensajes del usuario hoy)
[23:00:01] OK (sin mensajes del usuario hoy)
[23:05:01] OK (sin mensajes del usuario hoy)
[23:10:01] OK (sin mensajes del usuario hoy)
[23:15:02] OK (sin mensajes del usuario hoy)
[23:20:01] OK (sin mensajes del usuario hoy)
[23:25:01] OK (sin mensajes del usuario hoy)
[23:30:01] OK (sin mensajes del usuario hoy)
[23:35:01] OK (sin mensajes del usuario hoy)
[23:40:01] OK (sin mensajes del usuario hoy)
[23:45:01] OK (sin mensajes del usuario hoy)
[23:50:01] OK (sin mensajes del usuario hoy)
[23:55:01] OK (sin mensajes del usuario hoy)
[00:00:01] OK (sin log hoy, sin mensajes pendientes)
[00:05:01] OK (sin log hoy, sin mensajes pendientes)
[00:10:01] OK (sin log hoy, sin mensajes pendientes)
[00:15:01] OK (sin log hoy, sin mensajes pendientes)
[00:20:01] OK (sin log hoy, sin mensajes pendientes)
[00:25:01] OK (sin log hoy, sin mensajes pendientes)
[00:30:01] OK (sin log hoy, sin mensajes pendientes)
[00:35:01] OK (sin log hoy, sin mensajes pendientes)
[00:40:01] OK (sin log hoy, sin mensajes pendientes)
[00:45:01] OK (sin log hoy, sin mensajes pendientes)
[00:50:01] OK (sin log hoy, sin mensajes pendientes)
[00:55:01] OK (sin log hoy, sin mensajes pendientes)
[01:00:01] OK (sin log hoy, sin mensajes pendientes)
[01:05:01] OK (sin log hoy, sin mensajes pendientes)
[01:10:01] OK (sin log hoy, sin mensajes pendientes)
[01:15:01] OK (sin log hoy, sin mensajes pendientes)
[01:20:01] OK (sin log hoy, sin mensajes pendientes)
[01:25:01] OK (sin log hoy, sin mensajes pendientes)
[01:30:01] OK (sin log hoy, sin mensajes pendientes)
[01:35:01] OK (sin log hoy, sin mensajes pendientes)
[01:40:01] OK (sin log hoy, sin mensajes pendientes)
[01:45:01] OK (sin log hoy, sin mensajes pendientes)
[01:50:01] OK (sin log hoy, sin mensajes pendientes)
[01:55:01] OK (sin log hoy, sin mensajes pendientes)
[02:00:01] OK (sin log hoy, sin mensajes pendientes)
[02:05:01] OK (sin log hoy, sin mensajes pendientes)
[02:10:01] OK (sin log hoy, sin mensajes pendientes)
[02:15:01] OK (sin log hoy, sin mensajes pendientes)
[02:20:01] OK (sin log hoy, sin mensajes pendientes)
[02:25:01] OK (sin log hoy, sin mensajes pendientes)
[02:30:01] OK (sin log hoy, sin mensajes pendientes)
[02:35:01] OK (sin log hoy, sin mensajes pendientes)
[02:40:01] OK (sin log hoy, sin mensajes pendientes)
[02:45:01] OK (sin log hoy, sin mensajes pendientes)
[02:50:01] OK (sin log hoy, sin mensajes pendientes)
[02:55:01] OK (sin log hoy, sin mensajes pendientes)
[03:00:01] OK (sin log hoy, sin mensajes pendientes)
[03:05:01] OK (sin log hoy, sin mensajes pendientes)
[03:10:01] OK (sin log hoy, sin mensajes pendientes)
[03:15:01] OK (sin log hoy, sin mensajes pendientes)
[03:20:01] OK (sin log hoy, sin mensajes pendientes)
[03:25:02] OK (sin log hoy, sin mensajes pendientes)
[03:30:01] OK (sin log hoy, sin mensajes pendientes)
[03:35:01] OK (sin log hoy, sin mensajes pendientes)
[03:40:01] OK (sin log hoy, sin mensajes pendientes)
[03:45:01] OK (sin log hoy, sin mensajes pendientes)
[03:50:01] OK (sin log hoy, sin mensajes pendientes)
[03:55:01] OK (sin log hoy, sin mensajes pendientes)
[04:00:01] OK (sin log hoy, sin mensajes pendientes)
[04:05:01] OK (sin log hoy, sin mensajes pendientes)
[04:10:01] OK (sin log hoy, sin mensajes pendientes)
[04:15:01] OK (sin log hoy, sin mensajes pendientes)
[04:20:01] OK (sin log hoy, sin mensajes pendientes)
[04:25:01] OK (sin log hoy, sin mensajes pendientes)
[04:30:01] OK (sin log hoy, sin mensajes pendientes)
[04:35:01] OK (sin log hoy, sin mensajes pendientes)
[04:40:01] OK (sin log hoy, sin mensajes pendientes)
[04:45:01] OK (sin log hoy, sin mensajes pendientes)
[04:50:01] OK (sin log hoy, sin mensajes pendientes)
[04:55:01] OK (sin log hoy, sin mensajes pendientes)
[05:00:01] OK (sin log hoy, sin mensajes pendientes)
[05:05:01] OK (sin log hoy, sin mensajes pendientes)
[05:10:01] OK (sin log hoy, sin mensajes pendientes)
[05:15:01] OK (sin log hoy, sin mensajes pendientes)
[05:20:01] OK (sin log hoy, sin mensajes pendientes)
[05:25:01] OK (sin log hoy, sin mensajes pendientes)
[05:30:01] OK (sin log hoy, sin mensajes pendientes)
[05:35:01] OK (sin log hoy, sin mensajes pendientes)
[05:40:01] OK (sin log hoy, sin mensajes pendientes)
[05:45:01] OK (sin log hoy, sin mensajes pendientes)
[05:50:01] OK (sin log hoy, sin mensajes pendientes)
[05:55:01] OK (sin log hoy, sin mensajes pendientes)
[06:00:01] OK (sin log hoy, sin mensajes pendientes)
[06:05:01] OK (sin log hoy, sin mensajes pendientes)
[06:10:01] OK (sin log hoy, sin mensajes pendientes)
[06:15:01] OK (sin log hoy, sin mensajes pendientes)
[06:20:01] OK (sin log hoy, sin mensajes pendientes)
[06:25:01] OK (sin log hoy, sin mensajes pendientes)
[06:30:01] OK (sin log hoy, sin mensajes pendientes)
[06:35:01] OK (sin log hoy, sin mensajes pendientes)
[06:40:01] OK (sin log hoy, sin mensajes pendientes)
[06:45:01] OK (sin log hoy, sin mensajes pendientes)
[06:50:01] OK (sin log hoy, sin mensajes pendientes)
[06:55:01] OK (sin log hoy, sin mensajes pendientes)
[07:00:01] OK (sin log hoy, sin mensajes pendientes)
[07:05:01] OK (sin log hoy, sin mensajes pendientes)
[07:10:01] OK (sin log hoy, sin mensajes pendientes)
[07:15:02] OK (sin log hoy, sin mensajes pendientes)
[07:20:01] OK (sin log hoy, sin mensajes pendientes)
[07:25:01] OK (sin log hoy, sin mensajes pendientes)
[07:30:01] OK (sin log hoy, sin mensajes pendientes)
[07:35:01] OK (sin log hoy, sin mensajes pendientes)
[07:40:01] OK (sin log hoy, sin mensajes pendientes)
[07:45:01] OK (sin log hoy, sin mensajes pendientes)
[07:50:01] OK (sin log hoy, sin mensajes pendientes)
[07:55:01] OK (sin log hoy, sin mensajes pendientes)
[08:00:01] OK (sin log hoy, sin mensajes pendientes)
[08:05:01] OK (sin log hoy, sin mensajes pendientes)
[08:10:01] OK (sin log hoy, sin mensajes pendientes)
[08:15:01] OK (sin log hoy, sin mensajes pendientes)
[08:20:01] OK (sin log hoy, sin mensajes pendientes)
[08:25:01] OK (sin log hoy, sin mensajes pendientes)
[08:30:01] OK (sin log hoy, sin mensajes pendientes)
[08:35:01] OK (sin log hoy, sin mensajes pendientes)
[08:40:01] OK (sin log hoy, sin mensajes pendientes)
[08:45:01] OK (sin log hoy, sin mensajes pendientes)
[08:50:01] OK (sin log hoy, sin mensajes pendientes)
[08:55:01] OK (sin log hoy, sin mensajes pendientes)
[09:00:01] OK (sin log hoy, sin mensajes pendientes)
[09:05:01] OK (sin log hoy, sin mensajes pendientes)
[09:10:01] OK (sin log hoy, sin mensajes pendientes)
[09:15:01] OK (sin log hoy, sin mensajes pendientes)
[09:20:01] OK (sin log hoy, sin mensajes pendientes)
[09:25:01] OK (sin log hoy, sin mensajes pendientes)
[09:30:01] OK (sin log hoy, sin mensajes pendientes)
[09:35:01] OK (sin log hoy, sin mensajes pendientes)
[09:40:01] OK (sin log hoy, sin mensajes pendientes)
[09:45:01] OK (sin log hoy, sin mensajes pendientes)
[09:50:01] OK (sin log hoy, sin mensajes pendientes)
[09:55:01] OK (sin log hoy, sin mensajes pendientes)
[10:00:01] OK (sin log hoy, sin mensajes pendientes)
[10:05:01] OK (sin log hoy, sin mensajes pendientes)
[10:10:01] OK (sin log hoy, sin mensajes pendientes)
[10:15:01] OK (sin log hoy, sin mensajes pendientes)
[10:20:01] OK (sin log hoy, sin mensajes pendientes)
[10:25:01] OK (sin log hoy, sin mensajes pendientes)
[10:30:01] OK (sin log hoy, sin mensajes pendientes)
[10:35:01] OK (sin log hoy, sin mensajes pendientes)
[10:40:01] OK (sin log hoy, sin mensajes pendientes)
[10:45:01] OK (sin log hoy, sin mensajes pendientes)
[10:50:02] OK (sin log hoy, sin mensajes pendientes)
[10:55:01] OK (sin log hoy, sin mensajes pendientes)
[11:00:01] OK (sin log hoy, sin mensajes pendientes)
[11:05:01] OK (sin log hoy, sin mensajes pendientes)
[11:10:01] OK (sin log hoy, sin mensajes pendientes)
[11:15:01] OK (sin log hoy, sin mensajes pendientes)
[11:20:01] OK (sin log hoy, sin mensajes pendientes)
[11:25:01] OK (sin log hoy, sin mensajes pendientes)
[11:30:01] OK (sin log hoy, sin mensajes pendientes)
[11:35:01] OK (sin log hoy, sin mensajes pendientes)
[11:40:01] OK (sin log hoy, sin mensajes pendientes)
[11:45:01] OK (sin log hoy, sin mensajes pendientes)
[11:50:01] OK (sin log hoy, sin mensajes pendientes)
[11:55:01] OK (sin log hoy, sin mensajes pendientes)
[12:00:02] OK (sin log hoy, sin mensajes pendientes)
[12:05:01] OK (sin log hoy, sin mensajes pendientes)
[12:10:01] OK (sin log hoy, sin mensajes pendientes)
[12:15:01] OK (sin log hoy, sin mensajes pendientes)
[12:20:01] OK (sin log hoy, sin mensajes pendientes)
[12:25:01] OK (sin log hoy, sin mensajes pendientes)
[12:30:01] OK (sin log hoy, sin mensajes pendientes)
[12:35:01] OK (sin log hoy, sin mensajes pendientes)
[12:40:01] OK (sin log hoy, sin mensajes pendientes)
[12:45:01] OK (sin log hoy, sin mensajes pendientes)
[12:50:01] OK (sin log hoy, sin mensajes pendientes)
[12:55:01] OK (sin log hoy, sin mensajes pendientes)
[13:00:01] OK (sin log hoy, sin mensajes pendientes)
[13:05:01] OK (sin mensajes del usuario hoy)
[13:10:01] OK (sin mensajes del usuario hoy)
[13:15:01] OK (sin mensajes del usuario hoy)
[13:20:01] OK (sin mensajes del usuario hoy)
[13:25:01] OK (sin mensajes del usuario hoy)
[13:30:01] OK (sin mensajes del usuario hoy)
[13:35:01] OK (sin mensajes del usuario hoy)
[13:40:01] OK (sin mensajes del usuario hoy)
[13:45:01] OK (sin mensajes del usuario hoy)
[13:50:01] OK (sin mensajes del usuario hoy)
[13:55:01] OK (sin mensajes del usuario hoy)
[14:00:01] OK (sin mensajes del usuario hoy)
[14:05:01] OK (sin mensajes del usuario hoy)
[14:10:01] OK (sin mensajes del usuario hoy)
[14:15:01] OK (sin mensajes del usuario hoy)
[14:20:01] OK (sin mensajes del usuario hoy)
[14:25:01] OK (sin mensajes del usuario hoy)
[14:30:01] OK (sin mensajes del usuario hoy)
[14:35:01] OK (sin mensajes del usuario hoy)
[14:40:01] OK (sin mensajes del usuario hoy)
[14:45:01] OK (sin mensajes del usuario hoy)
[14:50:01] OK (sin mensajes del usuario hoy)
[14:55:01] OK (sin mensajes del usuario hoy)
[15:00:01] OK (sin mensajes del usuario hoy)
[15:05:01] OK (sin mensajes del usuario hoy)
[15:10:01] OK (sin mensajes del usuario hoy)
[15:15:01] OK (sin mensajes del usuario hoy)
[15:20:01] OK (sin mensajes del usuario hoy)
[15:25:01] OK (sin mensajes del usuario hoy)
[15:30:01] OK (sin mensajes del usuario hoy)
[15:35:01] OK (sin mensajes del usuario hoy)
[15:40:01] OK (sin mensajes del usuario hoy)
[15:45:01] OK (sin mensajes del usuario hoy)
[15:50:01] OK (sin mensajes del usuario hoy)
[15:55:01] OK (sin mensajes del usuario hoy)
[16:00:01] OK (sin mensajes del usuario hoy)
[16:05:01] OK (sin mensajes del usuario hoy)
[16:10:01] OK (sin mensajes del usuario hoy)
[16:15:01] OK (sin mensajes del usuario hoy)
[16:20:01] OK (sin mensajes del usuario hoy)
[16:25:01] OK (sin mensajes del usuario hoy)
[16:30:01] OK (sin mensajes del usuario hoy)
[16:35:01] OK (sin mensajes del usuario hoy)
[16:40:01] OK (sin mensajes del usuario hoy)
[16:45:01] OK (sin mensajes del usuario hoy)
[16:50:01] OK (sin mensajes del usuario hoy)
[16:55:02] OK (sin mensajes del usuario hoy)
[17:00:01] OK (sin mensajes del usuario hoy)
[17:05:01] OK (sin mensajes del usuario hoy)
[17:10:01] OK (sin mensajes del usuario hoy)
[17:15:01] OK (sin mensajes del usuario hoy)
[17:20:01] OK (sin mensajes del usuario hoy)
[17:25:01] OK (sin mensajes del usuario hoy)
[17:30:01] OK (sin mensajes del usuario hoy)
[17:35:01] OK (sin mensajes del usuario hoy)
[17:40:01] OK (sin mensajes del usuario hoy)
[17:45:01] OK (sin mensajes del usuario hoy)
[17:50:01] OK (sin mensajes del usuario hoy)
[17:55:01] OK (sin mensajes del usuario hoy)
[18:00:01] OK (sin mensajes del usuario hoy)
[18:05:01] OK (sin mensajes del usuario hoy)
[18:10:01] OK (sin mensajes del usuario hoy)
[18:15:01] OK (sin mensajes del usuario hoy)
[18:20:01] OK (sin mensajes del usuario hoy)
[18:25:01] OK (sin mensajes del usuario hoy)
[18:30:01] OK (sin mensajes del usuario hoy)
[18:35:01] OK (sin mensajes del usuario hoy)
[18:40:01] OK (sin mensajes del usuario hoy)
[18:45:01] OK (sin mensajes del usuario hoy)
[18:50:01] OK (sin mensajes del usuario hoy)
[18:55:02] OK (sin mensajes del usuario hoy)
[19:00:01] OK (sin mensajes del usuario hoy)
[19:05:01] OK (sin mensajes del usuario hoy)
[19:10:01] OK (sin mensajes del usuario hoy)
[19:15:01] OK (sin mensajes del usuario hoy)
[19:20:01] OK (sin mensajes del usuario hoy)
[19:25:01] OK (sin mensajes del usuario hoy)
[19:30:01] OK (sin mensajes del usuario hoy)
[19:35:01] OK (sin mensajes del usuario hoy)
[19:40:01] OK (sin mensajes del usuario hoy)
[19:45:01] OK (sin mensajes del usuario hoy)
[19:50:01] OK (sin mensajes del usuario hoy)
[19:55:01] OK (sin mensajes del usuario hoy)
[20:00:01] OK (sin mensajes del usuario hoy)
[20:05:01] OK (sin mensajes del usuario hoy)
[20:10:01] OK (sin mensajes del usuario hoy)
[20:15:01] OK (sin mensajes del usuario hoy)
[20:20:01] OK (sin mensajes del usuario hoy)
[20:25:01] OK (sin mensajes del usuario hoy)
[20:30:01] OK (sin mensajes del usuario hoy)
[20:35:01] OK (sin mensajes del usuario hoy)
[20:40:01] OK (sin mensajes del usuario hoy)
[20:45:01] OK (sin mensajes del usuario hoy)
[20:50:01] OK (sin mensajes del usuario hoy)
[20:55:01] OK (sin mensajes del usuario hoy)
[21:00:01] OK (sin mensajes del usuario hoy)
[21:05:01] OK (sin mensajes del usuario hoy)
[21:10:01] OK (sin mensajes del usuario hoy)
[21:15:01] OK (sin mensajes del usuario hoy)
[21:20:01] OK (sin mensajes del usuario hoy)
[21:25:01] OK (sin mensajes del usuario hoy)
[21:30:01] OK (sin mensajes del usuario hoy)
[21:35:01] OK (sin mensajes del usuario hoy)
[21:40:01] OK (sin mensajes del usuario hoy)
[21:45:01] OK (sin mensajes del usuario hoy)
[21:50:01] OK (sin mensajes del usuario hoy)
[21:55:01] OK (sin mensajes del usuario hoy)
[22:00:01] OK (sin mensajes del usuario hoy)
[22:05:01] OK (sin mensajes del usuario hoy)
[22:10:01] OK (sin mensajes del usuario hoy)
[22:15:01] OK (sin mensajes del usuario hoy)
[22:20:01] OK (sin mensajes del usuario hoy)
[22:25:02] OK (sin mensajes del usuario hoy)
[22:30:01] OK (sin mensajes del usuario hoy)
[22:35:01] OK (sin mensajes del usuario hoy)
[22:40:01] OK (sin mensajes del usuario hoy)
[22:45:01] OK (sin mensajes del usuario hoy)
[22:50:01] OK (sin mensajes del usuario hoy)
[22:55:01] OK (sin mensajes del usuario hoy)
[23:00:01] OK (sin mensajes del usuario hoy)
[23:05:01] OK (sin mensajes del usuario hoy)
[23:10:01] OK (sin mensajes del usuario hoy)
[23:15:01] OK (sin mensajes del usuario hoy)
[23:20:01] OK (sin mensajes del usuario hoy)
[23:25:01] OK (sin mensajes del usuario hoy)
[23:30:01] OK (sin mensajes del usuario hoy)
[23:35:01] OK (sin mensajes del usuario hoy)
[23:40:01] OK (sin mensajes del usuario hoy)
[23:45:01] OK (sin mensajes del usuario hoy)
[23:50:01] OK (sin mensajes del usuario hoy)
[23:55:01] OK (sin mensajes del usuario hoy)
[00:00:01] OK (sin log hoy, sin mensajes pendientes)
[00:05:01] OK (sin log hoy, sin mensajes pendientes)
[00:10:01] OK (sin log hoy, sin mensajes pendientes)
[00:15:01] OK (sin log hoy, sin mensajes pendientes)
[00:20:02] OK (sin log hoy, sin mensajes pendientes)
[00:25:01] OK (sin log hoy, sin mensajes pendientes)
[00:30:01] OK (sin log hoy, sin mensajes pendientes)
[00:35:01] OK (sin log hoy, sin mensajes pendientes)
[00:40:01] OK (sin log hoy, sin mensajes pendientes)
[00:45:01] OK (sin log hoy, sin mensajes pendientes)
[00:50:01] OK (sin log hoy, sin mensajes pendientes)
[00:55:01] OK (sin log hoy, sin mensajes pendientes)
[01:00:01] OK (sin log hoy, sin mensajes pendientes)
[01:05:01] OK (sin log hoy, sin mensajes pendientes)
[01:10:01] OK (sin log hoy, sin mensajes pendientes)
[01:15:01] OK (sin log hoy, sin mensajes pendientes)
[01:20:01] OK (sin log hoy, sin mensajes pendientes)
[01:25:01] OK (sin log hoy, sin mensajes pendientes)
[01:30:01] OK (sin log hoy, sin mensajes pendientes)
[01:35:01] OK (sin log hoy, sin mensajes pendientes)
[01:40:01] OK (sin log hoy, sin mensajes pendientes)
[01:45:01] OK (sin log hoy, sin mensajes pendientes)
[01:50:01] OK (sin log hoy, sin mensajes pendientes)
[01:55:01] OK (sin log hoy, sin mensajes pendientes)
[02:00:01] OK (sin log hoy, sin mensajes pendientes)
[02:05:01] OK (sin log hoy, sin mensajes pendientes)
[02:10:01] OK (sin log hoy, sin mensajes pendientes)
[02:15:01] OK (sin log hoy, sin mensajes pendientes)
[02:20:01] OK (sin log hoy, sin mensajes pendientes)
[02:25:01] OK (sin log hoy, sin mensajes pendientes)
[02:30:01] OK (sin log hoy, sin mensajes pendientes)
[02:35:01] OK (sin log hoy, sin mensajes pendientes)
[02:40:01] OK (sin log hoy, sin mensajes pendientes)
[02:45:01] OK (sin log hoy, sin mensajes pendientes)
[02:50:01] OK (sin log hoy, sin mensajes pendientes)
[02:55:01] OK (sin log hoy, sin mensajes pendientes)
[03:00:01] OK (sin log hoy, sin mensajes pendientes)
[03:05:01] OK (sin log hoy, sin mensajes pendientes)
[03:10:01] OK (sin log hoy, sin mensajes pendientes)
[03:15:01] OK (sin log hoy, sin mensajes pendientes)
[03:20:01] OK (sin log hoy, sin mensajes pendientes)
[03:25:01] OK (sin log hoy, sin mensajes pendientes)
[03:30:01] OK (sin log hoy, sin mensajes pendientes)
[03:35:01] OK (sin log hoy, sin mensajes pendientes)
[03:40:01] OK (sin log hoy, sin mensajes pendientes)
[03:45:01] OK (sin log hoy, sin mensajes pendientes)
[03:50:01] OK (sin log hoy, sin mensajes pendientes)
[03:55:01] OK (sin log hoy, sin mensajes pendientes)
[04:00:01] OK (sin log hoy, sin mensajes pendientes)
[04:05:01] OK (sin log hoy, sin mensajes pendientes)
[04:10:02] OK (sin log hoy, sin mensajes pendientes)
[04:15:01] OK (sin log hoy, sin mensajes pendientes)
[04:20:01] OK (sin log hoy, sin mensajes pendientes)
[04:25:01] OK (sin log hoy, sin mensajes pendientes)
[04:30:01] OK (sin log hoy, sin mensajes pendientes)
[04:35:01] OK (sin log hoy, sin mensajes pendientes)
[04:40:01] OK (sin log hoy, sin mensajes pendientes)
[04:45:01] OK (sin log hoy, sin mensajes pendientes)
[04:50:01] OK (sin log hoy, sin mensajes pendientes)
[04:55:01] OK (sin log hoy, sin mensajes pendientes)
[05:00:01] OK (sin log hoy, sin mensajes pendientes)
[05:05:01] OK (sin log hoy, sin mensajes pendientes)
[05:10:02] OK (sin log hoy, sin mensajes pendientes)
[05:15:01] OK (respuesta enviada correctamente)
[05:20:01] OK (respuesta enviada correctamente)
[05:25:01] OK (respuesta enviada correctamente)
[05:30:01] OK (respuesta enviada correctamente)
[05:35:01] OK (respuesta enviada correctamente)
[05:40:02] OK (respuesta enviada correctamente)
[05:45:01] OK (respuesta enviada correctamente)
[05:50:01] OK (respuesta enviada correctamente)
[05:55:01] OK (respuesta enviada correctamente)
[06:00:01] OK (respuesta enviada correctamente)
[06:05:01] OK (respuesta enviada correctamente)
[06:10:01] OK (respuesta enviada correctamente)
[06:15:01] OK (respuesta enviada correctamente)
[06:20:01] OK (respuesta enviada correctamente)
[06:25:01] OK (respuesta enviada correctamente)
[06:30:01] OK (mensaje hace 1 min, dentro del límite)
[06:35:01] OK (mensaje hace 2 min, dentro del límite)
[06:40:01] REINICIO: mensaje sin respuesta hace 7 min — reiniciando sesión george
[06:40:01] REINICIO: sesión george recreada
[06:45:01] REINICIO: mensaje sin respuesta hace 12 min — reiniciando sesión george
[06:45:01] REINICIO: sesión george recreada
[06:50:01] REINICIO: mensaje sin respuesta hace 17 min — reiniciando sesión george
[06:50:01] REINICIO: sesión george recreada
[06:55:01] REINICIO: mensaje sin respuesta hace 22 min — reiniciando sesión george
[06:55:01] REINICIO: sesión george recreada
[07:00:01] OK (respuesta enviada correctamente)
[07:05:01] OK (respuesta enviada correctamente)
[07:10:01] OK (respuesta enviada correctamente)
[07:15:01] OK (respuesta enviada correctamente)
[07:20:01] OK (respuesta enviada correctamente)
[07:25:01] OK (respuesta enviada correctamente)
[07:30:01] OK (respuesta enviada correctamente)
[07:35:01] OK (respuesta enviada correctamente)
[07:40:01] OK (respuesta enviada correctamente)
[07:45:01] OK (respuesta enviada correctamente)
[07:50:01] OK (respuesta enviada correctamente)
[07:55:01] OK (respuesta enviada correctamente)
[08:00:01] OK (respuesta enviada correctamente)
[08:05:01] OK (respuesta enviada correctamente)
[08:10:01] OK (respuesta enviada correctamente)
[08:15:01] OK (respuesta enviada correctamente)
[08:20:01] OK (respuesta enviada correctamente)
[08:25:01] OK (respuesta enviada correctamente)
[08:30:01] OK (respuesta enviada correctamente)
[08:35:01] OK (mensaje hace 3 min, dentro del límite)
[08:40:01] REINICIO: mensaje sin respuesta hace 8 min — reiniciando sesión george
[08:40:01] REINICIO: sesión george recreada
[08:45:01] REINICIO: mensaje sin respuesta hace 13 min — reiniciando sesión george
[08:45:01] REINICIO: sesión george recreada
[08:50:01] OK (respuesta enviada correctamente)
[08:55:01] REINICIO: mensaje sin respuesta hace 4 min — reiniciando sesión george
[08:55:01] REINICIO: sesión george recreada
[09:00:01] OK (respuesta enviada correctamente)
[09:05:02] OK (respuesta enviada correctamente)
[09:10:01] OK (respuesta enviada correctamente)
[09:15:01] OK (mensaje hace 1 min, dentro del límite)
[09:20:01] OK (respuesta enviada correctamente)
[09:25:01] OK (respuesta enviada correctamente)
[09:30:01] OK (mensaje hace 1 min, dentro del límite)
[09:35:01] OK (respuesta enviada correctamente)
[09:40:01] OK (respuesta enviada correctamente)
[09:45:01] OK (respuesta enviada correctamente)
[09:50:01] OK (respuesta enviada correctamente)
[09:55:01] OK (respuesta enviada correctamente)
[10:00:02] OK (respuesta enviada correctamente)
[10:05:01] OK (respuesta enviada correctamente)
[10:10:01] OK (respuesta enviada correctamente)
[10:15:01] OK (respuesta enviada correctamente)
[10:20:01] OK (respuesta enviada correctamente)
[10:25:01] OK (respuesta enviada correctamente)
[10:30:01] OK (respuesta enviada correctamente)
[10:35:01] OK (respuesta enviada correctamente)
[10:40:01] OK (respuesta enviada correctamente)
[10:45:01] OK (respuesta enviada correctamente)
[10:50:01] OK (respuesta enviada correctamente)
[10:55:01] OK (respuesta enviada correctamente)
[11:00:02] OK (respuesta enviada correctamente)
[11:05:01] OK (respuesta enviada correctamente)
[11:10:01] OK (respuesta enviada correctamente)
[11:15:01] OK (respuesta enviada correctamente)
[11:20:01] OK (respuesta enviada correctamente)
[11:25:01] OK (respuesta enviada correctamente)
[11:30:01] OK (respuesta enviada correctamente)
[11:35:01] OK (respuesta enviada correctamente)
[11:40:01] OK (mensaje hace 1 min, dentro del límite)
[11:45:01] OK (respuesta enviada correctamente)
[11:50:01] OK (respuesta enviada correctamente)
[11:55:01] OK (respuesta enviada correctamente)
[12:00:01] OK (respuesta enviada correctamente)
[12:05:01] OK (respuesta enviada correctamente)
[12:10:01] OK (respuesta enviada correctamente)
[12:15:01] OK (respuesta enviada correctamente)
[12:20:01] OK (respuesta enviada correctamente)
[12:25:01] OK (mensaje hace 1 min, dentro del límite)
[12:30:01] OK (respuesta enviada correctamente)
[12:35:01] OK (respuesta enviada correctamente)
[12:40:01] OK (respuesta enviada correctamente)
[12:45:01] OK (respuesta enviada correctamente)
[12:50:01] OK (respuesta enviada correctamente)
[12:55:02] OK (respuesta enviada correctamente)
[13:00:01] OK (respuesta enviada correctamente)
[13:05:01] OK (respuesta enviada correctamente)
[13:10:01] OK (respuesta enviada correctamente)
[13:15:01] OK (respuesta enviada correctamente)
[13:20:01] OK (mensaje hace 1 min, dentro del límite)
[13:25:01] OK (mensaje hace 1 min, dentro del límite)
[13:30:02] OK (respuesta enviada correctamente)
[13:35:01] OK (respuesta enviada correctamente)
[13:40:01] OK (respuesta enviada correctamente)
[13:45:01] OK (respuesta enviada correctamente)
[13:50:01] OK (respuesta enviada correctamente)
[13:55:01] OK (respuesta enviada correctamente)
[14:00:01] OK (respuesta enviada correctamente)
[14:05:01] OK (respuesta enviada correctamente)
[14:10:01] OK (respuesta enviada correctamente)
[14:15:01] OK (respuesta enviada correctamente)
[14:20:01] OK (respuesta enviada correctamente)
[14:25:02] OK (respuesta enviada correctamente)
[14:30:01] OK (respuesta enviada correctamente)
[14:35:01] OK (respuesta enviada correctamente)
[14:40:01] OK (respuesta enviada correctamente)
[14:45:01] OK (respuesta enviada correctamente)
[14:50:01] OK (respuesta enviada correctamente)
[14:55:01] OK (respuesta enviada correctamente)
[15:00:01] OK (respuesta enviada correctamente)
[15:05:01] OK (respuesta enviada correctamente)
[15:10:01] OK (respuesta enviada correctamente)
[15:15:01] OK (respuesta enviada correctamente)
[15:20:02] OK (respuesta enviada correctamente)
[15:25:01] OK (respuesta enviada correctamente)
[15:30:01] OK (respuesta enviada correctamente)
[15:35:01] OK (respuesta enviada correctamente)
[15:40:01] OK (respuesta enviada correctamente)
[15:45:01] OK (respuesta enviada correctamente)
[15:50:01] OK (respuesta enviada correctamente)
[15:55:01] OK (respuesta enviada correctamente)
[16:00:01] OK (respuesta enviada correctamente)
[16:05:01] OK (respuesta enviada correctamente)
[16:10:01] OK (respuesta enviada correctamente)
[16:15:02] OK (respuesta enviada correctamente)
[16:20:01] OK (respuesta enviada correctamente)
[16:25:01] OK (respuesta enviada correctamente)
[16:30:01] OK (respuesta enviada correctamente)
[16:35:01] OK (respuesta enviada correctamente)
[16:40:01] OK (respuesta enviada correctamente)
[16:45:01] OK (respuesta enviada correctamente)
[16:50:01] OK (respuesta enviada correctamente)
[16:55:01] OK (respuesta enviada correctamente)
[17:00:01] OK (respuesta enviada correctamente)
[17:05:01] OK (respuesta enviada correctamente)
[17:10:02] OK (respuesta enviada correctamente)
[17:15:01] OK (respuesta enviada correctamente)
[17:20:01] OK (respuesta enviada correctamente)
[17:25:01] OK (respuesta enviada correctamente)
[17:30:01] OK (respuesta enviada correctamente)
[17:35:01] OK (respuesta enviada correctamente)
[17:40:01] OK (respuesta enviada correctamente)
[17:45:01] OK (respuesta enviada correctamente)
[17:50:01] OK (respuesta enviada correctamente)
[17:55:01] OK (respuesta enviada correctamente)
[18:00:01] OK (respuesta enviada correctamente)
[18:05:01] OK (respuesta enviada correctamente)
[18:10:02] OK (respuesta enviada correctamente)
[18:15:01] OK (respuesta enviada correctamente)
[18:20:01] OK (respuesta enviada correctamente)
[18:25:01] OK (respuesta enviada correctamente)
[18:30:01] OK (respuesta enviada correctamente)
[18:35:01] OK (respuesta enviada correctamente)
[18:40:01] OK (respuesta enviada correctamente)
[18:45:01] OK (respuesta enviada correctamente)
[18:50:01] OK (respuesta enviada correctamente)
[18:55:01] OK (respuesta enviada correctamente)
[19:00:01] OK (mensaje hace 1 min, dentro del límite)
[19:05:01] OK (respuesta enviada correctamente)
[19:10:01] OK (respuesta enviada correctamente)
[19:15:01] OK (respuesta enviada correctamente)
[19:20:01] OK (respuesta enviada correctamente)
[19:25:01] OK (respuesta enviada correctamente)
[19:30:01] OK (respuesta enviada correctamente)
[19:35:01] OK (respuesta enviada correctamente)
[19:40:01] OK (respuesta enviada correctamente)
[19:45:01] OK (respuesta enviada correctamente)
[19:50:01] OK (respuesta enviada correctamente)
[19:55:01] OK (mensaje hace 1 min, dentro del límite)
[20:00:01] REINICIO: mensaje sin respuesta hace 4 min — reiniciando sesión george
[20:00:01] REINICIO: sesión george recreada
[20:05:01] REINICIO: mensaje sin respuesta hace 9 min — reiniciando sesión george
[20:05:01] REINICIO: sesión george recreada
[20:10:01] REINICIO: mensaje sin respuesta hace 14 min — reiniciando sesión george
[20:10:01] REINICIO: sesión george recreada
[20:15:01] REINICIO: mensaje sin respuesta hace 19 min — reiniciando sesión george
[20:15:01] REINICIO: sesión george recreada
[20:20:01] REINICIO: mensaje sin respuesta hace 24 min — reiniciando sesión george
[20:20:01] REINICIO: sesión george recreada
[20:25:01] REINICIO: mensaje sin respuesta hace 29 min — reiniciando sesión george
[20:25:01] REINICIO: sesión george recreada
[20:30:02] REINICIO: mensaje sin respuesta hace 34 min — reiniciando sesión george
[20:30:02] REINICIO: sesión george recreada
[20:35:01] OK (mensaje hace 1 min, dentro del límite)
[20:40:01] OK (respuesta enviada correctamente)
[20:45:01] OK (respuesta enviada correctamente)
[20:50:01] OK (respuesta enviada correctamente)
[20:55:01] OK (respuesta enviada correctamente)
[21:00:01] OK (respuesta enviada correctamente)
[21:05:01] OK (respuesta enviada correctamente)
[21:10:01] OK (respuesta enviada correctamente)
[21:15:01] OK (respuesta enviada correctamente)
[21:20:01] OK (respuesta enviada correctamente)
[21:25:01] OK (respuesta enviada correctamente)
[21:30:01] OK (respuesta enviada correctamente)
[21:35:01] OK (respuesta enviada correctamente)
[21:40:01] OK (respuesta enviada correctamente)
[21:45:01] OK (respuesta enviada correctamente)
[21:50:01] OK (respuesta enviada correctamente)
[21:55:01] OK (respuesta enviada correctamente)
[22:00:01] OK (respuesta enviada correctamente)
[22:05:02] OK (respuesta enviada correctamente)
[22:10:01] OK (respuesta enviada correctamente)
[22:15:01] OK (respuesta enviada correctamente)
[22:20:01] OK (respuesta enviada correctamente)
[22:25:01] OK (respuesta enviada correctamente)
[22:30:01] OK (respuesta enviada correctamente)
[22:35:01] OK (respuesta enviada correctamente)
[22:40:01] OK (respuesta enviada correctamente)
[22:45:01] OK (respuesta enviada correctamente)
[22:50:01] OK (respuesta enviada correctamente)
[22:55:01] OK (respuesta enviada correctamente)
[23:00:01] OK (respuesta enviada correctamente)
[23:05:02] OK (respuesta enviada correctamente)
[23:10:01] OK (respuesta enviada correctamente)
[23:15:01] OK (respuesta enviada correctamente)
[23:20:01] OK (respuesta enviada correctamente)
[23:25:01] OK (respuesta enviada correctamente)
[23:30:01] OK (respuesta enviada correctamente)
[23:35:01] OK (respuesta enviada correctamente)
[23:40:01] OK (respuesta enviada correctamente)
[23:45:01] OK (respuesta enviada correctamente)
[23:50:01] OK (respuesta enviada correctamente)
[23:55:01] OK (respuesta enviada correctamente)
[00:00:01] OK (sin log hoy, sin mensajes pendientes)
[00:05:01] OK (sin log hoy, sin mensajes pendientes)
[00:10:01] OK (sin log hoy, sin mensajes pendientes)
[00:15:01] OK (sin log hoy, sin mensajes pendientes)
[00:20:01] OK (sin log hoy, sin mensajes pendientes)
[00:25:01] OK (sin log hoy, sin mensajes pendientes)
[00:30:01] OK (sin log hoy, sin mensajes pendientes)
[00:35:01] OK (sin log hoy, sin mensajes pendientes)
[00:40:01] OK (sin log hoy, sin mensajes pendientes)
[00:45:01] OK (sin log hoy, sin mensajes pendientes)
[00:50:01] OK (sin log hoy, sin mensajes pendientes)
[00:55:01] OK (sin log hoy, sin mensajes pendientes)
[01:00:01] OK (sin log hoy, sin mensajes pendientes)
[01:05:01] OK (sin log hoy, sin mensajes pendientes)
[01:10:01] OK (sin log hoy, sin mensajes pendientes)
[01:15:01] OK (sin log hoy, sin mensajes pendientes)
[01:20:01] OK (sin log hoy, sin mensajes pendientes)
[01:25:01] OK (sin log hoy, sin mensajes pendientes)
[01:30:01] OK (sin log hoy, sin mensajes pendientes)
[01:35:01] OK (sin log hoy, sin mensajes pendientes)
[01:40:01] OK (sin log hoy, sin mensajes pendientes)
[01:45:01] OK (sin log hoy, sin mensajes pendientes)
[01:50:01] OK (sin log hoy, sin mensajes pendientes)
[01:55:01] OK (sin log hoy, sin mensajes pendientes)
[02:00:01] OK (sin log hoy, sin mensajes pendientes)
[02:05:01] OK (sin log hoy, sin mensajes pendientes)
[02:10:01] OK (sin log hoy, sin mensajes pendientes)
[02:15:01] OK (sin log hoy, sin mensajes pendientes)
[02:20:01] OK (sin log hoy, sin mensajes pendientes)
[02:25:01] OK (sin log hoy, sin mensajes pendientes)
[02:30:01] OK (sin log hoy, sin mensajes pendientes)
[02:35:01] OK (sin log hoy, sin mensajes pendientes)
[02:40:01] OK (sin log hoy, sin mensajes pendientes)
[02:45:01] OK (sin log hoy, sin mensajes pendientes)
[02:50:01] OK (sin log hoy, sin mensajes pendientes)
[02:55:01] OK (sin log hoy, sin mensajes pendientes)
[03:00:01] OK (sin log hoy, sin mensajes pendientes)
[03:05:01] OK (sin log hoy, sin mensajes pendientes)
[03:10:01] OK (sin log hoy, sin mensajes pendientes)
[03:15:01] OK (sin log hoy, sin mensajes pendientes)
[03:20:01] OK (sin log hoy, sin mensajes pendientes)
[03:25:01] OK (sin log hoy, sin mensajes pendientes)
[03:30:01] OK (sin log hoy, sin mensajes pendientes)
[03:35:01] OK (sin log hoy, sin mensajes pendientes)
[03:40:01] OK (sin log hoy, sin mensajes pendientes)
[03:45:01] OK (sin log hoy, sin mensajes pendientes)
[03:50:01] OK (sin log hoy, sin mensajes pendientes)
[03:55:01] OK (sin log hoy, sin mensajes pendientes)
[04:00:02] OK (sin log hoy, sin mensajes pendientes)
[04:05:01] OK (sin log hoy, sin mensajes pendientes)
[04:10:01] OK (sin log hoy, sin mensajes pendientes)
[04:15:01] OK (sin log hoy, sin mensajes pendientes)
[04:20:01] OK (sin log hoy, sin mensajes pendientes)
[04:25:01] OK (sin log hoy, sin mensajes pendientes)
[04:30:01] OK (sin log hoy, sin mensajes pendientes)
[04:35:01] OK (sin log hoy, sin mensajes pendientes)
[04:40:01] OK (sin log hoy, sin mensajes pendientes)
[04:45:01] OK (sin log hoy, sin mensajes pendientes)
[04:50:01] OK (sin log hoy, sin mensajes pendientes)
[04:55:01] OK (sin log hoy, sin mensajes pendientes)
[05:00:01] OK (sin log hoy, sin mensajes pendientes)
[05:05:01] OK (sin log hoy, sin mensajes pendientes)
[05:10:01] OK (sin log hoy, sin mensajes pendientes)
[05:15:01] OK (sin log hoy, sin mensajes pendientes)
[05:20:01] OK (sin log hoy, sin mensajes pendientes)
[05:25:01] OK (sin log hoy, sin mensajes pendientes)
[05:30:01] OK (sin log hoy, sin mensajes pendientes)
[05:35:01] OK (sin log hoy, sin mensajes pendientes)
[05:40:01] OK (sin log hoy, sin mensajes pendientes)
[05:45:01] OK (sin log hoy, sin mensajes pendientes)
[05:50:01] OK (sin log hoy, sin mensajes pendientes)
[05:55:01] OK (sin log hoy, sin mensajes pendientes)
[06:00:01] OK (sin log hoy, sin mensajes pendientes)
[06:05:01] OK (sin log hoy, sin mensajes pendientes)
[06:10:01] OK (sin log hoy, sin mensajes pendientes)
[06:15:01] OK (sin log hoy, sin mensajes pendientes)
[06:20:01] OK (sin log hoy, sin mensajes pendientes)
[06:25:01] OK (respuesta enviada correctamente)
[06:30:02] OK (mensaje hace 1 min, dentro del límite)
[06:35:01] OK (respuesta enviada correctamente)
[06:40:01] OK (respuesta enviada correctamente)
[06:45:01] OK (respuesta enviada correctamente)
[06:50:01] OK (respuesta enviada correctamente)
[06:55:01] OK (mensaje hace 3 min, dentro del límite)
[07:00:01] REINICIO: mensaje sin respuesta hace 8 min — reiniciando sesión george
[07:00:01] REINICIO: sesión george recreada
[07:05:01] REINICIO: mensaje sin respuesta hace 13 min — reiniciando sesión george
[07:05:01] REINICIO: sesión george recreada
[07:10:01] REINICIO: mensaje sin respuesta hace 18 min — reiniciando sesión george
[07:10:01] REINICIO: sesión george recreada
[07:15:01] REINICIO: mensaje sin respuesta hace 23 min — reiniciando sesión george
[07:15:01] REINICIO: sesión george recreada
[07:20:01] OK (respuesta enviada correctamente)
[07:25:01] REINICIO: mensaje sin respuesta hace 5 min — reiniciando sesión george
[07:25:01] REINICIO: sesión george recreada
[07:30:01] OK (respuesta enviada correctamente)
[07:35:01] OK (respuesta enviada correctamente)
[07:40:01] OK (respuesta enviada correctamente)
[07:45:01] OK (respuesta enviada correctamente)
[07:50:01] OK (respuesta enviada correctamente)
[07:55:01] OK (mensaje hace 1 min, dentro del límite)
[08:00:02] OK (respuesta enviada correctamente)
[08:05:01] OK (respuesta enviada correctamente)
[08:10:01] OK (respuesta enviada correctamente)
[08:15:01] OK (respuesta enviada correctamente)
[08:20:01] OK (respuesta enviada correctamente)
[08:25:01] OK (respuesta enviada correctamente)
[08:30:01] OK (respuesta enviada correctamente)
[08:35:01] OK (respuesta enviada correctamente)
[08:40:01] OK (respuesta enviada correctamente)
[08:45:01] OK (mensaje hace 1 min, dentro del límite)
[08:50:01] OK (respuesta enviada correctamente)
[08:55:01] OK (respuesta enviada correctamente)
[09:00:02] OK (respuesta enviada correctamente)
[09:05:01] OK (mensaje hace 1 min, dentro del límite)
[09:10:01] OK (respuesta enviada correctamente)
[09:15:01] OK (respuesta enviada correctamente)
[09:20:01] OK (respuesta enviada correctamente)
[09:25:01] OK (respuesta enviada correctamente)
[09:30:01] OK (respuesta enviada correctamente)
[09:35:01] OK (respuesta enviada correctamente)
[09:40:01] OK (respuesta enviada correctamente)
[09:45:01] OK (respuesta enviada correctamente)
[09:50:01] OK (respuesta enviada correctamente)
[09:55:01] OK (respuesta enviada correctamente)
[10:00:01] OK (respuesta enviada correctamente)
[10:05:01] OK (respuesta enviada correctamente)
[10:10:01] OK (respuesta enviada correctamente)
[10:15:01] OK (respuesta enviada correctamente)
[10:20:01] OK (respuesta enviada correctamente)
[10:25:01] OK (respuesta enviada correctamente)
[10:30:01] OK (respuesta enviada correctamente)
[10:35:02] OK (respuesta enviada correctamente)
[10:40:01] OK (respuesta enviada correctamente)
[10:45:01] OK (respuesta enviada correctamente)
[10:50:01] OK (respuesta enviada correctamente)
[10:55:01] OK (respuesta enviada correctamente)
[11:00:01] OK (respuesta enviada correctamente)
[11:05:01] OK (respuesta enviada correctamente)
[11:10:01] OK (respuesta enviada correctamente)
[11:15:01] OK (respuesta enviada correctamente)
[11:20:01] OK (respuesta enviada correctamente)
[11:25:01] OK (respuesta enviada correctamente)
[11:30:01] OK (respuesta enviada correctamente)
[11:35:01] OK (respuesta enviada correctamente)
[11:40:01] OK (respuesta enviada correctamente)
[11:45:01] OK (respuesta enviada correctamente)
[11:50:01] OK (respuesta enviada correctamente)
[11:55:01] OK (respuesta enviada correctamente)
[12:00:01] OK (respuesta enviada correctamente)
[12:05:01] OK (respuesta enviada correctamente)
[12:10:01] OK (respuesta enviada correctamente)
[12:15:01] OK (respuesta enviada correctamente)
[12:20:01] OK (respuesta enviada correctamente)
[12:25:01] OK (respuesta enviada correctamente)
[12:30:01] OK (respuesta enviada correctamente)
[12:35:01] OK (respuesta enviada correctamente)
[12:40:01] OK (respuesta enviada correctamente)
[12:45:01] OK (respuesta enviada correctamente)
[12:50:01] OK (respuesta enviada correctamente)
[12:55:01] OK (respuesta enviada correctamente)
[13:00:01] OK (respuesta enviada correctamente)
[13:05:01] OK (respuesta enviada correctamente)
[13:10:01] OK (mensaje hace 1 min, dentro del límite)
[13:15:01] REINICIO: mensaje sin respuesta hace 4 min — reiniciando sesión george
[13:15:01] REINICIO: sesión george recreada
[13:20:01] REINICIO: mensaje sin respuesta hace 9 min — reiniciando sesión george
[13:20:01] REINICIO: sesión george recreada
[13:25:01] REINICIO: mensaje sin respuesta hace 14 min — reiniciando sesión george
[13:25:01] REINICIO: sesión george recreada
[13:30:01] REINICIO: mensaje sin respuesta hace 19 min — reiniciando sesión george
[13:30:01] REINICIO: sesión george recreada
[13:35:01] REINICIO: mensaje sin respuesta hace 24 min — reiniciando sesión george
[13:35:01] REINICIO: sesión george recreada
[13:40:01] REINICIO: mensaje sin respuesta hace 5 min — reiniciando sesión george
[13:40:01] REINICIO: sesión george recreada
[13:45:01] REINICIO: mensaje sin respuesta hace 10 min — reiniciando sesión george
[13:45:01] REINICIO: sesión george recreada
[13:50:01] REINICIO: mensaje sin respuesta hace 15 min — reiniciando sesión george
[13:50:01] REINICIO: sesión george recreada
[13:55:01] REINICIO: mensaje sin respuesta hace 20 min — reiniciando sesión george
[13:55:01] REINICIO: sesión george recreada
[14:00:01] REINICIO: mensaje sin respuesta hace 25 min — reiniciando sesión george
[14:00:01] REINICIO: sesión george recreada
[14:05:01] REINICIO: mensaje sin respuesta hace 30 min — reiniciando sesión george
[14:05:01] REINICIO: sesión george recreada
[14:10:01] REINICIO: mensaje sin respuesta hace 35 min — reiniciando sesión george
[14:10:01] REINICIO: sesión george recreada
[14:15:01] REINICIO: mensaje sin respuesta hace 40 min — reiniciando sesión george
[14:15:01] REINICIO: sesión george recreada
[14:20:01] REINICIO: mensaje sin respuesta hace 45 min — reiniciando sesión george
[14:20:01] REINICIO: sesión george recreada
[14:25:01] REINICIO: mensaje sin respuesta hace 50 min — reiniciando sesión george
[14:25:01] REINICIO: sesión george recreada
[14:30:01] REINICIO: mensaje sin respuesta hace 55 min — reiniciando sesión george
[14:30:01] REINICIO: sesión george recreada
[14:35:01] REINICIO: mensaje sin respuesta hace 60 min — reiniciando sesión george
[14:35:01] REINICIO: sesión george recreada
[14:40:01] REINICIO: mensaje sin respuesta hace 65 min — reiniciando sesión george
[14:40:01] REINICIO: sesión george recreada
[14:45:01] REINICIO: mensaje sin respuesta hace 70 min — reiniciando sesión george
[14:45:01] REINICIO: sesión george recreada
[14:50:01] REINICIO: mensaje sin respuesta hace 75 min — reiniciando sesión george
[14:50:01] REINICIO: sesión george recreada
[14:55:01] REINICIO: mensaje sin respuesta hace 80 min — reiniciando sesión george
[14:55:01] REINICIO: sesión george recreada
[15:00:01] REINICIO: mensaje sin respuesta hace 85 min — reiniciando sesión george
[15:00:01] REINICIO: sesión george recreada
[15:05:01] REINICIO: mensaje sin respuesta hace 90 min — reiniciando sesión george
[15:05:01] REINICIO: sesión george recreada
[15:10:01] REINICIO: mensaje sin respuesta hace 95 min — reiniciando sesión george
[15:10:01] REINICIO: sesión george recreada
[15:15:01] REINICIO: mensaje sin respuesta hace 100 min — reiniciando sesión george
[15:15:01] REINICIO: sesión george recreada
[15:20:01] REINICIO: mensaje sin respuesta hace 105 min — reiniciando sesión george
[15:20:01] REINICIO: sesión george recreada
[15:25:01] REINICIO: mensaje sin respuesta hace 110 min — reiniciando sesión george
[15:25:01] REINICIO: sesión george recreada
[15:30:01] REINICIO: mensaje sin respuesta hace 115 min — reiniciando sesión george
[15:30:01] REINICIO: sesión george recreada
[15:35:01] REINICIO: mensaje sin respuesta hace 120 min — reiniciando sesión george
[15:35:01] REINICIO: sesión george recreada
[15:40:01] REINICIO: mensaje sin respuesta hace 125 min — reiniciando sesión george
[15:40:01] REINICIO: sesión george recreada
[15:45:01] REINICIO: mensaje sin respuesta hace 130 min — reiniciando sesión george
[15:45:01] REINICIO: sesión george recreada
[15:50:01] REINICIO: mensaje sin respuesta hace 135 min — reiniciando sesión george
[15:50:01] REINICIO: sesión george recreada
[15:55:01] REINICIO: mensaje sin respuesta hace 140 min — reiniciando sesión george
[15:55:01] REINICIO: sesión george recreada
[16:00:01] REINICIO: mensaje sin respuesta hace 145 min — reiniciando sesión george
[16:00:01] REINICIO: sesión george recreada
[16:05:01] REINICIO: mensaje sin respuesta hace 150 min — reiniciando sesión george
[16:05:01] REINICIO: sesión george recreada
[16:10:01] REINICIO: mensaje sin respuesta hace 155 min — reiniciando sesión george
[16:10:01] REINICIO: sesión george recreada
[16:15:01] REINICIO: mensaje sin respuesta hace 160 min — reiniciando sesión george
[16:15:01] REINICIO: sesión george recreada
[16:20:01] REINICIO: mensaje sin respuesta hace 165 min — reiniciando sesión george
[16:20:01] REINICIO: sesión george recreada
[16:25:01] REINICIO: mensaje sin respuesta hace 170 min — reiniciando sesión george
[16:25:01] REINICIO: sesión george recreada
[16:30:01] REINICIO: mensaje sin respuesta hace 175 min — reiniciando sesión george
[16:30:01] REINICIO: sesión george recreada
[16:35:01] REINICIO: mensaje sin respuesta hace 180 min — reiniciando sesión george
[16:35:01] REINICIO: sesión george recreada
[16:40:01] REINICIO: mensaje sin respuesta hace 185 min — reiniciando sesión george
[16:40:01] REINICIO: sesión george recreada
[16:45:01] REINICIO: mensaje sin respuesta hace 190 min — reiniciando sesión george
[16:45:01] REINICIO: sesión george recreada
[16:50:01] REINICIO: mensaje sin respuesta hace 195 min — reiniciando sesión george
[16:50:01] REINICIO: sesión george recreada
[16:55:01] REINICIO: mensaje sin respuesta hace 200 min — reiniciando sesión george
[16:55:01] REINICIO: sesión george recreada
[17:00:01] REINICIO: mensaje sin respuesta hace 205 min — reiniciando sesión george
[17:00:01] REINICIO: sesión george recreada
[17:05:01] REINICIO: mensaje sin respuesta hace 210 min — reiniciando sesión george
[17:05:01] REINICIO: sesión george recreada
[17:10:01] REINICIO: mensaje sin respuesta hace 215 min — reiniciando sesión george
[17:10:01] REINICIO: sesión george recreada
[17:15:01] REINICIO: mensaje sin respuesta hace 220 min — reiniciando sesión george
[17:15:01] REINICIO: sesión george recreada
[17:20:01] REINICIO: mensaje sin respuesta hace 225 min — reiniciando sesión george
[17:20:01] REINICIO: sesión george recreada
[17:25:01] REINICIO: mensaje sin respuesta hace 230 min — reiniciando sesión george
[17:25:01] REINICIO: sesión george recreada
[17:30:01] REINICIO: mensaje sin respuesta hace 235 min — reiniciando sesión george
[17:30:01] REINICIO: sesión george recreada
[17:35:01] REINICIO: mensaje sin respuesta hace 240 min — reiniciando sesión george
[17:35:01] REINICIO: sesión george recreada
[17:40:01] REINICIO: mensaje sin respuesta hace 245 min — reiniciando sesión george
[17:40:01] REINICIO: sesión george recreada
[17:45:01] REINICIO: mensaje sin respuesta hace 250 min — reiniciando sesión george
[17:45:01] REINICIO: sesión george recreada
[17:50:01] REINICIO: mensaje sin respuesta hace 4 min — reiniciando sesión george
[17:50:01] REINICIO: sesión george recreada
[17:55:01] REINICIO: mensaje sin respuesta hace 9 min — reiniciando sesión george
[17:55:01] REINICIO: sesión george recreada
[18:00:02] REINICIO: mensaje sin respuesta hace 14 min — reiniciando sesión george
[18:00:02] REINICIO: sesión george recreada
[18:05:01] REINICIO: mensaje sin respuesta hace 19 min — reiniciando sesión george
[18:05:01] REINICIO: sesión george recreada
[18:10:01] REINICIO: mensaje sin respuesta hace 24 min — reiniciando sesión george
[18:10:01] REINICIO: sesión george recreada
[18:15:01] REINICIO: mensaje sin respuesta hace 29 min — reiniciando sesión george
[18:15:01] REINICIO: sesión george recreada
[18:20:01] REINICIO: mensaje sin respuesta hace 34 min — reiniciando sesión george
[18:20:01] REINICIO: sesión george recreada
[18:25:01] REINICIO: mensaje sin respuesta hace 39 min — reiniciando sesión george
[18:25:01] REINICIO: sesión george recreada
[18:30:01] REINICIO: mensaje sin respuesta hace 44 min — reiniciando sesión george
[18:30:01] REINICIO: sesión george recreada
[18:35:01] REINICIO: mensaje sin respuesta hace 49 min — reiniciando sesión george
[18:35:01] REINICIO: sesión george recreada
[18:40:01] REINICIO: mensaje sin respuesta hace 54 min — reiniciando sesión george
[18:40:01] REINICIO: sesión george recreada
[18:45:01] REINICIO: mensaje sin respuesta hace 59 min — reiniciando sesión george
[18:45:01] REINICIO: sesión george recreada
[18:50:01] REINICIO: mensaje sin respuesta hace 64 min — reiniciando sesión george
[18:50:01] REINICIO: sesión george recreada
[18:55:01] REINICIO: mensaje sin respuesta hace 69 min — reiniciando sesión george
[18:55:01] REINICIO: sesión george recreada
[19:00:01] REINICIO: mensaje sin respuesta hace 74 min — reiniciando sesión george
[19:00:01] REINICIO: sesión george recreada
[19:05:01] REINICIO: mensaje sin respuesta hace 79 min — reiniciando sesión george
[19:05:01] REINICIO: sesión george recreada
[19:10:01] REINICIO: mensaje sin respuesta hace 4 min — reiniciando sesión george
[19:10:01] REINICIO: sesión george recreada
[19:15:01] REINICIO: mensaje sin respuesta hace 9 min — reiniciando sesión george
[19:15:01] REINICIO: sesión george recreada
[19:20:01] REINICIO: mensaje sin respuesta hace 14 min — reiniciando sesión george
[19:20:01] REINICIO: sesión george recreada
[19:25:01] REINICIO: mensaje sin respuesta hace 19 min — reiniciando sesión george
[19:25:01] REINICIO: sesión george recreada
[19:30:01] REINICIO: mensaje sin respuesta hace 24 min — reiniciando sesión george
[19:30:01] REINICIO: sesión george recreada
[19:35:01] OK (mensaje hace 2 min, dentro del límite)
[19:40:01] REINICIO: mensaje sin respuesta hace 7 min — reiniciando sesión george
[19:40:01] REINICIO: sesión george recreada
[19:45:01] REINICIO: mensaje sin respuesta hace 12 min — reiniciando sesión george
[19:45:01] REINICIO: sesión george recreada
[19:50:01] REINICIO: mensaje sin respuesta hace 17 min — reiniciando sesión george
[19:50:01] REINICIO: sesión george recreada
[19:55:01] REINICIO: mensaje sin respuesta hace 22 min — reiniciando sesión george
[19:55:01] REINICIO: sesión george recreada
[20:00:02] REINICIO: mensaje sin respuesta hace 27 min — reiniciando sesión george
[20:00:02] REINICIO: sesión george recreada
[20:05:01] REINICIO: mensaje sin respuesta hace 32 min — reiniciando sesión george
[20:05:01] REINICIO: sesión george recreada
[20:10:01] REINICIO: mensaje sin respuesta hace 37 min — reiniciando sesión george
[20:10:01] REINICIO: sesión george recreada
[20:15:01] REINICIO: mensaje sin respuesta hace 42 min — reiniciando sesión george
[20:15:01] REINICIO: sesión george recreada
[20:20:01] REINICIO: mensaje sin respuesta hace 47 min — reiniciando sesión george
[20:20:01] REINICIO: sesión george recreada
[20:25:01] REINICIO: mensaje sin respuesta hace 52 min — reiniciando sesión george
[20:25:01] REINICIO: sesión george recreada
[20:30:01] REINICIO: mensaje sin respuesta hace 57 min — reiniciando sesión george
[20:30:01] REINICIO: sesión george recreada
[20:35:01] REINICIO: mensaje sin respuesta hace 62 min — reiniciando sesión george
[20:35:01] REINICIO: sesión george recreada
[20:40:01] REINICIO: mensaje sin respuesta hace 67 min — reiniciando sesión george
[20:40:01] REINICIO: sesión george recreada
[20:45:01] REINICIO: mensaje sin respuesta hace 72 min — reiniciando sesión george
[20:45:01] REINICIO: sesión george recreada
[20:50:01] REINICIO: mensaje sin respuesta hace 77 min — reiniciando sesión george
[20:50:01] REINICIO: sesión george recreada
[20:55:01] REINICIO: mensaje sin respuesta hace 82 min — reiniciando sesión george
[20:55:01] REINICIO: sesión george recreada
[21:00:01] REINICIO: mensaje sin respuesta hace 87 min — reiniciando sesión george
[21:00:01] REINICIO: sesión george recreada
[21:05:01] OK (mensaje hace 1 min, dentro del límite)
[21:10:01] OK (mensaje hace 1 min, dentro del límite)
[21:15:01] ALERTA: sesión tmux 'george' no encontrada — reiniciando
[21:15:01] REINICIO: sesión george creada
[21:20:01] OK (respuesta enviada correctamente)
[21:25:01] OK (respuesta enviada correctamente)
[21:30:01] OK (mensaje hace 1 min, dentro del límite)
[21:35:02] OK (mensaje hace 1 min, dentro del límite)
[21:40:01] OK (respuesta enviada correctamente)
[21:45:01] OK (respuesta enviada correctamente)
[21:50:01] OK (respuesta enviada correctamente)
[21:55:01] OK (respuesta enviada correctamente)
[22:00:01] OK (respuesta enviada correctamente)
[22:05:01] OK (respuesta enviada correctamente)
[22:10:01] OK (respuesta enviada correctamente)
[22:15:01] OK (respuesta enviada correctamente)
[22:20:01] OK (respuesta enviada correctamente)
[22:25:01] OK (respuesta enviada correctamente)
[22:30:02] OK (respuesta enviada correctamente)
[22:35:01] OK (respuesta enviada correctamente)
[22:40:01] OK (respuesta enviada correctamente)
[22:45:01] OK (respuesta enviada correctamente)
[22:50:01] OK (respuesta enviada correctamente)
[22:55:01] OK (respuesta enviada correctamente)
[23:00:01] OK (respuesta enviada correctamente)
[23:05:01] OK (respuesta enviada correctamente)
[23:10:01] OK (respuesta enviada correctamente)
[23:15:01] OK (respuesta enviada correctamente)
[23:20:01] OK (respuesta enviada correctamente)
[23:25:01] OK (respuesta enviada correctamente)
[23:30:01] OK (respuesta enviada correctamente)
[23:35:01] OK (respuesta enviada correctamente)
[23:40:01] OK (respuesta enviada correctamente)
[23:45:01] OK (respuesta enviada correctamente)
[23:50:01] OK (respuesta enviada correctamente)
[23:55:01] OK (respuesta enviada correctamente)
[00:00:01] OK (sin log hoy, sin mensajes pendientes)
[00:05:01] OK (sin log hoy, sin mensajes pendientes)
[00:10:01] OK (sin log hoy, sin mensajes pendientes)
[00:15:01] OK (sin log hoy, sin mensajes pendientes)
[00:20:01] OK (sin log hoy, sin mensajes pendientes)
[00:25:01] OK (sin log hoy, sin mensajes pendientes)
[00:30:01] OK (sin log hoy, sin mensajes pendientes)
[00:35:01] OK (sin log hoy, sin mensajes pendientes)
[00:40:01] OK (sin log hoy, sin mensajes pendientes)
[00:45:01] OK (sin log hoy, sin mensajes pendientes)
[00:50:01] OK (sin log hoy, sin mensajes pendientes)
[00:55:01] OK (sin log hoy, sin mensajes pendientes)
[01:00:01] OK (sin log hoy, sin mensajes pendientes)
[01:05:01] OK (sin log hoy, sin mensajes pendientes)
[01:10:01] OK (sin log hoy, sin mensajes pendientes)
[01:15:01] OK (sin log hoy, sin mensajes pendientes)
[01:20:01] OK (sin log hoy, sin mensajes pendientes)
[01:25:01] OK (sin log hoy, sin mensajes pendientes)
[01:30:01] OK (sin log hoy, sin mensajes pendientes)
[01:35:01] OK (sin log hoy, sin mensajes pendientes)
[01:40:01] OK (sin log hoy, sin mensajes pendientes)
[01:45:01] OK (sin log hoy, sin mensajes pendientes)
[01:50:01] OK (sin log hoy, sin mensajes pendientes)
[01:55:01] OK (sin log hoy, sin mensajes pendientes)
[02:00:02] OK (sin log hoy, sin mensajes pendientes)
[02:05:01] OK (sin log hoy, sin mensajes pendientes)
[02:10:01] OK (sin log hoy, sin mensajes pendientes)
[02:15:01] OK (sin log hoy, sin mensajes pendientes)
[02:20:01] OK (sin log hoy, sin mensajes pendientes)
[02:25:01] OK (sin log hoy, sin mensajes pendientes)
[02:30:01] OK (sin log hoy, sin mensajes pendientes)
[02:35:01] OK (sin log hoy, sin mensajes pendientes)
[02:40:01] OK (sin log hoy, sin mensajes pendientes)
[02:45:01] OK (sin log hoy, sin mensajes pendientes)
[02:50:01] OK (sin log hoy, sin mensajes pendientes)
[02:55:01] OK (sin log hoy, sin mensajes pendientes)
[03:00:01] OK (sin log hoy, sin mensajes pendientes)
[03:05:01] OK (sin log hoy, sin mensajes pendientes)
[03:10:01] OK (sin log hoy, sin mensajes pendientes)
[03:15:01] OK (sin log hoy, sin mensajes pendientes)
[03:20:01] OK (sin log hoy, sin mensajes pendientes)
[03:25:01] OK (sin log hoy, sin mensajes pendientes)
[03:30:01] OK (sin log hoy, sin mensajes pendientes)
[03:35:02] OK (sin log hoy, sin mensajes pendientes)
[03:40:01] OK (sin log hoy, sin mensajes pendientes)
[03:45:01] OK (sin log hoy, sin mensajes pendientes)
[03:50:01] OK (sin log hoy, sin mensajes pendientes)
[03:55:01] OK (sin log hoy, sin mensajes pendientes)
[04:00:01] OK (sin log hoy, sin mensajes pendientes)
[04:05:01] OK (sin log hoy, sin mensajes pendientes)
[04:10:01] OK (sin log hoy, sin mensajes pendientes)
[04:15:01] OK (sin log hoy, sin mensajes pendientes)
[04:20:01] OK (sin log hoy, sin mensajes pendientes)
[04:25:01] OK (sin log hoy, sin mensajes pendientes)
[04:30:01] OK (sin log hoy, sin mensajes pendientes)
[04:35:01] OK (sin log hoy, sin mensajes pendientes)
[04:40:01] OK (sin log hoy, sin mensajes pendientes)
[04:45:01] OK (sin log hoy, sin mensajes pendientes)
[04:50:01] OK (sin log hoy, sin mensajes pendientes)
[04:55:01] OK (sin log hoy, sin mensajes pendientes)
[05:00:01] OK (sin log hoy, sin mensajes pendientes)
[05:05:01] OK (sin log hoy, sin mensajes pendientes)
[05:10:01] OK (sin log hoy, sin mensajes pendientes)
[05:15:01] OK (sin log hoy, sin mensajes pendientes)
[05:20:01] OK (respuesta enviada correctamente)
[05:25:01] OK (respuesta enviada correctamente)
[05:30:01] OK (respuesta enviada correctamente)
[05:35:01] OK (respuesta enviada correctamente)
[05:40:01] OK (respuesta enviada correctamente)
[05:45:01] OK (respuesta enviada correctamente)
[05:50:01] OK (respuesta enviada correctamente)
[05:55:01] OK (respuesta enviada correctamente)
[06:00:01] OK (respuesta enviada correctamente)
[06:05:01] OK (respuesta enviada correctamente)
[06:10:01] OK (respuesta enviada correctamente)
[06:15:01] OK (respuesta enviada correctamente)
[06:20:01] OK (respuesta enviada correctamente)
[06:25:01] OK (respuesta enviada correctamente)
[06:30:01] OK (respuesta enviada correctamente)
[06:35:01] OK (respuesta enviada correctamente)
[06:40:01] OK (respuesta enviada correctamente)
[06:45:01] OK (respuesta enviada correctamente)
[06:50:01] OK (respuesta enviada correctamente)
[06:55:01] OK (respuesta enviada correctamente)
[07:00:01] OK (respuesta enviada correctamente)
[07:05:01] OK (respuesta enviada correctamente)
[07:10:01] OK (respuesta enviada correctamente)
[07:15:01] OK (respuesta enviada correctamente)
[07:20:01] OK (respuesta enviada correctamente)
[07:25:01] OK (respuesta enviada correctamente)
[07:30:01] OK (mensaje hace 3 min, dentro del límite)
[07:35:01] OK (mensaje hace 3 min, dentro del límite)
[07:40:01] REINICIO: mensaje sin respuesta hace 8 min — reiniciando sesión george
[07:40:01] REINICIO: sesión george recreada
[07:45:01] REINICIO: mensaje sin respuesta hace 13 min — reiniciando sesión george
[07:45:01] REINICIO: sesión george recreada
[07:50:01] REINICIO: mensaje sin respuesta hace 18 min — reiniciando sesión george
[07:50:01] REINICIO: sesión george recreada
[07:55:01] REINICIO: mensaje sin respuesta hace 23 min — reiniciando sesión george
[07:55:01] REINICIO: sesión george recreada
[08:00:01] REINICIO: mensaje sin respuesta hace 28 min — reiniciando sesión george
[08:00:01] REINICIO: sesión george recreada
[08:05:01] REINICIO: mensaje sin respuesta hace 33 min — reiniciando sesión george
[08:05:01] REINICIO: sesión george recreada
[08:10:01] REINICIO: mensaje sin respuesta hace 38 min — reiniciando sesión george
[08:10:01] REINICIO: sesión george recreada
[08:15:01] REINICIO: mensaje sin respuesta hace 43 min — reiniciando sesión george
[08:15:01] REINICIO: sesión george recreada
[08:20:01] REINICIO: mensaje sin respuesta hace 48 min — reiniciando sesión george
[08:20:01] REINICIO: sesión george recreada
[08:25:01] OK (mensaje hace 2 min, dentro del límite)
[08:30:01] REINICIO: mensaje sin respuesta hace 7 min — reiniciando sesión george
[08:30:01] REINICIO: sesión george recreada
[08:35:01] REINICIO: mensaje sin respuesta hace 12 min — reiniciando sesión george
[08:35:01] REINICIO: sesión george recreada
[08:40:01] REINICIO: mensaje sin respuesta hace 17 min — reiniciando sesión george
[08:40:01] REINICIO: sesión george recreada
[08:45:01] OK (respuesta enviada correctamente)
[08:50:01] OK (respuesta enviada correctamente)
[08:55:01] OK (respuesta enviada correctamente)
[09:00:02] OK (mensaje hace 3 min, dentro del límite)
[09:05:01] OK (respuesta enviada correctamente)
[09:10:01] OK (respuesta enviada correctamente)
[09:15:01] OK (respuesta enviada correctamente)
[09:20:01] OK (respuesta enviada correctamente)
[09:25:01] OK (respuesta enviada correctamente)
[09:30:01] OK (respuesta enviada correctamente)
[09:35:01] OK (respuesta enviada correctamente)
[09:40:01] OK (respuesta enviada correctamente)
[09:45:01] OK (respuesta enviada correctamente)
[09:50:01] OK (respuesta enviada correctamente)
[09:55:01] OK (respuesta enviada correctamente)
[10:00:01] OK (respuesta enviada correctamente)
[10:05:01] OK (respuesta enviada correctamente)
[10:10:01] OK (respuesta enviada correctamente)
[10:15:01] OK (respuesta enviada correctamente)
[10:20:01] OK (respuesta enviada correctamente)
[10:25:01] OK (respuesta enviada correctamente)
[10:30:01] OK (respuesta enviada correctamente)
[10:35:01] OK (respuesta enviada correctamente)
[10:40:01] OK (respuesta enviada correctamente)
[10:45:01] OK (respuesta enviada correctamente)
[10:50:01] OK (respuesta enviada correctamente)
[10:55:01] OK (respuesta enviada correctamente)
[11:00:01] OK (respuesta enviada correctamente)
[11:05:01] OK (respuesta enviada correctamente)
[11:10:01] OK (respuesta enviada correctamente)
[11:15:01] OK (respuesta enviada correctamente)
[11:20:01] OK (respuesta enviada correctamente)
[11:25:01] OK (respuesta enviada correctamente)
[11:30:01] OK (respuesta enviada correctamente)
[11:35:01] OK (respuesta enviada correctamente)
[11:40:01] OK (respuesta enviada correctamente)
[11:45:01] OK (respuesta enviada correctamente)
[11:50:01] OK (respuesta enviada correctamente)
[11:55:01] OK (respuesta enviada correctamente)
[12:00:01] OK (respuesta enviada correctamente)
[12:05:01] OK (respuesta enviada correctamente)
[12:10:01] OK (respuesta enviada correctamente)
[12:15:01] OK (respuesta enviada correctamente)
[12:20:01] OK (respuesta enviada correctamente)
[12:25:01] OK (respuesta enviada correctamente)
[12:30:01] OK (respuesta enviada correctamente)
[12:35:01] OK (respuesta enviada correctamente)
[12:40:01] OK (respuesta enviada correctamente)
[12:45:01] OK (respuesta enviada correctamente)
[12:50:01] OK (respuesta enviada correctamente)
[12:55:01] OK (respuesta enviada correctamente)
[13:00:01] OK (respuesta enviada correctamente)
[13:05:01] OK (respuesta enviada correctamente)
[13:10:01] OK (respuesta enviada correctamente)
[13:15:01] OK (respuesta enviada correctamente)
[13:20:01] OK (respuesta enviada correctamente)
[13:25:01] OK (respuesta enviada correctamente)
[13:30:01] OK (respuesta enviada correctamente)
[13:35:01] OK (respuesta enviada correctamente)
[13:40:01] OK (respuesta enviada correctamente)
[13:45:01] OK (respuesta enviada correctamente)
[13:50:01] OK (respuesta enviada correctamente)
[13:55:01] OK (respuesta enviada correctamente)
[14:00:01] OK (respuesta enviada correctamente)
[14:05:01] OK (respuesta enviada correctamente)
[14:10:01] OK (respuesta enviada correctamente)
[14:15:01] OK (respuesta enviada correctamente)
[14:20:01] OK (respuesta enviada correctamente)
[14:25:01] OK (respuesta enviada correctamente)
[14:30:01] OK (respuesta enviada correctamente)
[14:35:01] OK (respuesta enviada correctamente)
[14:40:01] OK (respuesta enviada correctamente)
[14:45:01] OK (respuesta enviada correctamente)
[14:50:01] OK (respuesta enviada correctamente)
[14:55:01] OK (respuesta enviada correctamente)
[15:00:01] OK (respuesta enviada correctamente)
[15:05:01] OK (respuesta enviada correctamente)
[15:10:01] OK (respuesta enviada correctamente)
[15:15:01] OK (respuesta enviada correctamente)
[15:20:01] OK (respuesta enviada correctamente)
[15:25:01] OK (respuesta enviada correctamente)
[15:30:01] OK (respuesta enviada correctamente)
[15:35:01] OK (respuesta enviada correctamente)
[15:40:01] OK (respuesta enviada correctamente)
[15:45:01] OK (respuesta enviada correctamente)
[15:50:01] OK (respuesta enviada correctamente)
[15:55:01] OK (respuesta enviada correctamente)
[16:00:01] OK (respuesta enviada correctamente)
[16:05:01] OK (respuesta enviada correctamente)
[16:10:02] OK (respuesta enviada correctamente)
[16:15:01] OK (respuesta enviada correctamente)
[16:20:01] OK (respuesta enviada correctamente)
[16:25:01] OK (respuesta enviada correctamente)
[16:30:01] OK (respuesta enviada correctamente)
[16:35:01] OK (respuesta enviada correctamente)
[16:40:01] OK (respuesta enviada correctamente)
[16:45:01] OK (respuesta enviada correctamente)
[16:50:01] OK (respuesta enviada correctamente)
[16:55:01] OK (respuesta enviada correctamente)
[17:00:01] OK (mensaje hace 1 min, dentro del límite)
[17:05:01] OK (respuesta enviada correctamente)
[17:10:01] REINICIO: mensaje sin respuesta hace 5 min — reiniciando sesión george
[17:10:01] REINICIO: sesión george recreada
[17:15:01] REINICIO: mensaje sin respuesta hace 10 min — reiniciando sesión george
[17:15:01] REINICIO: sesión george recreada
[17:20:01] REINICIO: mensaje sin respuesta hace 15 min — reiniciando sesión george
[17:20:01] REINICIO: sesión george recreada
[17:25:01] REINICIO: mensaje sin respuesta hace 20 min — reiniciando sesión george
[17:25:01] REINICIO: sesión george recreada
[17:30:01] REINICIO: mensaje sin respuesta hace 25 min — reiniciando sesión george
[17:30:01] REINICIO: sesión george recreada
[17:35:01] REINICIO: mensaje sin respuesta hace 30 min — reiniciando sesión george
[17:35:01] REINICIO: sesión george recreada
[17:40:02] REINICIO: mensaje sin respuesta hace 35 min — reiniciando sesión george
[17:40:02] REINICIO: sesión george recreada
[17:45:01] OK (respuesta enviada correctamente)
[17:50:01] OK (respuesta enviada correctamente)
[17:55:01] OK (respuesta enviada correctamente)
[18:00:01] OK (respuesta enviada correctamente)
[18:05:01] OK (respuesta enviada correctamente)
[18:10:01] OK (respuesta enviada correctamente)
[18:15:01] OK (respuesta enviada correctamente)
[18:20:01] OK (respuesta enviada correctamente)
[18:25:01] OK (respuesta enviada correctamente)
[18:30:01] OK (respuesta enviada correctamente)
[18:35:02] OK (respuesta enviada correctamente)
[18:40:01] OK (respuesta enviada correctamente)
[18:45:01] OK (respuesta enviada correctamente)
[18:50:01] OK (respuesta enviada correctamente)
[18:55:01] OK (respuesta enviada correctamente)
[19:00:01] OK (respuesta enviada correctamente)
[19:05:01] OK (respuesta enviada correctamente)
[19:10:01] OK (respuesta enviada correctamente)
[19:15:01] OK (respuesta enviada correctamente)
[19:20:01] OK (respuesta enviada correctamente)
[19:25:01] OK (respuesta enviada correctamente)
[19:30:01] OK (respuesta enviada correctamente)
[19:35:01] OK (respuesta enviada correctamente)
[19:40:01] OK (respuesta enviada correctamente)
[19:45:01] OK (respuesta enviada correctamente)
[19:50:01] OK (respuesta enviada correctamente)
[19:55:01] OK (respuesta enviada correctamente)
[20:00:01] OK (respuesta enviada correctamente)
[20:05:01] OK (respuesta enviada correctamente)
[20:10:01] OK (respuesta enviada correctamente)
[20:15:01] OK (respuesta enviada correctamente)
[20:20:02] OK (respuesta enviada correctamente)
[20:25:01] OK (respuesta enviada correctamente)
[20:30:01] OK (respuesta enviada correctamente)
[20:35:01] OK (respuesta enviada correctamente)
[20:40:01] OK (respuesta enviada correctamente)
[20:45:01] OK (respuesta enviada correctamente)
[20:50:01] OK (respuesta enviada correctamente)
[20:55:01] OK (respuesta enviada correctamente)
[21:00:01] OK (respuesta enviada correctamente)
[21:05:01] OK (respuesta enviada correctamente)
[21:10:01] OK (respuesta enviada correctamente)
[21:15:01] OK (respuesta enviada correctamente)
[21:20:01] OK (respuesta enviada correctamente)
[21:25:01] OK (respuesta enviada correctamente)
[21:30:01] OK (respuesta enviada correctamente)
[21:35:01] OK (respuesta enviada correctamente)
[21:40:01] OK (respuesta enviada correctamente)
[21:45:01] OK (respuesta enviada correctamente)
[21:50:01] OK (respuesta enviada correctamente)
[21:55:01] OK (respuesta enviada correctamente)
[22:00:01] OK (respuesta enviada correctamente)
[22:05:01] OK (respuesta enviada correctamente)
[22:10:01] OK (respuesta enviada correctamente)
[22:15:01] OK (respuesta enviada correctamente)
[22:20:01] OK (respuesta enviada correctamente)
[22:25:01] OK (respuesta enviada correctamente)
[22:30:01] OK (respuesta enviada correctamente)
[22:35:01] OK (respuesta enviada correctamente)
[22:40:01] OK (respuesta enviada correctamente)
[22:45:02] OK (respuesta enviada correctamente)
[22:50:01] OK (respuesta enviada correctamente)
[22:55:01] OK (respuesta enviada correctamente)
[23:00:01] OK (respuesta enviada correctamente)
[23:05:01] OK (respuesta enviada correctamente)
[23:10:01] OK (respuesta enviada correctamente)
[23:15:01] OK (respuesta enviada correctamente)
[23:20:01] OK (respuesta enviada correctamente)
[23:25:01] OK (respuesta enviada correctamente)
[23:30:01] OK (respuesta enviada correctamente)
[23:35:01] OK (respuesta enviada correctamente)
[23:40:01] OK (respuesta enviada correctamente)
[23:45:01] OK (respuesta enviada correctamente)
[23:50:01] OK (respuesta enviada correctamente)
[23:55:01] OK (respuesta enviada correctamente)
[00:00:01] OK (sin log hoy, sin mensajes pendientes)
[00:05:01] OK (sin log hoy, sin mensajes pendientes)
[00:10:01] OK (sin log hoy, sin mensajes pendientes)
[00:15:01] OK (sin log hoy, sin mensajes pendientes)
[00:20:01] OK (sin log hoy, sin mensajes pendientes)
[00:25:01] OK (sin log hoy, sin mensajes pendientes)
[00:30:01] OK (sin log hoy, sin mensajes pendientes)
[00:35:01] OK (sin log hoy, sin mensajes pendientes)
[00:40:01] OK (sin log hoy, sin mensajes pendientes)
[00:45:01] OK (sin log hoy, sin mensajes pendientes)
[00:50:01] OK (sin log hoy, sin mensajes pendientes)
[00:55:01] OK (sin log hoy, sin mensajes pendientes)
[01:00:01] OK (sin log hoy, sin mensajes pendientes)
[01:05:01] OK (sin log hoy, sin mensajes pendientes)
[01:10:01] OK (sin log hoy, sin mensajes pendientes)
[01:15:01] OK (sin log hoy, sin mensajes pendientes)
[01:20:01] OK (sin log hoy, sin mensajes pendientes)
[01:25:01] OK (sin log hoy, sin mensajes pendientes)
[01:30:01] OK (sin log hoy, sin mensajes pendientes)
[01:35:01] OK (sin log hoy, sin mensajes pendientes)
[01:40:01] OK (sin log hoy, sin mensajes pendientes)
[01:45:01] OK (sin log hoy, sin mensajes pendientes)
[01:50:01] OK (sin log hoy, sin mensajes pendientes)
[01:55:01] OK (sin log hoy, sin mensajes pendientes)
[02:00:01] OK (sin log hoy, sin mensajes pendientes)
[02:05:01] OK (sin log hoy, sin mensajes pendientes)
[02:10:01] OK (sin log hoy, sin mensajes pendientes)
[02:15:01] OK (sin log hoy, sin mensajes pendientes)
[02:20:01] OK (sin log hoy, sin mensajes pendientes)
[02:25:01] OK (sin log hoy, sin mensajes pendientes)
[02:30:01] OK (sin log hoy, sin mensajes pendientes)
[02:35:01] OK (sin log hoy, sin mensajes pendientes)
[02:40:01] OK (sin log hoy, sin mensajes pendientes)
[02:45:01] OK (sin log hoy, sin mensajes pendientes)
[02:50:01] OK (sin log hoy, sin mensajes pendientes)
[02:55:01] OK (sin log hoy, sin mensajes pendientes)
[03:00:01] OK (sin log hoy, sin mensajes pendientes)
[03:05:01] OK (sin log hoy, sin mensajes pendientes)
[03:10:01] OK (sin log hoy, sin mensajes pendientes)
[03:15:01] OK (sin log hoy, sin mensajes pendientes)
[03:20:01] OK (sin log hoy, sin mensajes pendientes)
[03:25:01] OK (sin log hoy, sin mensajes pendientes)
[03:30:01] OK (sin log hoy, sin mensajes pendientes)
[03:35:01] OK (sin log hoy, sin mensajes pendientes)
[03:40:01] OK (sin log hoy, sin mensajes pendientes)
[03:45:01] OK (sin log hoy, sin mensajes pendientes)
[03:50:01] OK (sin log hoy, sin mensajes pendientes)
[03:55:01] OK (sin log hoy, sin mensajes pendientes)
[04:00:01] OK (sin log hoy, sin mensajes pendientes)
[04:05:01] OK (sin log hoy, sin mensajes pendientes)
[04:10:01] OK (sin log hoy, sin mensajes pendientes)
[04:15:01] OK (sin log hoy, sin mensajes pendientes)
[04:20:01] OK (sin log hoy, sin mensajes pendientes)
[04:25:01] OK (sin log hoy, sin mensajes pendientes)
[04:30:01] OK (sin log hoy, sin mensajes pendientes)
[04:35:01] OK (sin log hoy, sin mensajes pendientes)
[04:40:01] OK (sin log hoy, sin mensajes pendientes)
[04:45:01] OK (sin log hoy, sin mensajes pendientes)
[04:50:01] OK (sin log hoy, sin mensajes pendientes)
[04:55:01] OK (sin log hoy, sin mensajes pendientes)
[05:00:01] OK (sin log hoy, sin mensajes pendientes)
[05:05:01] OK (sin log hoy, sin mensajes pendientes)
[05:10:01] OK (sin log hoy, sin mensajes pendientes)
[05:15:01] OK (sin log hoy, sin mensajes pendientes)
[05:20:01] OK (sin log hoy, sin mensajes pendientes)
[05:25:01] OK (sin log hoy, sin mensajes pendientes)
[05:30:01] OK (sin log hoy, sin mensajes pendientes)
[05:35:01] OK (sin log hoy, sin mensajes pendientes)
[05:40:01] OK (sin log hoy, sin mensajes pendientes)
[05:45:01] OK (sin log hoy, sin mensajes pendientes)
[05:50:01] OK (sin log hoy, sin mensajes pendientes)
[05:55:01] OK (sin log hoy, sin mensajes pendientes)
[06:00:01] OK (sin log hoy, sin mensajes pendientes)
[06:05:01] OK (mensaje hace 1 min, dentro del límite)
[06:10:02] OK (respuesta enviada correctamente)
[06:15:01] OK (mensaje hace 1 min, dentro del límite)
[06:20:01] OK (respuesta enviada correctamente)
[06:25:01] OK (respuesta enviada correctamente)
[06:30:01] OK (respuesta enviada correctamente)
[06:35:01] OK (respuesta enviada correctamente)
[06:40:01] OK (respuesta enviada correctamente)
[06:45:01] OK (respuesta enviada correctamente)
[06:50:01] OK (respuesta enviada correctamente)
[06:55:02] OK (respuesta enviada correctamente)
[07:00:01] OK (respuesta enviada correctamente)
[07:05:01] OK (respuesta enviada correctamente)
[07:10:01] OK (respuesta enviada correctamente)
[07:15:01] OK (respuesta enviada correctamente)
[07:20:01] OK (respuesta enviada correctamente)
[07:25:01] OK (respuesta enviada correctamente)
[07:30:01] OK (respuesta enviada correctamente)
[07:35:01] OK (respuesta enviada correctamente)
[07:40:01] OK (respuesta enviada correctamente)
[07:45:01] OK (respuesta enviada correctamente)
[07:50:02] OK (respuesta enviada correctamente)
[07:55:01] OK (respuesta enviada correctamente)
[08:00:01] OK (respuesta enviada correctamente)
[08:05:01] OK (respuesta enviada correctamente)
[08:10:01] OK (respuesta enviada correctamente)
[08:15:01] OK (respuesta enviada correctamente)
[08:20:01] OK (respuesta enviada correctamente)
[08:25:01] OK (respuesta enviada correctamente)
[08:30:01] OK (respuesta enviada correctamente)
[08:35:01] OK (respuesta enviada correctamente)
[08:40:01] OK (respuesta enviada correctamente)
[08:45:01] REINICIO: mensaje sin respuesta hace 4 min — reiniciando sesión george
[08:45:01] REINICIO: sesión george recreada
[08:50:01] REINICIO: mensaje sin respuesta hace 9 min — reiniciando sesión george
[08:50:01] REINICIO: sesión george recreada
[08:55:02] REINICIO: mensaje sin respuesta hace 14 min — reiniciando sesión george
[08:55:02] REINICIO: sesión george recreada
[09:00:01] REINICIO: mensaje sin respuesta hace 19 min — reiniciando sesión george
[09:00:01] REINICIO: sesión george recreada
[09:05:01] REINICIO: mensaje sin respuesta hace 24 min — reiniciando sesión george
[09:05:01] REINICIO: sesión george recreada
[09:10:01] REINICIO: mensaje sin respuesta hace 29 min — reiniciando sesión george
[09:10:01] REINICIO: sesión george recreada
[09:15:01] REINICIO: mensaje sin respuesta hace 34 min — reiniciando sesión george
[09:15:01] REINICIO: sesión george recreada
[09:20:01] REINICIO: mensaje sin respuesta hace 39 min — reiniciando sesión george
[09:20:01] REINICIO: sesión george recreada
[09:25:01] REINICIO: mensaje sin respuesta hace 44 min — reiniciando sesión george
[09:25:01] REINICIO: sesión george recreada
[09:30:01] REINICIO: mensaje sin respuesta hace 49 min — reiniciando sesión george
[09:30:01] REINICIO: sesión george recreada
[09:35:01] REINICIO: mensaje sin respuesta hace 54 min — reiniciando sesión george
[09:35:01] REINICIO: sesión george recreada
[09:40:01] REINICIO: mensaje sin respuesta hace 59 min — reiniciando sesión george
[09:40:01] REINICIO: sesión george recreada
[09:45:01] REINICIO: mensaje sin respuesta hace 64 min — reiniciando sesión george
[09:45:01] REINICIO: sesión george recreada
[09:50:01] REINICIO: mensaje sin respuesta hace 69 min — reiniciando sesión george
[09:50:01] REINICIO: sesión george recreada
[09:55:01] REINICIO: mensaje sin respuesta hace 74 min — reiniciando sesión george
[09:55:01] REINICIO: sesión george recreada
[10:00:01] REINICIO: mensaje sin respuesta hace 79 min — reiniciando sesión george
[10:00:01] REINICIO: sesión george recreada
[10:05:01] REINICIO: mensaje sin respuesta hace 84 min — reiniciando sesión george
[10:05:01] REINICIO: sesión george recreada
[10:10:01] REINICIO: mensaje sin respuesta hace 89 min — reiniciando sesión george
[10:10:01] REINICIO: sesión george recreada
[10:15:01] REINICIO: mensaje sin respuesta hace 94 min — reiniciando sesión george
[10:15:01] REINICIO: sesión george recreada
[10:20:01] REINICIO: mensaje sin respuesta hace 99 min — reiniciando sesión george
[10:20:01] REINICIO: sesión george recreada
[10:25:01] REINICIO: mensaje sin respuesta hace 104 min — reiniciando sesión george
[10:25:01] REINICIO: sesión george recreada
[10:30:01] REINICIO: mensaje sin respuesta hace 109 min — reiniciando sesión george
[10:30:01] REINICIO: sesión george recreada
[10:35:01] REINICIO: mensaje sin respuesta hace 114 min — reiniciando sesión george
[10:35:01] REINICIO: sesión george recreada
[10:40:01] REINICIO: mensaje sin respuesta hace 119 min — reiniciando sesión george
[10:40:01] REINICIO: sesión george recreada
[10:45:01] REINICIO: mensaje sin respuesta hace 124 min — reiniciando sesión george
[10:45:01] REINICIO: sesión george recreada
[10:50:01] REINICIO: mensaje sin respuesta hace 129 min — reiniciando sesión george
[10:50:01] REINICIO: sesión george recreada
[10:55:02] REINICIO: mensaje sin respuesta hace 134 min — reiniciando sesión george
[10:55:02] REINICIO: sesión george recreada
[11:00:01] REINICIO: mensaje sin respuesta hace 139 min — reiniciando sesión george
[11:00:01] REINICIO: sesión george recreada
[11:05:01] REINICIO: mensaje sin respuesta hace 144 min — reiniciando sesión george
[11:05:01] REINICIO: sesión george recreada
[11:10:01] REINICIO: mensaje sin respuesta hace 149 min — reiniciando sesión george
[11:10:01] REINICIO: sesión george recreada
[11:15:01] REINICIO: mensaje sin respuesta hace 154 min — reiniciando sesión george
[11:15:01] REINICIO: sesión george recreada
[11:20:01] REINICIO: mensaje sin respuesta hace 159 min — reiniciando sesión george
[11:20:01] REINICIO: sesión george recreada
[11:25:01] REINICIO: mensaje sin respuesta hace 164 min — reiniciando sesión george
[11:25:01] REINICIO: sesión george recreada
[11:30:01] REINICIO: mensaje sin respuesta hace 169 min — reiniciando sesión george
[11:30:01] REINICIO: sesión george recreada
[11:35:01] REINICIO: mensaje sin respuesta hace 174 min — reiniciando sesión george
[11:35:01] REINICIO: sesión george recreada
[11:40:01] REINICIO: mensaje sin respuesta hace 179 min — reiniciando sesión george
[11:40:01] REINICIO: sesión george recreada
[11:45:01] REINICIO: mensaje sin respuesta hace 184 min — reiniciando sesión george
[11:45:01] REINICIO: sesión george recreada
[11:50:01] REINICIO: mensaje sin respuesta hace 189 min — reiniciando sesión george
[11:50:01] REINICIO: sesión george recreada
[11:55:01] REINICIO: mensaje sin respuesta hace 194 min — reiniciando sesión george
[11:55:01] REINICIO: sesión george recreada
[12:00:01] REINICIO: mensaje sin respuesta hace 199 min — reiniciando sesión george
[12:00:01] REINICIO: sesión george recreada
[12:05:01] REINICIO: mensaje sin respuesta hace 204 min — reiniciando sesión george
[12:05:01] REINICIO: sesión george recreada
[12:10:01] REINICIO: mensaje sin respuesta hace 209 min — reiniciando sesión george
[12:10:01] REINICIO: sesión george recreada
[12:15:01] OK (respuesta enviada correctamente)
[12:20:01] OK (respuesta enviada correctamente)
[12:25:01] OK (respuesta enviada correctamente)
[12:30:01] OK (respuesta enviada correctamente)
[12:35:01] OK (respuesta enviada correctamente)
[12:40:01] OK (respuesta enviada correctamente)
[12:45:01] OK (respuesta enviada correctamente)
[12:50:01] OK (respuesta enviada correctamente)
[12:55:01] OK (respuesta enviada correctamente)
[13:00:01] OK (respuesta enviada correctamente)
[13:05:01] OK (respuesta enviada correctamente)
[13:10:01] OK (respuesta enviada correctamente)
[13:15:01] OK (respuesta enviada correctamente)
[13:20:01] OK (respuesta enviada correctamente)
[13:25:01] OK (respuesta enviada correctamente)
[13:30:01] OK (respuesta enviada correctamente)
[13:35:01] OK (respuesta enviada correctamente)
[13:40:01] OK (respuesta enviada correctamente)
[13:45:01] OK (respuesta enviada correctamente)
[13:50:01] OK (respuesta enviada correctamente)
[13:55:01] OK (respuesta enviada correctamente)
[14:00:01] OK (respuesta enviada correctamente)
[14:05:01] OK (respuesta enviada correctamente)
[14:10:01] OK (mensaje hace 1 min, dentro del límite)
[14:15:01] OK (respuesta enviada correctamente)
[14:20:01] OK (respuesta enviada correctamente)
[14:25:01] OK (respuesta enviada correctamente)
[14:30:01] OK (respuesta enviada correctamente)
[14:35:01] OK (mensaje hace 3 min, dentro del límite)
[14:40:01] OK (respuesta enviada correctamente)
[14:45:01] OK (respuesta enviada correctamente)
[14:50:02] OK (mensaje hace 1 min, dentro del límite)
[14:55:01] OK (mensaje hace 1 min, dentro del límite)
[15:00:01] OK (mensaje hace 2 min, dentro del límite)
[15:05:01] OK (respuesta enviada correctamente)
[15:10:01] OK (respuesta enviada correctamente)
[15:15:01] OK (respuesta enviada correctamente)
[15:20:01] OK (respuesta enviada correctamente)
[15:25:01] OK (respuesta enviada correctamente)
[15:30:01] OK (respuesta enviada correctamente)
[15:35:01] OK (respuesta enviada correctamente)
[15:40:01] OK (respuesta enviada correctamente)
[15:45:01] OK (respuesta enviada correctamente)
[15:50:01] OK (respuesta enviada correctamente)
[15:55:01] OK (respuesta enviada correctamente)
[16:00:01] OK (respuesta enviada correctamente)
[16:05:01] OK (respuesta enviada correctamente)
[16:10:01] OK (respuesta enviada correctamente)
[16:15:01] OK (respuesta enviada correctamente)
[16:20:01] OK (respuesta enviada correctamente)
[16:25:01] OK (respuesta enviada correctamente)
[16:30:01] OK (respuesta enviada correctamente)
[16:35:02] OK (respuesta enviada correctamente)
[16:40:01] OK (respuesta enviada correctamente)
[16:45:01] OK (respuesta enviada correctamente)
[16:50:01] OK (respuesta enviada correctamente)
[16:55:01] OK (respuesta enviada correctamente)
[17:00:01] OK (respuesta enviada correctamente)
[17:05:01] OK (respuesta enviada correctamente)
[17:10:01] OK (respuesta enviada correctamente)
[17:15:01] OK (respuesta enviada correctamente)
[17:20:01] OK (respuesta enviada correctamente)
[17:25:01] OK (respuesta enviada correctamente)
[17:30:01] OK (respuesta enviada correctamente)
[17:35:01] OK (respuesta enviada correctamente)
[17:40:01] OK (respuesta enviada correctamente)
[17:45:01] OK (respuesta enviada correctamente)
[17:50:01] OK (respuesta enviada correctamente)
[17:55:01] OK (respuesta enviada correctamente)
[18:00:01] OK (respuesta enviada correctamente)
[18:05:01] OK (respuesta enviada correctamente)
[18:10:01] OK (respuesta enviada correctamente)
[18:15:01] OK (respuesta enviada correctamente)
[18:20:01] OK (respuesta enviada correctamente)
[18:25:02] OK (respuesta enviada correctamente)
[18:30:01] OK (respuesta enviada correctamente)
[18:35:01] OK (respuesta enviada correctamente)
[18:40:01] OK (respuesta enviada correctamente)
[18:45:01] OK (respuesta enviada correctamente)
[18:50:01] OK (respuesta enviada correctamente)
[18:55:01] OK (respuesta enviada correctamente)
[19:00:01] OK (respuesta enviada correctamente)
[19:05:01] OK (respuesta enviada correctamente)
[19:10:01] OK (respuesta enviada correctamente)
[19:15:01] OK (respuesta enviada correctamente)
[19:20:01] OK (respuesta enviada correctamente)
[19:25:01] OK (respuesta enviada correctamente)
[19:30:01] OK (respuesta enviada correctamente)
[19:35:01] OK (respuesta enviada correctamente)
[19:40:01] OK (respuesta enviada correctamente)
[19:45:01] OK (respuesta enviada correctamente)
[19:50:01] OK (respuesta enviada correctamente)
[19:55:01] OK (respuesta enviada correctamente)
[20:00:02] OK (respuesta enviada correctamente)
[20:05:01] OK (respuesta enviada correctamente)
[20:10:01] OK (respuesta enviada correctamente)
[20:15:01] OK (respuesta enviada correctamente)
[20:20:01] OK (respuesta enviada correctamente)
[20:25:01] OK (respuesta enviada correctamente)
[20:30:01] OK (respuesta enviada correctamente)
[20:35:01] OK (respuesta enviada correctamente)
[20:40:01] OK (respuesta enviada correctamente)
[20:45:01] OK (respuesta enviada correctamente)
[20:50:01] OK (respuesta enviada correctamente)
[20:55:02] OK (respuesta enviada correctamente)
[21:00:01] OK (respuesta enviada correctamente)
[21:05:01] OK (respuesta enviada correctamente)
[21:10:01] OK (respuesta enviada correctamente)
[21:15:01] OK (respuesta enviada correctamente)
[21:20:01] OK (respuesta enviada correctamente)
[21:25:01] OK (respuesta enviada correctamente)
[21:30:02] OK (respuesta enviada correctamente)
[21:35:01] OK (respuesta enviada correctamente)
[21:40:01] OK (respuesta enviada correctamente)
[21:45:01] OK (respuesta enviada correctamente)
[21:50:01] OK (respuesta enviada correctamente)
[21:55:01] OK (respuesta enviada correctamente)
[22:00:01] OK (respuesta enviada correctamente)
[22:05:01] OK (respuesta enviada correctamente)
[22:10:01] OK (respuesta enviada correctamente)
[22:15:01] OK (respuesta enviada correctamente)
[22:20:01] OK (respuesta enviada correctamente)
[22:25:01] OK (respuesta enviada correctamente)
[22:30:01] OK (respuesta enviada correctamente)
[22:35:01] OK (respuesta enviada correctamente)
[22:40:01] OK (respuesta enviada correctamente)
[22:45:01] OK (respuesta enviada correctamente)
[22:50:01] OK (respuesta enviada correctamente)
[22:55:01] OK (respuesta enviada correctamente)
[23:00:01] OK (respuesta enviada correctamente)
[23:05:01] OK (respuesta enviada correctamente)
[23:10:01] OK (respuesta enviada correctamente)
[23:15:01] OK (respuesta enviada correctamente)
[23:20:01] OK (respuesta enviada correctamente)
[23:25:01] OK (respuesta enviada correctamente)
[23:30:01] OK (respuesta enviada correctamente)
[23:35:01] OK (respuesta enviada correctamente)
[23:40:01] OK (respuesta enviada correctamente)
[23:45:01] OK (respuesta enviada correctamente)
[23:50:01] OK (respuesta enviada correctamente)
[23:55:01] OK (respuesta enviada correctamente)
[00:00:01] OK (sin log hoy, sin mensajes pendientes)
[00:05:01] OK (sin log hoy, sin mensajes pendientes)
[00:10:02] OK (sin log hoy, sin mensajes pendientes)
[00:15:01] OK (sin log hoy, sin mensajes pendientes)
[00:20:01] OK (sin log hoy, sin mensajes pendientes)
[00:25:01] OK (sin log hoy, sin mensajes pendientes)
[00:30:01] OK (sin log hoy, sin mensajes pendientes)
[00:35:01] OK (sin log hoy, sin mensajes pendientes)
[00:40:01] OK (sin log hoy, sin mensajes pendientes)
[00:45:01] OK (sin log hoy, sin mensajes pendientes)
[00:50:01] OK (sin log hoy, sin mensajes pendientes)
[00:55:01] OK (sin log hoy, sin mensajes pendientes)
[01:00:01] OK (sin log hoy, sin mensajes pendientes)
[01:05:01] OK (sin log hoy, sin mensajes pendientes)
[01:10:02] OK (sin log hoy, sin mensajes pendientes)
[01:15:01] OK (sin log hoy, sin mensajes pendientes)
[01:20:01] OK (sin log hoy, sin mensajes pendientes)
[01:25:01] OK (sin log hoy, sin mensajes pendientes)
[01:30:01] OK (sin log hoy, sin mensajes pendientes)
[01:35:01] OK (sin log hoy, sin mensajes pendientes)
[01:40:01] OK (sin log hoy, sin mensajes pendientes)
[01:45:01] OK (sin log hoy, sin mensajes pendientes)
[01:50:01] OK (sin log hoy, sin mensajes pendientes)
[01:55:01] OK (sin log hoy, sin mensajes pendientes)
[02:00:01] OK (sin log hoy, sin mensajes pendientes)
[02:05:01] OK (sin log hoy, sin mensajes pendientes)
[02:10:01] OK (sin log hoy, sin mensajes pendientes)
[02:15:01] OK (sin log hoy, sin mensajes pendientes)
[02:20:01] OK (sin log hoy, sin mensajes pendientes)
[02:25:01] OK (sin log hoy, sin mensajes pendientes)
[02:30:01] OK (sin log hoy, sin mensajes pendientes)
[02:35:01] OK (sin log hoy, sin mensajes pendientes)
[02:40:01] OK (sin log hoy, sin mensajes pendientes)
[02:45:01] OK (sin log hoy, sin mensajes pendientes)
[02:50:01] OK (sin log hoy, sin mensajes pendientes)
[02:55:01] OK (sin log hoy, sin mensajes pendientes)
[03:00:01] OK (sin log hoy, sin mensajes pendientes)
[03:05:01] OK (sin log hoy, sin mensajes pendientes)
[03:10:01] OK (sin log hoy, sin mensajes pendientes)
[03:15:01] OK (sin log hoy, sin mensajes pendientes)
[03:20:01] OK (sin log hoy, sin mensajes pendientes)
[03:25:01] OK (sin log hoy, sin mensajes pendientes)
[03:30:01] OK (sin log hoy, sin mensajes pendientes)
[03:35:01] OK (sin log hoy, sin mensajes pendientes)
[03:40:01] OK (sin log hoy, sin mensajes pendientes)
[03:45:01] OK (sin log hoy, sin mensajes pendientes)
[03:50:01] OK (sin log hoy, sin mensajes pendientes)
[03:55:01] OK (sin log hoy, sin mensajes pendientes)
[04:00:01] OK (sin log hoy, sin mensajes pendientes)
[04:05:01] OK (sin log hoy, sin mensajes pendientes)
[04:10:01] OK (sin log hoy, sin mensajes pendientes)
[04:15:01] OK (sin log hoy, sin mensajes pendientes)
[04:20:01] OK (sin log hoy, sin mensajes pendientes)
[04:25:01] OK (sin log hoy, sin mensajes pendientes)
[04:30:01] OK (sin log hoy, sin mensajes pendientes)
[04:35:01] OK (sin log hoy, sin mensajes pendientes)
[04:40:01] OK (sin log hoy, sin mensajes pendientes)
[04:45:02] OK (sin log hoy, sin mensajes pendientes)
[04:50:01] OK (sin log hoy, sin mensajes pendientes)
[04:55:01] OK (sin log hoy, sin mensajes pendientes)
[05:00:01] OK (sin log hoy, sin mensajes pendientes)
[05:05:01] OK (sin log hoy, sin mensajes pendientes)
[05:10:01] OK (sin log hoy, sin mensajes pendientes)
[05:15:01] OK (sin log hoy, sin mensajes pendientes)
[05:20:01] OK (sin log hoy, sin mensajes pendientes)
[05:25:01] OK (sin log hoy, sin mensajes pendientes)
[05:30:02] OK (sin log hoy, sin mensajes pendientes)
[05:35:01] OK (sin log hoy, sin mensajes pendientes)
[05:40:01] OK (sin log hoy, sin mensajes pendientes)
[05:45:01] OK (sin log hoy, sin mensajes pendientes)
[05:50:01] OK (sin log hoy, sin mensajes pendientes)
[05:55:01] OK (sin log hoy, sin mensajes pendientes)
[06:00:01] OK (sin log hoy, sin mensajes pendientes)
[06:05:02] OK (sin log hoy, sin mensajes pendientes)
[06:10:01] OK (sin log hoy, sin mensajes pendientes)
[06:15:01] OK (sin log hoy, sin mensajes pendientes)
[06:20:01] OK (sin log hoy, sin mensajes pendientes)
[06:25:01] OK (sin log hoy, sin mensajes pendientes)
[06:30:01] OK (sin log hoy, sin mensajes pendientes)
[06:35:01] OK (sin log hoy, sin mensajes pendientes)
[06:40:01] OK (sin log hoy, sin mensajes pendientes)
[06:45:01] OK (sin log hoy, sin mensajes pendientes)
[06:50:01] OK (sin log hoy, sin mensajes pendientes)
[06:55:01] OK (sin log hoy, sin mensajes pendientes)
[07:00:01] OK (sin log hoy, sin mensajes pendientes)
[07:05:01] OK (sin log hoy, sin mensajes pendientes)
[07:10:01] OK (sin log hoy, sin mensajes pendientes)
[07:15:01] OK (sin log hoy, sin mensajes pendientes)
[07:20:01] OK (sin log hoy, sin mensajes pendientes)
[07:25:01] OK (sin log hoy, sin mensajes pendientes)
[07:30:01] OK (sin log hoy, sin mensajes pendientes)
[07:35:01] OK (sin log hoy, sin mensajes pendientes)
[07:40:01] OK (sin log hoy, sin mensajes pendientes)
[07:45:01] OK (sin log hoy, sin mensajes pendientes)
[07:50:01] OK (sin log hoy, sin mensajes pendientes)
[07:55:01] OK (sin log hoy, sin mensajes pendientes)
[08:00:01] OK (sin log hoy, sin mensajes pendientes)
[08:05:01] OK (sin log hoy, sin mensajes pendientes)
[08:10:01] OK (sin log hoy, sin mensajes pendientes)
[08:15:01] OK (sin log hoy, sin mensajes pendientes)
[08:20:01] OK (sin log hoy, sin mensajes pendientes)
[08:25:01] OK (sin log hoy, sin mensajes pendientes)
[08:30:01] OK (sin log hoy, sin mensajes pendientes)
[08:35:01] OK (sin log hoy, sin mensajes pendientes)
[08:40:01] OK (sin log hoy, sin mensajes pendientes)
[08:45:01] OK (sin log hoy, sin mensajes pendientes)
[08:50:01] OK (sin log hoy, sin mensajes pendientes)
[08:55:01] OK (sin log hoy, sin mensajes pendientes)
[09:00:02] OK (sin log hoy, sin mensajes pendientes)
[09:05:01] OK (sin log hoy, sin mensajes pendientes)
[09:10:01] OK (sin log hoy, sin mensajes pendientes)
[09:15:01] OK (sin log hoy, sin mensajes pendientes)
[09:20:01] OK (sin log hoy, sin mensajes pendientes)
[09:25:01] OK (sin log hoy, sin mensajes pendientes)
[09:30:01] OK (sin log hoy, sin mensajes pendientes)
[09:35:01] OK (sin log hoy, sin mensajes pendientes)
[09:40:01] OK (sin log hoy, sin mensajes pendientes)
[09:45:01] OK (sin log hoy, sin mensajes pendientes)
[09:50:01] OK (sin log hoy, sin mensajes pendientes)
[09:55:01] OK (sin log hoy, sin mensajes pendientes)
[10:00:01] OK (sin log hoy, sin mensajes pendientes)
[10:05:01] OK (sin log hoy, sin mensajes pendientes)
[10:10:01] OK (sin log hoy, sin mensajes pendientes)
[10:15:01] OK (sin log hoy, sin mensajes pendientes)
[10:20:01] OK (sin log hoy, sin mensajes pendientes)
[10:25:01] OK (sin log hoy, sin mensajes pendientes)
[10:30:01] OK (sin log hoy, sin mensajes pendientes)
[10:35:01] OK (sin log hoy, sin mensajes pendientes)
[10:40:01] OK (sin log hoy, sin mensajes pendientes)
[10:45:01] OK (sin log hoy, sin mensajes pendientes)
[10:50:01] OK (sin log hoy, sin mensajes pendientes)
[10:55:02] OK (sin log hoy, sin mensajes pendientes)
[11:00:01] OK (sin log hoy, sin mensajes pendientes)
[11:05:01] OK (sin log hoy, sin mensajes pendientes)
[11:10:01] OK (sin log hoy, sin mensajes pendientes)
[11:15:01] OK (sin log hoy, sin mensajes pendientes)
[11:20:01] OK (sin log hoy, sin mensajes pendientes)
[11:25:01] OK (sin log hoy, sin mensajes pendientes)
[11:30:01] OK (sin log hoy, sin mensajes pendientes)
[11:35:01] OK (sin log hoy, sin mensajes pendientes)
[11:40:01] OK (sin log hoy, sin mensajes pendientes)
[11:45:01] OK (sin log hoy, sin mensajes pendientes)
[11:50:01] OK (sin log hoy, sin mensajes pendientes)
[11:55:01] OK (sin log hoy, sin mensajes pendientes)
[12:00:01] OK (sin log hoy, sin mensajes pendientes)
[12:05:01] OK (sin log hoy, sin mensajes pendientes)
[12:10:01] OK (sin log hoy, sin mensajes pendientes)
[12:15:01] OK (sin log hoy, sin mensajes pendientes)
[12:20:01] OK (sin log hoy, sin mensajes pendientes)
[12:25:01] OK (sin log hoy, sin mensajes pendientes)
[12:30:01] OK (sin log hoy, sin mensajes pendientes)
[12:35:01] OK (sin log hoy, sin mensajes pendientes)
[12:40:01] OK (sin log hoy, sin mensajes pendientes)
[12:45:01] OK (sin log hoy, sin mensajes pendientes)
[12:50:01] OK (sin log hoy, sin mensajes pendientes)
[12:55:01] OK (sin log hoy, sin mensajes pendientes)
[13:00:01] OK (sin log hoy, sin mensajes pendientes)
[13:05:01] OK (sin mensajes del usuario hoy)
[13:10:01] OK (sin mensajes del usuario hoy)
[13:15:01] OK (sin mensajes del usuario hoy)
[13:20:01] OK (sin mensajes del usuario hoy)
[13:25:01] OK (sin mensajes del usuario hoy)
[13:30:01] OK (sin mensajes del usuario hoy)
[13:35:01] OK (sin mensajes del usuario hoy)
[13:40:01] OK (sin mensajes del usuario hoy)
[13:45:01] OK (respuesta enviada correctamente)
[13:50:01] OK (respuesta enviada correctamente)
[13:55:01] OK (mensaje hace 1 min, dentro del límite)
[14:00:01] OK (respuesta enviada correctamente)
[14:05:01] OK (respuesta enviada correctamente)
[14:10:01] OK (respuesta enviada correctamente)
[14:15:01] OK (respuesta enviada correctamente)
[14:20:01] OK (respuesta enviada correctamente)
[14:25:01] OK (respuesta enviada correctamente)
[14:30:01] OK (respuesta enviada correctamente)
[14:35:01] OK (respuesta enviada correctamente)
[14:40:01] OK (respuesta enviada correctamente)
[14:45:01] OK (respuesta enviada correctamente)
[14:50:01] OK (respuesta enviada correctamente)
[14:55:01] OK (respuesta enviada correctamente)
[15:00:01] OK (respuesta enviada correctamente)
[15:05:01] OK (respuesta enviada correctamente)
[15:10:01] OK (respuesta enviada correctamente)
[15:15:01] OK (respuesta enviada correctamente)
[15:20:01] OK (respuesta enviada correctamente)
[15:25:01] OK (respuesta enviada correctamente)
[15:30:01] OK (respuesta enviada correctamente)
[15:35:01] OK (respuesta enviada correctamente)
[15:40:01] OK (respuesta enviada correctamente)
[15:45:01] OK (respuesta enviada correctamente)
[15:50:01] OK (respuesta enviada correctamente)
[15:55:01] OK (respuesta enviada correctamente)
[16:00:01] OK (respuesta enviada correctamente)
[16:05:01] OK (respuesta enviada correctamente)
[16:10:01] OK (respuesta enviada correctamente)
[16:15:01] OK (respuesta enviada correctamente)
[16:20:01] OK (respuesta enviada correctamente)
[16:25:02] OK (respuesta enviada correctamente)
[16:30:01] OK (respuesta enviada correctamente)
[16:35:01] OK (respuesta enviada correctamente)
[16:40:01] OK (respuesta enviada correctamente)
[16:45:01] OK (respuesta enviada correctamente)
[16:50:01] OK (respuesta enviada correctamente)
[16:55:01] OK (respuesta enviada correctamente)
[17:00:01] OK (respuesta enviada correctamente)
[17:05:01] OK (respuesta enviada correctamente)
[17:10:01] OK (respuesta enviada correctamente)
[17:15:01] OK (respuesta enviada correctamente)
[17:20:01] OK (respuesta enviada correctamente)
[17:25:01] OK (respuesta enviada correctamente)
[17:30:01] OK (respuesta enviada correctamente)
[17:35:01] OK (respuesta enviada correctamente)
[17:40:01] OK (respuesta enviada correctamente)
[17:45:01] OK (respuesta enviada correctamente)
[17:50:01] OK (respuesta enviada correctamente)
[17:55:01] OK (respuesta enviada correctamente)
[18:00:01] OK (respuesta enviada correctamente)
[18:05:01] OK (respuesta enviada correctamente)
[18:10:02] OK (respuesta enviada correctamente)
[18:15:01] OK (respuesta enviada correctamente)
[18:20:01] OK (respuesta enviada correctamente)
[18:25:01] OK (respuesta enviada correctamente)
[18:30:01] OK (respuesta enviada correctamente)
[18:35:01] OK (respuesta enviada correctamente)
[18:40:01] OK (respuesta enviada correctamente)
[18:45:01] OK (respuesta enviada correctamente)
[18:50:01] OK (respuesta enviada correctamente)
[18:55:01] OK (respuesta enviada correctamente)
[19:00:01] OK (respuesta enviada correctamente)
[19:05:01] OK (respuesta enviada correctamente)
[19:10:01] OK (respuesta enviada correctamente)
[19:15:01] OK (respuesta enviada correctamente)
[19:20:01] OK (respuesta enviada correctamente)
[19:25:01] OK (respuesta enviada correctamente)
[19:30:01] OK (respuesta enviada correctamente)
[19:35:01] OK (respuesta enviada correctamente)
[19:40:01] OK (respuesta enviada correctamente)
[19:45:02] OK (respuesta enviada correctamente)
[19:50:01] OK (respuesta enviada correctamente)
[19:55:01] OK (respuesta enviada correctamente)
[20:00:01] OK (respuesta enviada correctamente)
[20:05:01] OK (respuesta enviada correctamente)
[20:10:01] OK (respuesta enviada correctamente)
[20:15:01] OK (respuesta enviada correctamente)
[20:20:01] OK (respuesta enviada correctamente)
[20:25:01] OK (respuesta enviada correctamente)
[20:30:01] OK (respuesta enviada correctamente)
[20:35:01] OK (respuesta enviada correctamente)
[20:40:01] OK (respuesta enviada correctamente)
[20:45:01] OK (respuesta enviada correctamente)
[20:50:01] OK (respuesta enviada correctamente)
[20:55:01] OK (respuesta enviada correctamente)
[21:00:01] OK (respuesta enviada correctamente)
[21:05:01] OK (respuesta enviada correctamente)
[21:10:01] OK (respuesta enviada correctamente)
[21:15:02] OK (respuesta enviada correctamente)
[21:20:01] OK (respuesta enviada correctamente)
[21:25:01] OK (respuesta enviada correctamente)
[21:30:01] OK (respuesta enviada correctamente)
[21:35:01] OK (respuesta enviada correctamente)
[21:40:01] OK (respuesta enviada correctamente)
[21:45:01] OK (respuesta enviada correctamente)
[21:50:01] OK (respuesta enviada correctamente)
[21:55:01] OK (respuesta enviada correctamente)
[22:00:01] OK (respuesta enviada correctamente)
[22:05:01] OK (respuesta enviada correctamente)
[22:10:01] OK (respuesta enviada correctamente)
[22:15:01] OK (respuesta enviada correctamente)
[22:20:01] OK (respuesta enviada correctamente)
[22:25:01] OK (respuesta enviada correctamente)
[22:30:01] OK (respuesta enviada correctamente)
[22:35:01] OK (respuesta enviada correctamente)
[22:40:01] OK (respuesta enviada correctamente)
[22:45:01] OK (respuesta enviada correctamente)
[22:50:01] OK (respuesta enviada correctamente)
[22:55:01] OK (respuesta enviada correctamente)
[23:00:01] OK (respuesta enviada correctamente)
[23:05:01] OK (respuesta enviada correctamente)
[23:10:01] OK (respuesta enviada correctamente)
[23:15:01] OK (respuesta enviada correctamente)
[23:20:01] OK (respuesta enviada correctamente)
[23:25:01] OK (respuesta enviada correctamente)
[23:30:01] OK (respuesta enviada correctamente)
[23:35:01] OK (respuesta enviada correctamente)
[23:40:01] OK (respuesta enviada correctamente)
[23:45:01] OK (respuesta enviada correctamente)
[23:50:02] OK (respuesta enviada correctamente)
[23:55:01] OK (respuesta enviada correctamente)
[00:00:01] OK (sin log hoy, sin mensajes pendientes)
[00:05:01] OK (sin log hoy, sin mensajes pendientes)
[00:10:01] OK (sin log hoy, sin mensajes pendientes)
[00:15:01] OK (sin log hoy, sin mensajes pendientes)
[00:20:01] OK (sin log hoy, sin mensajes pendientes)
[00:25:01] OK (sin log hoy, sin mensajes pendientes)
[00:30:01] OK (sin log hoy, sin mensajes pendientes)
[00:35:01] OK (sin log hoy, sin mensajes pendientes)
[00:40:01] OK (sin log hoy, sin mensajes pendientes)
[00:45:02] OK (sin log hoy, sin mensajes pendientes)
[00:50:01] OK (sin log hoy, sin mensajes pendientes)
[00:55:01] OK (sin log hoy, sin mensajes pendientes)
[01:00:01] OK (sin log hoy, sin mensajes pendientes)
[01:05:01] OK (sin log hoy, sin mensajes pendientes)
[01:10:01] OK (sin log hoy, sin mensajes pendientes)
[01:15:01] OK (sin log hoy, sin mensajes pendientes)
[01:20:01] OK (sin log hoy, sin mensajes pendientes)
[01:25:01] OK (sin log hoy, sin mensajes pendientes)
[01:30:01] OK (sin log hoy, sin mensajes pendientes)
[01:35:01] OK (sin log hoy, sin mensajes pendientes)
[01:40:01] OK (sin log hoy, sin mensajes pendientes)
[01:45:01] OK (sin log hoy, sin mensajes pendientes)
[01:50:01] OK (sin log hoy, sin mensajes pendientes)
[01:55:01] OK (sin log hoy, sin mensajes pendientes)
[02:00:01] OK (sin log hoy, sin mensajes pendientes)
[02:05:01] OK (sin log hoy, sin mensajes pendientes)
[02:10:01] OK (sin log hoy, sin mensajes pendientes)
[02:15:01] OK (sin log hoy, sin mensajes pendientes)
[02:20:01] OK (sin log hoy, sin mensajes pendientes)
[02:25:01] OK (sin log hoy, sin mensajes pendientes)
[02:30:01] OK (sin log hoy, sin mensajes pendientes)
[02:35:01] OK (sin log hoy, sin mensajes pendientes)
[02:40:01] OK (sin log hoy, sin mensajes pendientes)
[02:45:01] OK (sin log hoy, sin mensajes pendientes)
[02:50:01] OK (sin log hoy, sin mensajes pendientes)
[02:55:01] OK (sin log hoy, sin mensajes pendientes)
[03:00:01] OK (sin log hoy, sin mensajes pendientes)
[03:05:01] OK (sin log hoy, sin mensajes pendientes)
[03:10:01] OK (sin log hoy, sin mensajes pendientes)
[03:15:01] OK (sin log hoy, sin mensajes pendientes)
[03:20:01] OK (sin log hoy, sin mensajes pendientes)
[03:25:01] OK (sin log hoy, sin mensajes pendientes)
[03:30:01] OK (sin log hoy, sin mensajes pendientes)
[03:35:01] OK (sin log hoy, sin mensajes pendientes)
[03:40:01] OK (sin log hoy, sin mensajes pendientes)
[03:45:02] OK (sin log hoy, sin mensajes pendientes)
[03:50:01] OK (sin log hoy, sin mensajes pendientes)
[03:55:01] OK (sin log hoy, sin mensajes pendientes)
[04:00:01] OK (sin log hoy, sin mensajes pendientes)
[04:05:01] OK (sin log hoy, sin mensajes pendientes)
[04:10:01] OK (sin log hoy, sin mensajes pendientes)
[04:15:01] OK (sin log hoy, sin mensajes pendientes)
[04:20:01] OK (sin log hoy, sin mensajes pendientes)
[04:25:01] OK (sin log hoy, sin mensajes pendientes)
[04:30:01] OK (sin log hoy, sin mensajes pendientes)
[04:35:01] OK (sin log hoy, sin mensajes pendientes)
[04:40:01] OK (sin log hoy, sin mensajes pendientes)
[04:45:01] OK (sin log hoy, sin mensajes pendientes)
[04:50:01] OK (sin log hoy, sin mensajes pendientes)
[04:55:01] OK (sin log hoy, sin mensajes pendientes)
[05:00:01] OK (sin log hoy, sin mensajes pendientes)
[05:05:01] OK (sin log hoy, sin mensajes pendientes)
[05:10:01] OK (sin log hoy, sin mensajes pendientes)
[05:15:01] OK (sin log hoy, sin mensajes pendientes)
[05:20:01] OK (sin log hoy, sin mensajes pendientes)
[05:25:01] OK (sin log hoy, sin mensajes pendientes)
[05:30:01] OK (sin log hoy, sin mensajes pendientes)
[05:35:01] OK (sin log hoy, sin mensajes pendientes)
[05:40:01] OK (sin log hoy, sin mensajes pendientes)
[05:45:01] OK (sin log hoy, sin mensajes pendientes)
[05:50:01] OK (sin log hoy, sin mensajes pendientes)
[05:55:01] OK (sin log hoy, sin mensajes pendientes)
[06:00:02] OK (sin log hoy, sin mensajes pendientes)
[06:05:01] OK (sin log hoy, sin mensajes pendientes)
[06:10:01] OK (sin log hoy, sin mensajes pendientes)
[06:15:01] OK (sin log hoy, sin mensajes pendientes)
[06:20:01] OK (sin log hoy, sin mensajes pendientes)
[06:25:01] OK (sin log hoy, sin mensajes pendientes)
[06:30:01] OK (sin log hoy, sin mensajes pendientes)
[06:35:01] OK (sin log hoy, sin mensajes pendientes)
[06:40:01] OK (sin log hoy, sin mensajes pendientes)
[06:45:01] OK (sin log hoy, sin mensajes pendientes)
[06:50:01] OK (sin log hoy, sin mensajes pendientes)
[06:55:01] OK (sin log hoy, sin mensajes pendientes)
[07:00:01] OK (sin log hoy, sin mensajes pendientes)
[07:05:01] OK (sin log hoy, sin mensajes pendientes)
[07:10:01] OK (sin log hoy, sin mensajes pendientes)
[07:15:01] OK (sin log hoy, sin mensajes pendientes)
[07:20:01] OK (sin log hoy, sin mensajes pendientes)
[07:25:01] OK (sin log hoy, sin mensajes pendientes)
[07:30:01] OK (sin log hoy, sin mensajes pendientes)
[07:35:01] OK (sin log hoy, sin mensajes pendientes)
[07:40:01] OK (sin log hoy, sin mensajes pendientes)
[07:45:01] OK (sin log hoy, sin mensajes pendientes)
[07:50:01] OK (sin log hoy, sin mensajes pendientes)
[07:55:01] OK (sin log hoy, sin mensajes pendientes)
[08:00:01] OK (sin log hoy, sin mensajes pendientes)
[08:05:01] OK (sin log hoy, sin mensajes pendientes)
[08:10:01] OK (sin log hoy, sin mensajes pendientes)
[08:15:01] OK (sin log hoy, sin mensajes pendientes)
[08:20:01] OK (sin log hoy, sin mensajes pendientes)
[08:25:01] OK (sin log hoy, sin mensajes pendientes)
[08:30:01] OK (sin log hoy, sin mensajes pendientes)
[08:35:01] OK (sin log hoy, sin mensajes pendientes)
[08:40:01] OK (sin log hoy, sin mensajes pendientes)
[08:45:01] OK (sin log hoy, sin mensajes pendientes)
[08:50:01] OK (sin log hoy, sin mensajes pendientes)
[08:55:01] OK (sin log hoy, sin mensajes pendientes)
[09:00:01] OK (sin log hoy, sin mensajes pendientes)
[09:05:01] OK (sin log hoy, sin mensajes pendientes)
[09:10:01] OK (sin log hoy, sin mensajes pendientes)
[09:15:01] OK (sin log hoy, sin mensajes pendientes)
[09:20:01] OK (sin log hoy, sin mensajes pendientes)
[09:25:01] OK (sin log hoy, sin mensajes pendientes)
[09:30:01] OK (sin log hoy, sin mensajes pendientes)
[09:35:02] OK (sin log hoy, sin mensajes pendientes)
[09:40:01] OK (sin log hoy, sin mensajes pendientes)
[09:45:01] OK (sin log hoy, sin mensajes pendientes)
[09:50:01] OK (sin log hoy, sin mensajes pendientes)
[09:55:01] OK (sin log hoy, sin mensajes pendientes)
[10:00:01] OK (sin log hoy, sin mensajes pendientes)
[10:05:01] OK (sin log hoy, sin mensajes pendientes)
[10:10:01] OK (respuesta enviada correctamente)
[10:15:01] OK (respuesta enviada correctamente)
[10:20:02] OK (respuesta enviada correctamente)
[10:25:01] OK (respuesta enviada correctamente)
[10:30:01] OK (respuesta enviada correctamente)
[10:35:01] OK (respuesta enviada correctamente)
[10:40:01] OK (respuesta enviada correctamente)
[10:45:02] OK (respuesta enviada correctamente)
[10:50:01] OK (respuesta enviada correctamente)
[10:55:01] OK (respuesta enviada correctamente)
[11:00:01] OK (respuesta enviada correctamente)
[11:05:01] OK (respuesta enviada correctamente)
[11:10:01] OK (respuesta enviada correctamente)
[11:19:47] OK (respuesta enviada correctamente)
[11:20:01] OK (respuesta enviada correctamente)
[11:25:01] OK (respuesta enviada correctamente)
[11:30:01] OK (respuesta enviada correctamente)
[11:35:02] OK (respuesta enviada correctamente)
[11:40:01] OK (respuesta enviada correctamente)
[11:45:01] OK (respuesta enviada correctamente)
[11:50:01] OK (mensaje hace 1 min, dentro del límite)
[11:55:01] OK (respuesta enviada correctamente)
[12:00:02] OK (respuesta enviada correctamente)
[12:05:01] OK (respuesta enviada correctamente)
[12:10:01] OK (respuesta enviada correctamente)
[12:15:01] OK (mensaje hace 1 min, dentro del límite)
[12:20:01] OK (mensaje hace 1 min, dentro del límite)
[12:25:01] OK (mensaje hace 2 min, dentro del límite)
[12:30:01] REINICIO: mensaje sin respuesta hace 7 min — reiniciando sesión george
[12:30:01] REINICIO: sesión george recreada
[12:35:01] REINICIO: mensaje sin respuesta hace 12 min — reiniciando sesión george
[12:35:01] REINICIO: sesión george recreada
[12:40:01] REINICIO: mensaje sin respuesta hace 17 min — reiniciando sesión george
[12:40:01] REINICIO: sesión george recreada
[12:45:01] REINICIO: mensaje sin respuesta hace 22 min — reiniciando sesión george
[12:45:01] REINICIO: sesión george recreada
[12:50:01] REINICIO: mensaje sin respuesta hace 27 min — reiniciando sesión george
[12:50:01] REINICIO: sesión george recreada
[12:55:01] REINICIO: mensaje sin respuesta hace 32 min — reiniciando sesión george
[12:55:01] REINICIO: sesión george recreada
[13:00:01] REINICIO: mensaje sin respuesta hace 37 min — reiniciando sesión george
[13:00:01] REINICIO: sesión george recreada
[13:05:02] REINICIO: mensaje sin respuesta hace 42 min — reiniciando sesión george
[13:05:02] REINICIO: sesión george recreada
[13:10:01] REINICIO: mensaje sin respuesta hace 47 min — reiniciando sesión george
[13:10:01] REINICIO: sesión george recreada
[13:15:01] REINICIO: mensaje sin respuesta hace 52 min — reiniciando sesión george
[13:15:01] REINICIO: sesión george recreada
[13:20:01] REINICIO: mensaje sin respuesta hace 57 min — reiniciando sesión george
[13:20:01] REINICIO: sesión george recreada
[13:25:01] REINICIO: mensaje sin respuesta hace 62 min — reiniciando sesión george
[13:25:01] REINICIO: sesión george recreada
[13:30:02] REINICIO: mensaje sin respuesta hace 67 min — reiniciando sesión george
[13:30:02] REINICIO: sesión george recreada
[13:35:01] REINICIO: mensaje sin respuesta hace 72 min — reiniciando sesión george
[13:35:01] REINICIO: sesión george recreada
[13:40:01] REINICIO: mensaje sin respuesta hace 77 min — reiniciando sesión george
[13:40:01] REINICIO: sesión george recreada
[13:45:01] REINICIO: mensaje sin respuesta hace 82 min — reiniciando sesión george
[13:45:01] REINICIO: sesión george recreada
[13:50:02] REINICIO: mensaje sin respuesta hace 87 min — reiniciando sesión george
[13:50:02] REINICIO: sesión george recreada
[13:55:01] REINICIO: mensaje sin respuesta hace 92 min — reiniciando sesión george
[13:55:01] REINICIO: sesión george recreada
[14:00:01] REINICIO: mensaje sin respuesta hace 97 min — reiniciando sesión george
[14:00:01] REINICIO: sesión george recreada
[14:05:01] REINICIO: mensaje sin respuesta hace 102 min — reiniciando sesión george
[14:05:01] REINICIO: sesión george recreada
[14:10:02] REINICIO: mensaje sin respuesta hace 107 min — reiniciando sesión george
[14:10:02] REINICIO: sesión george recreada
[14:15:01] REINICIO: mensaje sin respuesta hace 112 min — reiniciando sesión george
[14:15:01] REINICIO: sesión george recreada
[14:20:01] REINICIO: mensaje sin respuesta hace 117 min — reiniciando sesión george
[14:20:01] REINICIO: sesión george recreada
[14:25:01] REINICIO: mensaje sin respuesta hace 122 min — reiniciando sesión george
[14:25:01] REINICIO: sesión george recreada
[14:30:01] REINICIO: mensaje sin respuesta hace 127 min — reiniciando sesión george
[14:30:01] REINICIO: sesión george recreada
[14:35:01] REINICIO: mensaje sin respuesta hace 132 min — reiniciando sesión george
[14:35:01] REINICIO: sesión george recreada
[14:40:01] REINICIO: mensaje sin respuesta hace 137 min — reiniciando sesión george
[14:40:01] REINICIO: sesión george recreada
[14:45:01] REINICIO: mensaje sin respuesta hace 142 min — reiniciando sesión george
[14:45:01] REINICIO: sesión george recreada
[14:50:01] REINICIO: mensaje sin respuesta hace 147 min — reiniciando sesión george
[14:50:01] REINICIO: sesión george recreada
[14:55:01] REINICIO: mensaje sin respuesta hace 152 min — reiniciando sesión george
[14:55:01] REINICIO: sesión george recreada
[15:00:01] REINICIO: mensaje sin respuesta hace 157 min — reiniciando sesión george
[15:00:01] REINICIO: sesión george recreada
[15:05:01] REINICIO: mensaje sin respuesta hace 162 min — reiniciando sesión george
[15:05:01] REINICIO: sesión george recreada
[15:10:01] REINICIO: mensaje sin respuesta hace 167 min — reiniciando sesión george
[15:10:01] REINICIO: sesión george recreada
[15:15:01] REINICIO: mensaje sin respuesta hace 172 min — reiniciando sesión george
[15:15:01] REINICIO: sesión george recreada
[15:20:01] REINICIO: mensaje sin respuesta hace 177 min — reiniciando sesión george
[15:20:01] REINICIO: sesión george recreada
[15:25:01] REINICIO: mensaje sin respuesta hace 182 min — reiniciando sesión george
[15:25:01] REINICIO: sesión george recreada
[15:30:02] REINICIO: mensaje sin respuesta hace 187 min — reiniciando sesión george
[15:30:02] REINICIO: sesión george recreada
[15:35:01] REINICIO: mensaje sin respuesta hace 192 min — reiniciando sesión george
[15:35:01] REINICIO: sesión george recreada
[15:40:01] REINICIO: mensaje sin respuesta hace 197 min — reiniciando sesión george
[15:40:01] REINICIO: sesión george recreada
[15:45:01] REINICIO: mensaje sin respuesta hace 202 min — reiniciando sesión george
[15:45:01] REINICIO: sesión george recreada
[15:50:01] REINICIO: mensaje sin respuesta hace 207 min — reiniciando sesión george
[15:50:01] REINICIO: sesión george recreada
[15:55:01] REINICIO: mensaje sin respuesta hace 212 min — reiniciando sesión george
[15:55:01] REINICIO: sesión george recreada
[16:00:02] REINICIO: mensaje sin respuesta hace 217 min — reiniciando sesión george
[16:00:02] REINICIO: sesión george recreada
[16:05:01] REINICIO: mensaje sin respuesta hace 222 min — reiniciando sesión george
[16:05:01] REINICIO: sesión george recreada
[16:10:01] REINICIO: mensaje sin respuesta hace 227 min — reiniciando sesión george
[16:10:01] REINICIO: sesión george recreada
[16:15:01] REINICIO: mensaje sin respuesta hace 232 min — reiniciando sesión george
[16:15:01] REINICIO: sesión george recreada
[16:20:01] REINICIO: mensaje sin respuesta hace 237 min — reiniciando sesión george
[16:20:01] REINICIO: sesión george recreada
[16:25:01] REINICIO: mensaje sin respuesta hace 242 min — reiniciando sesión george
[16:25:01] REINICIO: sesión george recreada
[16:30:01] REINICIO: mensaje sin respuesta hace 247 min — reiniciando sesión george
[16:30:01] REINICIO: sesión george recreada
[16:35:01] REINICIO: mensaje sin respuesta hace 252 min — reiniciando sesión george
[16:35:01] REINICIO: sesión george recreada
[16:40:01] REINICIO: mensaje sin respuesta hace 257 min — reiniciando sesión george
[16:40:01] REINICIO: sesión george recreada
[16:45:01] REINICIO: mensaje sin respuesta hace 262 min — reiniciando sesión george
[16:45:01] REINICIO: sesión george recreada
[16:50:01] REINICIO: mensaje sin respuesta hace 267 min — reiniciando sesión george
[16:50:01] REINICIO: sesión george recreada
[16:55:01] REINICIO: mensaje sin respuesta hace 272 min — reiniciando sesión george
[16:55:01] REINICIO: sesión george recreada
[17:00:01] REINICIO: mensaje sin respuesta hace 277 min — reiniciando sesión george
[17:00:01] REINICIO: sesión george recreada
[17:05:01] REINICIO: mensaje sin respuesta hace 282 min — reiniciando sesión george
[17:05:01] REINICIO: sesión george recreada
[17:10:01] REINICIO: mensaje sin respuesta hace 287 min — reiniciando sesión george
[17:10:01] REINICIO: sesión george recreada
[17:15:01] REINICIO: mensaje sin respuesta hace 292 min — reiniciando sesión george
[17:15:01] REINICIO: sesión george recreada
[17:20:02] REINICIO: mensaje sin respuesta hace 297 min — reiniciando sesión george
[17:20:02] REINICIO: sesión george recreada
[17:25:01] REINICIO: mensaje sin respuesta hace 302 min — reiniciando sesión george
[17:25:01] REINICIO: sesión george recreada
[17:30:01] REINICIO: mensaje sin respuesta hace 307 min — reiniciando sesión george
[17:30:01] REINICIO: sesión george recreada
[17:35:01] REINICIO: mensaje sin respuesta hace 312 min — reiniciando sesión george
[17:35:01] REINICIO: sesión george recreada
[17:40:01] REINICIO: mensaje sin respuesta hace 317 min — reiniciando sesión george
[17:40:01] REINICIO: sesión george recreada
[17:45:01] REINICIO: mensaje sin respuesta hace 322 min — reiniciando sesión george
[17:45:01] REINICIO: sesión george recreada
[17:50:01] REINICIO: mensaje sin respuesta hace 327 min — reiniciando sesión george
[17:50:01] REINICIO: sesión george recreada
[17:55:01] REINICIO: mensaje sin respuesta hace 332 min — reiniciando sesión george
[17:55:01] REINICIO: sesión george recreada
[18:00:01] REINICIO: mensaje sin respuesta hace 337 min — reiniciando sesión george
[18:00:01] REINICIO: sesión george recreada
[18:05:01] REINICIO: mensaje sin respuesta hace 342 min — reiniciando sesión george
[18:05:01] REINICIO: sesión george recreada
[18:10:01] REINICIO: mensaje sin respuesta hace 347 min — reiniciando sesión george
[18:10:01] REINICIO: sesión george recreada
[18:15:01] REINICIO: mensaje sin respuesta hace 352 min — reiniciando sesión george
[18:15:01] REINICIO: sesión george recreada
[18:20:01] REINICIO: mensaje sin respuesta hace 357 min — reiniciando sesión george
[18:20:01] REINICIO: sesión george recreada
[18:25:01] REINICIO: mensaje sin respuesta hace 362 min — reiniciando sesión george
[18:25:01] REINICIO: sesión george recreada
[18:30:01] REINICIO: mensaje sin respuesta hace 367 min — reiniciando sesión george
[18:30:01] REINICIO: sesión george recreada
[18:35:01] REINICIO: mensaje sin respuesta hace 372 min — reiniciando sesión george
[18:35:01] REINICIO: sesión george recreada
[18:40:01] REINICIO: mensaje sin respuesta hace 377 min — reiniciando sesión george
[18:40:01] REINICIO: sesión george recreada
[18:45:01] REINICIO: mensaje sin respuesta hace 382 min — reiniciando sesión george
[18:45:01] REINICIO: sesión george recreada
[18:50:01] REINICIO: mensaje sin respuesta hace 387 min — reiniciando sesión george
[18:50:01] REINICIO: sesión george recreada
[18:55:01] REINICIO: mensaje sin respuesta hace 392 min — reiniciando sesión george
[18:55:01] REINICIO: sesión george recreada
[19:00:01] REINICIO: mensaje sin respuesta hace 397 min — reiniciando sesión george
[19:00:01] REINICIO: sesión george recreada
[19:05:01] REINICIO: mensaje sin respuesta hace 402 min — reiniciando sesión george
[19:05:01] REINICIO: sesión george recreada
[19:10:01] REINICIO: mensaje sin respuesta hace 407 min — reiniciando sesión george
[19:10:01] REINICIO: sesión george recreada
[19:15:01] REINICIO: mensaje sin respuesta hace 412 min — reiniciando sesión george
[19:15:01] REINICIO: sesión george recreada
[19:20:01] REINICIO: mensaje sin respuesta hace 417 min — reiniciando sesión george
[19:20:01] REINICIO: sesión george recreada
[19:25:01] REINICIO: mensaje sin respuesta hace 422 min — reiniciando sesión george
[19:25:01] REINICIO: sesión george recreada
[19:30:01] REINICIO: mensaje sin respuesta hace 427 min — reiniciando sesión george
[19:30:01] REINICIO: sesión george recreada
[19:35:01] REINICIO: mensaje sin respuesta hace 432 min — reiniciando sesión george
[19:35:01] REINICIO: sesión george recreada
[19:40:01] REINICIO: mensaje sin respuesta hace 437 min — reiniciando sesión george
[19:40:01] REINICIO: sesión george recreada
[19:45:01] REINICIO: mensaje sin respuesta hace 442 min — reiniciando sesión george
[19:45:01] REINICIO: sesión george recreada
[19:50:01] REINICIO: mensaje sin respuesta hace 447 min — reiniciando sesión george
[19:50:01] REINICIO: sesión george recreada
[19:55:01] REINICIO: mensaje sin respuesta hace 452 min — reiniciando sesión george
[19:55:01] REINICIO: sesión george recreada
[20:00:01] REINICIO: mensaje sin respuesta hace 457 min — reiniciando sesión george
[20:00:01] REINICIO: sesión george recreada
[20:05:01] REINICIO: mensaje sin respuesta hace 462 min — reiniciando sesión george
[20:05:01] REINICIO: sesión george recreada
[20:10:01] REINICIO: mensaje sin respuesta hace 467 min — reiniciando sesión george
[20:10:01] REINICIO: sesión george recreada
[20:15:01] REINICIO: mensaje sin respuesta hace 472 min — reiniciando sesión george
[20:15:01] REINICIO: sesión george recreada
[20:20:01] REINICIO: mensaje sin respuesta hace 477 min — reiniciando sesión george
[20:20:01] REINICIO: sesión george recreada
[20:25:01] REINICIO: mensaje sin respuesta hace 482 min — reiniciando sesión george
[20:25:01] REINICIO: sesión george recreada
[20:30:01] REINICIO: mensaje sin respuesta hace 487 min — reiniciando sesión george
[20:30:01] REINICIO: sesión george recreada
[20:35:01] REINICIO: mensaje sin respuesta hace 492 min — reiniciando sesión george
[20:35:01] REINICIO: sesión george recreada
[20:40:01] REINICIO: mensaje sin respuesta hace 497 min — reiniciando sesión george
[20:40:01] REINICIO: sesión george recreada
[20:45:01] REINICIO: mensaje sin respuesta hace 502 min — reiniciando sesión george
[20:45:01] REINICIO: sesión george recreada
[20:50:01] REINICIO: mensaje sin respuesta hace 507 min — reiniciando sesión george
[20:50:01] REINICIO: sesión george recreada
[20:55:01] REINICIO: mensaje sin respuesta hace 512 min — reiniciando sesión george
[20:55:01] REINICIO: sesión george recreada
[21:00:01] OK (respuesta enviada correctamente)
[21:05:01] OK (respuesta enviada correctamente)
[21:10:01] OK (respuesta enviada correctamente)
[21:15:01] OK (respuesta enviada correctamente)
[21:20:01] OK (respuesta enviada correctamente)
[21:25:01] OK (respuesta enviada correctamente)
[21:30:01] OK (respuesta enviada correctamente)
[21:35:01] OK (respuesta enviada correctamente)
[21:40:02] OK (respuesta enviada correctamente)
[21:45:01] OK (respuesta enviada correctamente)
[21:50:01] OK (respuesta enviada correctamente)
[21:55:01] OK (respuesta enviada correctamente)
[22:00:01] OK (respuesta enviada correctamente)
[22:05:01] OK (respuesta enviada correctamente)
[22:10:01] OK (respuesta enviada correctamente)
[22:15:01] OK (respuesta enviada correctamente)
[22:20:01] OK (respuesta enviada correctamente)
[22:25:01] OK (respuesta enviada correctamente)
[22:30:01] OK (respuesta enviada correctamente)
[22:35:01] OK (respuesta enviada correctamente)
[22:40:01] OK (respuesta enviada correctamente)
[22:45:01] OK (respuesta enviada correctamente)
[22:50:01] OK (respuesta enviada correctamente)
[22:55:01] OK (respuesta enviada correctamente)
[23:00:01] OK (respuesta enviada correctamente)
[23:05:01] OK (respuesta enviada correctamente)
[23:10:01] OK (respuesta enviada correctamente)
[23:15:01] OK (respuesta enviada correctamente)
[23:20:01] OK (respuesta enviada correctamente)
[23:25:01] OK (respuesta enviada correctamente)
[23:30:01] OK (respuesta enviada correctamente)
[23:35:01] OK (respuesta enviada correctamente)
[23:40:01] OK (respuesta enviada correctamente)
[23:45:01] OK (respuesta enviada correctamente)
[23:50:01] OK (respuesta enviada correctamente)
[23:55:01] OK (respuesta enviada correctamente)
[00:00:01] OK (sin log hoy, sin mensajes pendientes)
[00:05:01] OK (sin log hoy, sin mensajes pendientes)
[00:10:01] OK (sin log hoy, sin mensajes pendientes)
[00:15:01] OK (sin log hoy, sin mensajes pendientes)
[00:20:01] OK (sin log hoy, sin mensajes pendientes)
[00:25:01] OK (sin log hoy, sin mensajes pendientes)
[00:30:01] OK (sin log hoy, sin mensajes pendientes)
[00:35:01] OK (sin log hoy, sin mensajes pendientes)
[00:40:01] OK (sin log hoy, sin mensajes pendientes)
[00:45:01] OK (sin log hoy, sin mensajes pendientes)
[00:50:01] OK (sin log hoy, sin mensajes pendientes)
[00:55:01] OK (sin log hoy, sin mensajes pendientes)
[01:00:01] OK (sin log hoy, sin mensajes pendientes)
[01:05:01] OK (sin log hoy, sin mensajes pendientes)
[01:10:01] OK (sin log hoy, sin mensajes pendientes)
[01:15:01] OK (sin log hoy, sin mensajes pendientes)
[01:20:01] OK (sin log hoy, sin mensajes pendientes)
[01:25:01] OK (sin log hoy, sin mensajes pendientes)
[01:30:01] OK (sin log hoy, sin mensajes pendientes)
[01:35:01] OK (sin log hoy, sin mensajes pendientes)
[01:40:01] OK (sin log hoy, sin mensajes pendientes)
[01:45:01] OK (sin log hoy, sin mensajes pendientes)
[01:50:01] OK (sin log hoy, sin mensajes pendientes)
[01:55:01] OK (sin log hoy, sin mensajes pendientes)
[02:00:01] OK (sin log hoy, sin mensajes pendientes)
[02:05:01] OK (sin log hoy, sin mensajes pendientes)
[02:10:01] OK (sin log hoy, sin mensajes pendientes)
[02:15:01] OK (sin log hoy, sin mensajes pendientes)
[02:20:01] OK (sin log hoy, sin mensajes pendientes)
[02:25:01] OK (sin log hoy, sin mensajes pendientes)
[02:30:01] OK (sin log hoy, sin mensajes pendientes)
[02:35:01] OK (sin log hoy, sin mensajes pendientes)
[02:40:01] OK (sin log hoy, sin mensajes pendientes)
[02:45:01] OK (sin log hoy, sin mensajes pendientes)
[02:50:01] OK (sin log hoy, sin mensajes pendientes)
[02:55:01] OK (sin log hoy, sin mensajes pendientes)
[03:00:01] OK (sin log hoy, sin mensajes pendientes)
[03:05:01] OK (sin log hoy, sin mensajes pendientes)
[03:10:01] OK (sin log hoy, sin mensajes pendientes)
[03:15:01] OK (sin log hoy, sin mensajes pendientes)
[03:20:01] OK (sin log hoy, sin mensajes pendientes)
[03:25:01] OK (sin log hoy, sin mensajes pendientes)
[03:30:01] OK (sin log hoy, sin mensajes pendientes)
[03:35:01] OK (sin log hoy, sin mensajes pendientes)
[03:40:01] OK (sin log hoy, sin mensajes pendientes)
[03:45:01] OK (sin log hoy, sin mensajes pendientes)
[03:50:01] OK (sin log hoy, sin mensajes pendientes)
[03:55:01] OK (sin log hoy, sin mensajes pendientes)
[04:00:02] OK (sin log hoy, sin mensajes pendientes)
[04:05:01] OK (sin log hoy, sin mensajes pendientes)
[04:10:01] OK (sin log hoy, sin mensajes pendientes)
[04:15:01] OK (sin log hoy, sin mensajes pendientes)
[04:20:01] OK (sin log hoy, sin mensajes pendientes)
[04:25:01] OK (sin log hoy, sin mensajes pendientes)
[04:30:01] OK (sin log hoy, sin mensajes pendientes)
[04:35:01] OK (sin log hoy, sin mensajes pendientes)
[04:40:01] OK (sin log hoy, sin mensajes pendientes)
[04:45:01] OK (sin log hoy, sin mensajes pendientes)
[04:50:01] OK (sin log hoy, sin mensajes pendientes)
[04:55:01] OK (sin log hoy, sin mensajes pendientes)
[05:00:01] OK (sin log hoy, sin mensajes pendientes)
[05:05:01] OK (sin log hoy, sin mensajes pendientes)
[05:10:01] OK (sin log hoy, sin mensajes pendientes)
[05:15:01] OK (sin log hoy, sin mensajes pendientes)
[05:20:01] OK (sin log hoy, sin mensajes pendientes)
[05:25:01] OK (sin log hoy, sin mensajes pendientes)
[05:30:01] OK (sin log hoy, sin mensajes pendientes)
[05:35:01] OK (sin log hoy, sin mensajes pendientes)
[05:40:01] OK (sin log hoy, sin mensajes pendientes)
[05:45:01] OK (sin log hoy, sin mensajes pendientes)
[05:50:01] OK (sin log hoy, sin mensajes pendientes)
[05:55:01] OK (sin log hoy, sin mensajes pendientes)
[06:00:01] OK (sin log hoy, sin mensajes pendientes)
[06:05:01] OK (sin log hoy, sin mensajes pendientes)
[06:10:01] OK (sin log hoy, sin mensajes pendientes)
[06:15:01] OK (sin log hoy, sin mensajes pendientes)
[06:20:01] OK (sin log hoy, sin mensajes pendientes)
[06:25:01] OK (sin log hoy, sin mensajes pendientes)
[06:30:01] OK (sin log hoy, sin mensajes pendientes)
[06:35:01] OK (sin log hoy, sin mensajes pendientes)
[06:40:01] OK (sin log hoy, sin mensajes pendientes)
[06:45:01] OK (sin log hoy, sin mensajes pendientes)
[06:50:01] OK (sin log hoy, sin mensajes pendientes)
[06:55:01] OK (sin log hoy, sin mensajes pendientes)
[07:00:01] OK (sin log hoy, sin mensajes pendientes)
[07:05:01] OK (sin log hoy, sin mensajes pendientes)
[07:10:01] OK (sin log hoy, sin mensajes pendientes)
[07:15:01] OK (sin log hoy, sin mensajes pendientes)
[07:20:01] OK (sin log hoy, sin mensajes pendientes)
[07:25:01] OK (sin log hoy, sin mensajes pendientes)
[07:30:01] OK (sin log hoy, sin mensajes pendientes)
[07:35:01] OK (sin log hoy, sin mensajes pendientes)
[07:40:01] OK (sin log hoy, sin mensajes pendientes)
[07:45:01] OK (sin log hoy, sin mensajes pendientes)
[07:50:01] OK (sin log hoy, sin mensajes pendientes)
[07:55:01] OK (sin log hoy, sin mensajes pendientes)
[08:00:01] OK (sin log hoy, sin mensajes pendientes)
[08:05:01] OK (respuesta enviada correctamente)
[08:10:01] OK (respuesta enviada correctamente)
[08:15:01] OK (respuesta enviada correctamente)
[08:20:01] OK (respuesta enviada correctamente)
[08:25:01] OK (respuesta enviada correctamente)
[08:30:01] OK (respuesta enviada correctamente)
[08:35:01] OK (respuesta enviada correctamente)
[08:40:01] OK (respuesta enviada correctamente)
[08:45:01] OK (respuesta enviada correctamente)
[08:50:01] OK (respuesta enviada correctamente)
[08:55:02] OK (respuesta enviada correctamente)
[09:00:01] OK (respuesta enviada correctamente)
[09:05:01] OK (respuesta enviada correctamente)
[09:10:01] OK (respuesta enviada correctamente)
[09:15:01] OK (respuesta enviada correctamente)
[09:20:01] OK (respuesta enviada correctamente)
[09:25:01] OK (respuesta enviada correctamente)
[09:30:01] OK (respuesta enviada correctamente)
[09:35:01] OK (respuesta enviada correctamente)
[09:40:01] OK (respuesta enviada correctamente)
[09:45:01] OK (respuesta enviada correctamente)
[09:50:01] OK (respuesta enviada correctamente)
[09:55:01] OK (respuesta enviada correctamente)
[10:00:01] OK (respuesta enviada correctamente)
[10:05:01] OK (respuesta enviada correctamente)
[10:10:01] OK (respuesta enviada correctamente)
[10:15:01] OK (respuesta enviada correctamente)
[10:20:01] OK (respuesta enviada correctamente)
[10:25:01] OK (respuesta enviada correctamente)
[10:30:01] OK (respuesta enviada correctamente)
[10:35:01] OK (respuesta enviada correctamente)
[10:40:01] OK (respuesta enviada correctamente)
[10:45:01] OK (respuesta enviada correctamente)
[10:50:01] OK (respuesta enviada correctamente)
[10:55:01] OK (respuesta enviada correctamente)
[11:00:01] OK (respuesta enviada correctamente)
[11:05:01] OK (respuesta enviada correctamente)
[11:10:01] OK (respuesta enviada correctamente)
[11:15:01] OK (respuesta enviada correctamente)
[11:20:01] OK (respuesta enviada correctamente)
[11:25:01] OK (respuesta enviada correctamente)
[11:30:01] OK (respuesta enviada correctamente)
[11:35:01] OK (respuesta enviada correctamente)
[11:40:01] OK (mensaje hace 2 min, dentro del límite)
[11:45:01] OK (respuesta enviada correctamente)
[11:50:01] OK (respuesta enviada correctamente)
[11:55:01] OK (respuesta enviada correctamente)
[12:00:01] OK (respuesta enviada correctamente)
[12:05:01] OK (respuesta enviada correctamente)
[12:10:01] OK (respuesta enviada correctamente)
[12:15:01] OK (respuesta enviada correctamente)
[12:20:01] OK (respuesta enviada correctamente)
[12:25:01] OK (respuesta enviada correctamente)
[12:30:01] OK (respuesta enviada correctamente)
[12:35:01] OK (respuesta enviada correctamente)
[12:40:01] OK (respuesta enviada correctamente)
[12:45:02] OK (respuesta enviada correctamente)
[12:50:01] OK (respuesta enviada correctamente)
[12:55:01] OK (respuesta enviada correctamente)
[13:00:01] OK (respuesta enviada correctamente)
[13:05:01] OK (respuesta enviada correctamente)
[13:10:01] OK (respuesta enviada correctamente)
[13:15:01] OK (respuesta enviada correctamente)
[13:20:01] OK (respuesta enviada correctamente)
[13:25:01] OK (respuesta enviada correctamente)
[13:30:01] OK (respuesta enviada correctamente)
[13:35:01] OK (respuesta enviada correctamente)
[13:40:01] OK (respuesta enviada correctamente)
[13:45:01] OK (respuesta enviada correctamente)
[13:50:02] OK (respuesta enviada correctamente)
[13:55:01] OK (respuesta enviada correctamente)
[14:00:01] OK (respuesta enviada correctamente)
[14:05:01] OK (respuesta enviada correctamente)
[14:10:01] OK (respuesta enviada correctamente)
[14:15:01] OK (respuesta enviada correctamente)
[14:20:01] OK (respuesta enviada correctamente)
[14:25:01] OK (respuesta enviada correctamente)
[14:30:01] OK (respuesta enviada correctamente)
[14:35:01] OK (respuesta enviada correctamente)
[14:40:01] OK (respuesta enviada correctamente)
[14:45:01] OK (respuesta enviada correctamente)
[14:50:01] OK (respuesta enviada correctamente)
[14:55:01] OK (respuesta enviada correctamente)
[15:00:01] OK (respuesta enviada correctamente)
[15:05:01] OK (respuesta enviada correctamente)
[15:10:01] OK (respuesta enviada correctamente)
[15:15:01] OK (respuesta enviada correctamente)
[15:20:01] OK (respuesta enviada correctamente)
[15:25:01] OK (respuesta enviada correctamente)
[15:30:01] OK (respuesta enviada correctamente)
[15:35:02] OK (respuesta enviada correctamente)
[15:40:01] OK (respuesta enviada correctamente)
[15:45:01] OK (respuesta enviada correctamente)
[15:50:01] OK (respuesta enviada correctamente)
[15:55:01] OK (respuesta enviada correctamente)
[16:00:01] OK (respuesta enviada correctamente)
[16:05:01] OK (respuesta enviada correctamente)
[16:10:01] OK (respuesta enviada correctamente)
[16:15:01] OK (respuesta enviada correctamente)
[16:20:01] OK (respuesta enviada correctamente)
[16:25:01] OK (respuesta enviada correctamente)
[16:30:02] OK (respuesta enviada correctamente)
[16:35:01] OK (respuesta enviada correctamente)
[16:40:01] OK (respuesta enviada correctamente)
[16:45:01] OK (respuesta enviada correctamente)
[16:50:01] OK (respuesta enviada correctamente)
[16:55:01] OK (respuesta enviada correctamente)
[17:00:01] OK (respuesta enviada correctamente)
[17:05:01] OK (respuesta enviada correctamente)
[17:10:01] OK (respuesta enviada correctamente)
[17:15:01] OK (respuesta enviada correctamente)
[17:20:01] OK (respuesta enviada correctamente)
[17:25:01] OK (respuesta enviada correctamente)
[17:30:01] OK (respuesta enviada correctamente)
[17:35:01] OK (respuesta enviada correctamente)
[17:40:01] OK (respuesta enviada correctamente)
[17:45:01] OK (respuesta enviada correctamente)
[17:50:01] OK (respuesta enviada correctamente)
[17:55:01] OK (respuesta enviada correctamente)
[18:00:01] OK (respuesta enviada correctamente)
[18:05:01] OK (respuesta enviada correctamente)
[18:10:01] OK (respuesta enviada correctamente)
[18:15:02] OK (respuesta enviada correctamente)
[18:20:01] OK (respuesta enviada correctamente)
[18:25:01] OK (respuesta enviada correctamente)
[18:30:01] OK (respuesta enviada correctamente)
[18:35:01] OK (respuesta enviada correctamente)
[18:40:01] OK (respuesta enviada correctamente)
[18:45:01] OK (respuesta enviada correctamente)
[18:50:01] OK (respuesta enviada correctamente)
[18:55:01] OK (respuesta enviada correctamente)
[19:00:01] OK (respuesta enviada correctamente)
[19:05:02] OK (respuesta enviada correctamente)
[19:10:01] OK (respuesta enviada correctamente)
[19:15:01] OK (respuesta enviada correctamente)
[19:20:01] OK (respuesta enviada correctamente)
[19:25:01] OK (respuesta enviada correctamente)
[19:30:01] OK (respuesta enviada correctamente)
[19:35:01] OK (respuesta enviada correctamente)
[19:40:01] OK (respuesta enviada correctamente)
[19:45:01] OK (respuesta enviada correctamente)
[19:50:01] OK (respuesta enviada correctamente)
[19:55:01] OK (respuesta enviada correctamente)
[20:00:01] OK (respuesta enviada correctamente)
[20:05:01] OK (respuesta enviada correctamente)
[20:10:01] OK (respuesta enviada correctamente)
[20:15:01] OK (respuesta enviada correctamente)
[20:20:01] OK (respuesta enviada correctamente)
[20:25:01] OK (respuesta enviada correctamente)
[20:30:01] OK (respuesta enviada correctamente)
[20:35:01] OK (respuesta enviada correctamente)
[20:40:01] OK (respuesta enviada correctamente)
[20:45:01] OK (respuesta enviada correctamente)
[20:50:02] OK (respuesta enviada correctamente)
[20:55:01] OK (respuesta enviada correctamente)
[21:00:01] OK (respuesta enviada correctamente)
[21:05:01] OK (respuesta enviada correctamente)
[21:10:01] OK (respuesta enviada correctamente)
[21:15:01] OK (respuesta enviada correctamente)
[21:20:01] OK (respuesta enviada correctamente)
[21:25:02] OK (respuesta enviada correctamente)
[21:30:01] OK (respuesta enviada correctamente)
[21:35:01] OK (respuesta enviada correctamente)
[21:40:01] OK (respuesta enviada correctamente)
[21:45:01] OK (respuesta enviada correctamente)
[21:50:01] OK (respuesta enviada correctamente)
[21:55:01] OK (respuesta enviada correctamente)
[22:00:01] OK (respuesta enviada correctamente)
[22:05:01] OK (respuesta enviada correctamente)
[22:10:01] OK (respuesta enviada correctamente)
[22:15:01] OK (respuesta enviada correctamente)
[22:20:01] OK (respuesta enviada correctamente)
[22:25:01] OK (respuesta enviada correctamente)
[22:30:01] OK (respuesta enviada correctamente)
[22:35:01] OK (respuesta enviada correctamente)
[22:40:01] OK (respuesta enviada correctamente)
[22:45:01] OK (respuesta enviada correctamente)
[22:50:01] OK (respuesta enviada correctamente)
[22:55:01] OK (respuesta enviada correctamente)
[23:00:01] OK (respuesta enviada correctamente)
[23:05:01] OK (respuesta enviada correctamente)
[23:10:01] OK (respuesta enviada correctamente)
[23:15:01] OK (respuesta enviada correctamente)
[23:20:01] OK (respuesta enviada correctamente)
[23:25:01] OK (respuesta enviada correctamente)
[23:30:01] OK (respuesta enviada correctamente)
[23:35:01] OK (respuesta enviada correctamente)
[23:40:01] OK (respuesta enviada correctamente)
[23:45:01] OK (respuesta enviada correctamente)
[23:50:01] OK (respuesta enviada correctamente)
[23:55:01] OK (respuesta enviada correctamente)
[00:00:02] OK (sin log hoy, sin mensajes pendientes)
[00:05:01] OK (sin log hoy, sin mensajes pendientes)
[00:10:01] OK (sin log hoy, sin mensajes pendientes)
[00:15:01] OK (sin log hoy, sin mensajes pendientes)
[00:20:01] OK (sin log hoy, sin mensajes pendientes)
[00:25:01] OK (sin log hoy, sin mensajes pendientes)
[00:30:01] OK (sin log hoy, sin mensajes pendientes)
[00:35:01] OK (sin log hoy, sin mensajes pendientes)
[00:40:01] OK (sin log hoy, sin mensajes pendientes)
[00:45:01] OK (sin log hoy, sin mensajes pendientes)
[00:50:02] OK (sin log hoy, sin mensajes pendientes)
[00:55:01] OK (sin log hoy, sin mensajes pendientes)
[01:00:01] OK (sin log hoy, sin mensajes pendientes)
[01:05:01] OK (sin log hoy, sin mensajes pendientes)
[01:10:01] OK (sin log hoy, sin mensajes pendientes)
[01:15:01] OK (sin log hoy, sin mensajes pendientes)
[01:20:01] OK (sin log hoy, sin mensajes pendientes)
[01:25:01] OK (sin log hoy, sin mensajes pendientes)
[01:30:01] OK (sin log hoy, sin mensajes pendientes)
[01:35:01] OK (sin log hoy, sin mensajes pendientes)
[01:40:01] OK (sin log hoy, sin mensajes pendientes)
[01:45:01] OK (sin log hoy, sin mensajes pendientes)
[01:50:01] OK (sin log hoy, sin mensajes pendientes)
[01:55:01] OK (sin log hoy, sin mensajes pendientes)
[02:00:01] OK (sin log hoy, sin mensajes pendientes)
[02:05:01] OK (sin log hoy, sin mensajes pendientes)
[02:10:01] OK (sin log hoy, sin mensajes pendientes)
[02:15:01] OK (sin log hoy, sin mensajes pendientes)
[02:20:01] OK (sin log hoy, sin mensajes pendientes)
[02:25:01] OK (sin log hoy, sin mensajes pendientes)
[02:30:01] OK (sin log hoy, sin mensajes pendientes)
[02:35:01] OK (sin log hoy, sin mensajes pendientes)
[02:40:01] OK (sin log hoy, sin mensajes pendientes)
[02:45:01] OK (sin log hoy, sin mensajes pendientes)
[02:50:01] OK (sin log hoy, sin mensajes pendientes)
[02:55:01] OK (sin log hoy, sin mensajes pendientes)
[03:00:01] OK (sin log hoy, sin mensajes pendientes)
[03:05:01] OK (sin log hoy, sin mensajes pendientes)
[03:10:01] OK (sin log hoy, sin mensajes pendientes)
[03:15:01] OK (sin log hoy, sin mensajes pendientes)
[03:20:01] OK (sin log hoy, sin mensajes pendientes)
[03:25:01] OK (sin log hoy, sin mensajes pendientes)
[03:30:01] OK (sin log hoy, sin mensajes pendientes)
[03:35:01] OK (sin log hoy, sin mensajes pendientes)
[03:40:01] OK (sin log hoy, sin mensajes pendientes)
[03:45:01] OK (sin log hoy, sin mensajes pendientes)
[03:50:01] OK (sin log hoy, sin mensajes pendientes)
[03:55:01] OK (sin log hoy, sin mensajes pendientes)
[04:00:01] OK (sin log hoy, sin mensajes pendientes)
[04:05:01] OK (sin log hoy, sin mensajes pendientes)
[04:10:01] OK (sin log hoy, sin mensajes pendientes)
[04:15:01] OK (sin log hoy, sin mensajes pendientes)
[04:20:01] OK (sin log hoy, sin mensajes pendientes)
[04:25:01] OK (sin log hoy, sin mensajes pendientes)
[04:30:01] OK (sin log hoy, sin mensajes pendientes)
[04:35:01] OK (sin log hoy, sin mensajes pendientes)
[04:40:02] OK (sin log hoy, sin mensajes pendientes)
[04:45:01] OK (sin log hoy, sin mensajes pendientes)
[04:50:01] OK (sin log hoy, sin mensajes pendientes)
[04:55:01] OK (sin log hoy, sin mensajes pendientes)
[05:00:01] OK (sin log hoy, sin mensajes pendientes)
[05:05:39] OK (sin log hoy, sin mensajes pendientes)
[05:10:01] OK (sin log hoy, sin mensajes pendientes)
[05:15:01] OK (sin log hoy, sin mensajes pendientes)
[05:20:01] OK (sin log hoy, sin mensajes pendientes)
[05:25:01] OK (sin log hoy, sin mensajes pendientes)
[05:30:01] OK (sin log hoy, sin mensajes pendientes)
[05:35:02] OK (sin log hoy, sin mensajes pendientes)
[05:40:01] OK (sin log hoy, sin mensajes pendientes)
[05:45:01] OK (sin log hoy, sin mensajes pendientes)
[05:50:01] OK (sin log hoy, sin mensajes pendientes)
[05:55:01] OK (sin log hoy, sin mensajes pendientes)
[06:00:01] OK (sin log hoy, sin mensajes pendientes)
[06:05:01] OK (sin log hoy, sin mensajes pendientes)
[06:10:01] OK (sin log hoy, sin mensajes pendientes)
[06:15:01] OK (sin log hoy, sin mensajes pendientes)
[06:20:01] OK (sin log hoy, sin mensajes pendientes)
[06:25:01] OK (sin log hoy, sin mensajes pendientes)
[06:30:01] OK (sin log hoy, sin mensajes pendientes)
[06:35:01] OK (sin log hoy, sin mensajes pendientes)
[06:40:01] OK (sin log hoy, sin mensajes pendientes)
[06:45:01] OK (sin log hoy, sin mensajes pendientes)
[06:50:01] OK (sin log hoy, sin mensajes pendientes)
[06:55:01] OK (sin log hoy, sin mensajes pendientes)
[07:00:01] OK (sin log hoy, sin mensajes pendientes)
[07:05:01] OK (sin log hoy, sin mensajes pendientes)
[07:10:01] OK (sin log hoy, sin mensajes pendientes)
[07:15:01] OK (sin log hoy, sin mensajes pendientes)
[07:20:01] OK (sin log hoy, sin mensajes pendientes)
[07:25:01] OK (sin log hoy, sin mensajes pendientes)
[07:30:01] OK (sin log hoy, sin mensajes pendientes)
[07:35:01] OK (sin log hoy, sin mensajes pendientes)
[07:40:02] OK (sin log hoy, sin mensajes pendientes)
[07:45:01] OK (sin log hoy, sin mensajes pendientes)
[07:50:01] OK (respuesta enviada correctamente)
[07:55:01] REINICIO: mensaje sin respuesta hace 4 min — reiniciando sesión george
[07:55:01] REINICIO: sesión george recreada
[08:00:01] REINICIO: mensaje sin respuesta hace 9 min — reiniciando sesión george
[08:00:01] REINICIO: sesión george recreada
[08:05:02] REINICIO: mensaje sin respuesta hace 14 min — reiniciando sesión george
[08:05:02] REINICIO: sesión george recreada
[08:10:01] OK (respuesta enviada correctamente)
[08:15:01] OK (respuesta enviada correctamente)
[08:20:01] OK (respuesta enviada correctamente)
[08:25:01] OK (respuesta enviada correctamente)
[08:30:01] OK (respuesta enviada correctamente)
[08:35:01] OK (respuesta enviada correctamente)
[08:40:01] OK (respuesta enviada correctamente)
[08:45:01] OK (respuesta enviada correctamente)
[08:50:01] OK (respuesta enviada correctamente)
[08:55:01] OK (respuesta enviada correctamente)
[09:00:01] OK (respuesta enviada correctamente)
[09:05:01] OK (respuesta enviada correctamente)
[09:10:01] OK (respuesta enviada correctamente)
[09:15:01] OK (respuesta enviada correctamente)
[09:20:01] OK (respuesta enviada correctamente)
[09:25:01] OK (respuesta enviada correctamente)
[09:30:01] OK (respuesta enviada correctamente)
[09:35:01] OK (respuesta enviada correctamente)
[09:40:01] OK (respuesta enviada correctamente)
[09:45:01] OK (respuesta enviada correctamente)
[09:50:01] OK (respuesta enviada correctamente)
[09:55:01] OK (respuesta enviada correctamente)
[10:00:01] OK (respuesta enviada correctamente)
[10:05:01] OK (respuesta enviada correctamente)
[10:10:01] OK (respuesta enviada correctamente)
[10:15:01] OK (respuesta enviada correctamente)
[10:20:01] OK (respuesta enviada correctamente)
[10:25:01] OK (respuesta enviada correctamente)
[10:30:01] OK (respuesta enviada correctamente)
[10:35:01] OK (respuesta enviada correctamente)
[10:40:01] OK (respuesta enviada correctamente)
[10:45:01] OK (respuesta enviada correctamente)
[10:50:01] OK (respuesta enviada correctamente)
[10:55:01] OK (respuesta enviada correctamente)
[11:00:01] OK (respuesta enviada correctamente)
[11:05:01] OK (respuesta enviada correctamente)
[11:10:01] OK (respuesta enviada correctamente)
[11:15:01] OK (respuesta enviada correctamente)
[11:20:01] OK (respuesta enviada correctamente)
[11:25:01] OK (respuesta enviada correctamente)
[11:30:01] OK (respuesta enviada correctamente)
[11:35:02] OK (respuesta enviada correctamente)
[11:40:01] OK (respuesta enviada correctamente)
[11:45:01] OK (respuesta enviada correctamente)
[11:50:01] OK (respuesta enviada correctamente)
[11:55:01] OK (respuesta enviada correctamente)
[12:00:01] OK (respuesta enviada correctamente)
[12:05:01] OK (respuesta enviada correctamente)
[12:10:01] OK (respuesta enviada correctamente)
[12:15:01] OK (respuesta enviada correctamente)
[12:20:01] OK (respuesta enviada correctamente)
[12:25:01] OK (respuesta enviada correctamente)
[12:30:01] OK (respuesta enviada correctamente)
[12:35:01] OK (respuesta enviada correctamente)
[12:40:01] OK (respuesta enviada correctamente)
[12:45:01] OK (respuesta enviada correctamente)
[12:50:01] OK (respuesta enviada correctamente)
[12:55:01] OK (respuesta enviada correctamente)
[13:00:01] OK (respuesta enviada correctamente)
[13:05:01] OK (respuesta enviada correctamente)
[13:10:01] OK (respuesta enviada correctamente)
[13:15:01] OK (respuesta enviada correctamente)
[13:20:01] OK (respuesta enviada correctamente)
[13:25:01] OK (respuesta enviada correctamente)
[13:30:01] OK (respuesta enviada correctamente)
[13:35:01] OK (respuesta enviada correctamente)
[13:40:01] OK (respuesta enviada correctamente)
[13:45:01] OK (respuesta enviada correctamente)
[13:50:01] OK (respuesta enviada correctamente)
[13:55:01] OK (respuesta enviada correctamente)
[14:00:01] OK (respuesta enviada correctamente)
[14:05:01] OK (respuesta enviada correctamente)
[14:10:01] OK (respuesta enviada correctamente)
[14:15:01] OK (respuesta enviada correctamente)
[14:20:01] OK (respuesta enviada correctamente)
[14:25:01] OK (respuesta enviada correctamente)
[14:30:01] OK (respuesta enviada correctamente)
[14:35:01] OK (respuesta enviada correctamente)
[14:40:01] OK (respuesta enviada correctamente)
[14:45:01] OK (respuesta enviada correctamente)
[14:50:01] OK (respuesta enviada correctamente)
[14:55:01] OK (respuesta enviada correctamente)
[15:00:01] OK (respuesta enviada correctamente)
[15:05:01] OK (respuesta enviada correctamente)
[15:10:01] OK (respuesta enviada correctamente)
[15:15:01] OK (respuesta enviada correctamente)
[15:20:01] OK (respuesta enviada correctamente)
[15:25:01] OK (respuesta enviada correctamente)
[15:30:01] OK (respuesta enviada correctamente)
[15:35:01] OK (respuesta enviada correctamente)
[15:40:01] OK (respuesta enviada correctamente)
[15:45:01] OK (respuesta enviada correctamente)
[15:50:01] OK (respuesta enviada correctamente)
[15:55:01] OK (respuesta enviada correctamente)
[16:00:01] OK (respuesta enviada correctamente)
[16:05:01] OK (respuesta enviada correctamente)
[16:10:01] OK (respuesta enviada correctamente)
[16:15:01] OK (respuesta enviada correctamente)
[16:20:01] OK (respuesta enviada correctamente)
[16:25:01] OK (respuesta enviada correctamente)
[16:30:01] OK (respuesta enviada correctamente)
[16:35:01] OK (respuesta enviada correctamente)
[16:40:01] OK (respuesta enviada correctamente)
[16:45:01] OK (respuesta enviada correctamente)
[16:50:01] OK (respuesta enviada correctamente)
[16:55:01] OK (respuesta enviada correctamente)
[17:00:01] OK (respuesta enviada correctamente)
[17:05:01] OK (respuesta enviada correctamente)
[17:10:01] OK (respuesta enviada correctamente)
[17:15:01] OK (respuesta enviada correctamente)
[17:20:01] OK (respuesta enviada correctamente)
[17:25:01] OK (respuesta enviada correctamente)
[17:30:01] OK (respuesta enviada correctamente)
[17:35:01] OK (respuesta enviada correctamente)
[17:40:01] OK (respuesta enviada correctamente)
[17:45:01] OK (respuesta enviada correctamente)
[17:50:01] OK (respuesta enviada correctamente)
[17:55:01] OK (respuesta enviada correctamente)
[18:00:01] OK (respuesta enviada correctamente)
[18:05:01] OK (respuesta enviada correctamente)
[18:10:01] OK (respuesta enviada correctamente)
[18:15:01] OK (respuesta enviada correctamente)
[18:20:01] OK (respuesta enviada correctamente)
[18:25:01] OK (respuesta enviada correctamente)
[18:30:01] OK (respuesta enviada correctamente)
[18:35:01] OK (respuesta enviada correctamente)
[18:40:01] OK (respuesta enviada correctamente)
[18:45:01] OK (respuesta enviada correctamente)
[18:50:01] OK (respuesta enviada correctamente)
[18:55:01] OK (respuesta enviada correctamente)
[19:00:01] OK (respuesta enviada correctamente)
[19:05:01] OK (respuesta enviada correctamente)
[19:10:01] OK (respuesta enviada correctamente)
[19:15:01] OK (respuesta enviada correctamente)
[19:20:01] OK (respuesta enviada correctamente)
[19:25:01] OK (respuesta enviada correctamente)
[19:30:01] OK (respuesta enviada correctamente)
[19:35:01] OK (respuesta enviada correctamente)
[19:40:01] OK (respuesta enviada correctamente)
[19:45:01] OK (respuesta enviada correctamente)
[19:50:01] OK (respuesta enviada correctamente)
[19:55:01] OK (respuesta enviada correctamente)
[20:00:01] OK (respuesta enviada correctamente)
[20:05:01] OK (respuesta enviada correctamente)
[20:10:01] OK (respuesta enviada correctamente)
[20:15:01] OK (respuesta enviada correctamente)
[20:20:01] OK (respuesta enviada correctamente)
[20:25:01] OK (respuesta enviada correctamente)
[20:30:01] OK (respuesta enviada correctamente)
[20:35:01] OK (respuesta enviada correctamente)
[20:40:01] OK (respuesta enviada correctamente)
[20:45:01] OK (respuesta enviada correctamente)
[20:50:01] OK (respuesta enviada correctamente)
[20:55:01] OK (respuesta enviada correctamente)
[21:00:01] OK (mensaje hace 1 min, dentro del límite)
[21:05:01] OK (respuesta enviada correctamente)
[21:10:01] OK (respuesta enviada correctamente)
[21:15:01] OK (respuesta enviada correctamente)
[21:20:01] OK (respuesta enviada correctamente)
[21:25:01] OK (respuesta enviada correctamente)
[21:30:01] OK (respuesta enviada correctamente)
[21:35:01] OK (respuesta enviada correctamente)
[21:40:01] OK (respuesta enviada correctamente)
[21:45:01] OK (respuesta enviada correctamente)
[21:50:01] OK (respuesta enviada correctamente)
[21:55:01] OK (respuesta enviada correctamente)
[22:00:01] OK (respuesta enviada correctamente)
[22:05:01] OK (respuesta enviada correctamente)
[22:10:01] OK (respuesta enviada correctamente)
[22:15:01] OK (respuesta enviada correctamente)
[22:20:01] OK (respuesta enviada correctamente)
[22:25:01] OK (respuesta enviada correctamente)
[22:30:01] OK (respuesta enviada correctamente)
[22:35:01] OK (respuesta enviada correctamente)
[22:40:01] OK (respuesta enviada correctamente)
[22:45:01] OK (respuesta enviada correctamente)
[22:50:01] OK (respuesta enviada correctamente)
[22:55:01] OK (respuesta enviada correctamente)
[23:00:01] OK (respuesta enviada correctamente)
[23:05:01] OK (respuesta enviada correctamente)
[23:10:01] OK (respuesta enviada correctamente)
[23:15:01] OK (respuesta enviada correctamente)
[23:20:01] OK (respuesta enviada correctamente)
[23:25:01] OK (respuesta enviada correctamente)
[23:30:01] OK (respuesta enviada correctamente)
[23:35:01] OK (respuesta enviada correctamente)
[23:40:01] OK (respuesta enviada correctamente)
[23:45:01] OK (respuesta enviada correctamente)
[23:50:01] OK (respuesta enviada correctamente)
[23:55:01] OK (respuesta enviada correctamente)
[00:00:01] OK (sin log hoy, sin mensajes pendientes)
[00:05:01] OK (sin log hoy, sin mensajes pendientes)
[00:10:01] OK (sin log hoy, sin mensajes pendientes)
[00:15:01] OK (sin log hoy, sin mensajes pendientes)
[00:20:01] OK (sin log hoy, sin mensajes pendientes)
[00:25:01] OK (sin log hoy, sin mensajes pendientes)
[00:30:01] OK (sin log hoy, sin mensajes pendientes)
[00:35:01] OK (sin log hoy, sin mensajes pendientes)
[00:40:01] OK (sin log hoy, sin mensajes pendientes)
[00:45:01] OK (sin log hoy, sin mensajes pendientes)
[00:50:01] OK (sin log hoy, sin mensajes pendientes)
[00:55:01] OK (sin log hoy, sin mensajes pendientes)
[01:00:01] OK (sin log hoy, sin mensajes pendientes)
[01:05:01] OK (sin log hoy, sin mensajes pendientes)
[01:10:01] OK (sin log hoy, sin mensajes pendientes)
[01:15:01] OK (sin log hoy, sin mensajes pendientes)
[01:20:01] OK (sin log hoy, sin mensajes pendientes)
[01:25:01] OK (sin log hoy, sin mensajes pendientes)
[01:30:01] OK (sin log hoy, sin mensajes pendientes)
[01:35:01] OK (sin log hoy, sin mensajes pendientes)
[01:40:01] OK (sin log hoy, sin mensajes pendientes)
[01:45:01] OK (sin log hoy, sin mensajes pendientes)
[01:50:01] OK (sin log hoy, sin mensajes pendientes)
[01:55:01] OK (sin log hoy, sin mensajes pendientes)
[02:00:01] OK (sin log hoy, sin mensajes pendientes)
[02:05:01] OK (sin log hoy, sin mensajes pendientes)
[02:10:01] OK (sin log hoy, sin mensajes pendientes)
[02:15:01] OK (sin log hoy, sin mensajes pendientes)
[02:20:02] OK (sin log hoy, sin mensajes pendientes)
[02:25:01] OK (sin log hoy, sin mensajes pendientes)
[02:30:01] OK (sin log hoy, sin mensajes pendientes)
[02:35:01] OK (sin log hoy, sin mensajes pendientes)
[02:40:01] OK (sin log hoy, sin mensajes pendientes)
[02:45:01] OK (sin log hoy, sin mensajes pendientes)
[02:50:01] OK (sin log hoy, sin mensajes pendientes)
[02:55:01] OK (sin log hoy, sin mensajes pendientes)
[03:00:01] OK (sin log hoy, sin mensajes pendientes)
[03:05:01] OK (sin log hoy, sin mensajes pendientes)
[03:10:01] OK (sin log hoy, sin mensajes pendientes)
[03:15:01] OK (sin log hoy, sin mensajes pendientes)
[03:20:01] OK (sin log hoy, sin mensajes pendientes)
[03:25:01] OK (sin log hoy, sin mensajes pendientes)
[03:30:01] OK (sin log hoy, sin mensajes pendientes)
[03:35:01] OK (sin log hoy, sin mensajes pendientes)
[03:40:01] OK (sin log hoy, sin mensajes pendientes)
[03:45:01] OK (sin log hoy, sin mensajes pendientes)
[03:50:01] OK (sin log hoy, sin mensajes pendientes)
[03:55:01] OK (sin log hoy, sin mensajes pendientes)
[04:00:02] OK (sin log hoy, sin mensajes pendientes)
[04:05:01] OK (sin log hoy, sin mensajes pendientes)
[04:10:01] OK (sin log hoy, sin mensajes pendientes)
[04:15:01] OK (sin log hoy, sin mensajes pendientes)
[04:20:01] OK (sin log hoy, sin mensajes pendientes)
[04:25:01] OK (sin log hoy, sin mensajes pendientes)
[04:30:01] OK (sin log hoy, sin mensajes pendientes)
[04:35:01] OK (sin log hoy, sin mensajes pendientes)
[04:40:01] OK (sin log hoy, sin mensajes pendientes)
[04:45:01] OK (sin log hoy, sin mensajes pendientes)
[04:50:01] OK (sin log hoy, sin mensajes pendientes)
[04:55:01] OK (sin log hoy, sin mensajes pendientes)
[05:00:01] OK (sin log hoy, sin mensajes pendientes)
[05:05:22] OK (sin log hoy, sin mensajes pendientes)
[05:10:01] OK (sin log hoy, sin mensajes pendientes)
[05:15:01] OK (sin log hoy, sin mensajes pendientes)
[05:20:01] OK (sin log hoy, sin mensajes pendientes)
[05:25:01] OK (sin log hoy, sin mensajes pendientes)
[05:30:01] OK (sin log hoy, sin mensajes pendientes)
[05:35:01] OK (sin log hoy, sin mensajes pendientes)
[05:40:01] OK (sin log hoy, sin mensajes pendientes)
[05:45:01] OK (sin log hoy, sin mensajes pendientes)
[05:50:01] OK (sin log hoy, sin mensajes pendientes)
[05:55:01] OK (sin log hoy, sin mensajes pendientes)
[06:00:01] OK (sin log hoy, sin mensajes pendientes)
[06:05:01] OK (sin log hoy, sin mensajes pendientes)
[06:10:01] OK (sin log hoy, sin mensajes pendientes)
[06:15:01] OK (sin log hoy, sin mensajes pendientes)
[06:20:01] OK (sin log hoy, sin mensajes pendientes)
[06:25:01] OK (sin log hoy, sin mensajes pendientes)
[06:30:02] OK (sin log hoy, sin mensajes pendientes)
[06:35:01] OK (sin log hoy, sin mensajes pendientes)
[06:40:01] OK (sin log hoy, sin mensajes pendientes)
[06:45:02] OK (sin log hoy, sin mensajes pendientes)
[06:50:01] OK (sin log hoy, sin mensajes pendientes)
[06:55:01] OK (sin log hoy, sin mensajes pendientes)
[07:00:01] OK (sin log hoy, sin mensajes pendientes)
[07:05:01] OK (sin log hoy, sin mensajes pendientes)
[07:10:01] OK (respuesta enviada correctamente)
[07:15:01] OK (respuesta enviada correctamente)
[07:20:01] OK (respuesta enviada correctamente)
[07:25:01] OK (respuesta enviada correctamente)
[07:30:01] OK (respuesta enviada correctamente)
[07:35:02] OK (respuesta enviada correctamente)
[07:40:01] OK (respuesta enviada correctamente)
[07:45:01] OK (respuesta enviada correctamente)
[07:50:01] OK (mensaje hace 1 min, dentro del límite)
[07:55:01] OK (respuesta enviada correctamente)
[08:00:01] OK (respuesta enviada correctamente)
[08:05:01] OK (respuesta enviada correctamente)
[08:10:01] OK (respuesta enviada correctamente)
[08:15:01] OK (respuesta enviada correctamente)
[08:20:01] OK (respuesta enviada correctamente)
[08:25:01] OK (respuesta enviada correctamente)
[08:30:01] OK (respuesta enviada correctamente)
[08:35:01] OK (respuesta enviada correctamente)
[08:40:01] OK (respuesta enviada correctamente)
[08:45:01] OK (respuesta enviada correctamente)
[08:50:01] OK (respuesta enviada correctamente)
[08:55:01] OK (respuesta enviada correctamente)
[09:00:01] OK (respuesta enviada correctamente)
[09:05:01] OK (respuesta enviada correctamente)
[09:10:01] OK (respuesta enviada correctamente)
[09:15:01] OK (respuesta enviada correctamente)
[09:20:01] OK (respuesta enviada correctamente)
[09:25:01] OK (respuesta enviada correctamente)
[09:30:01] OK (respuesta enviada correctamente)
[09:35:01] OK (respuesta enviada correctamente)
[09:40:01] OK (respuesta enviada correctamente)
[09:45:01] OK (respuesta enviada correctamente)
[09:50:01] OK (respuesta enviada correctamente)
[09:55:01] OK (respuesta enviada correctamente)
[10:00:01] OK (respuesta enviada correctamente)
[10:05:01] OK (respuesta enviada correctamente)
[10:10:01] OK (respuesta enviada correctamente)
[10:15:01] OK (respuesta enviada correctamente)
[10:20:01] OK (respuesta enviada correctamente)
[10:25:01] OK (respuesta enviada correctamente)
[10:30:01] OK (respuesta enviada correctamente)
[10:35:02] OK (respuesta enviada correctamente)
[10:40:01] OK (respuesta enviada correctamente)
[10:45:01] OK (respuesta enviada correctamente)
[10:50:01] OK (respuesta enviada correctamente)
[10:55:01] OK (respuesta enviada correctamente)
[11:00:01] OK (respuesta enviada correctamente)
[11:05:01] OK (respuesta enviada correctamente)
[11:10:01] OK (respuesta enviada correctamente)
[11:15:01] OK (respuesta enviada correctamente)
[11:20:01] OK (respuesta enviada correctamente)
[11:25:01] OK (respuesta enviada correctamente)
[11:30:01] OK (respuesta enviada correctamente)
[11:35:01] OK (respuesta enviada correctamente)
[11:40:01] OK (respuesta enviada correctamente)
[11:45:01] OK (respuesta enviada correctamente)
[11:50:01] OK (respuesta enviada correctamente)
[11:55:01] OK (respuesta enviada correctamente)
[12:00:01] OK (respuesta enviada correctamente)
[12:05:01] OK (respuesta enviada correctamente)
[12:10:01] OK (respuesta enviada correctamente)
[12:15:01] OK (respuesta enviada correctamente)
[12:20:01] OK (respuesta enviada correctamente)
[12:25:01] OK (respuesta enviada correctamente)
[12:30:01] OK (mensaje hace 3 min, dentro del límite)
[12:35:01] OK (respuesta enviada correctamente)
[12:40:01] OK (respuesta enviada correctamente)
[12:45:01] OK (respuesta enviada correctamente)
[12:50:01] OK (respuesta enviada correctamente)
[12:55:01] OK (respuesta enviada correctamente)
[13:00:02] OK (respuesta enviada correctamente)
[13:05:01] OK (mensaje hace 1 min, dentro del límite)
[13:10:01] OK (respuesta enviada correctamente)
[13:15:01] OK (respuesta enviada correctamente)
[13:20:01] OK (respuesta enviada correctamente)
[13:25:01] OK (mensaje hace 1 min, dentro del límite)
[13:30:01] REINICIO: mensaje sin respuesta hace 6 min — reiniciando sesión george
[13:30:01] REINICIO: sesión george recreada
[13:35:01] REINICIO: mensaje sin respuesta hace 11 min — reiniciando sesión george
[13:35:01] REINICIO: sesión george recreada
[13:40:01] OK (respuesta enviada correctamente)
[13:45:01] OK (respuesta enviada correctamente)
[13:50:01] OK (respuesta enviada correctamente)
[13:55:01] OK (respuesta enviada correctamente)
[14:00:01] OK (respuesta enviada correctamente)
[14:05:01] OK (respuesta enviada correctamente)
[14:10:01] OK (respuesta enviada correctamente)
[14:15:01] OK (respuesta enviada correctamente)
[14:20:02] OK (respuesta enviada correctamente)
[14:25:01] OK (respuesta enviada correctamente)
[14:30:01] OK (respuesta enviada correctamente)
[14:35:01] OK (respuesta enviada correctamente)
[14:40:01] OK (respuesta enviada correctamente)
[14:45:01] OK (respuesta enviada correctamente)
[14:50:01] OK (respuesta enviada correctamente)
[14:55:01] OK (respuesta enviada correctamente)
[15:00:01] OK (respuesta enviada correctamente)
[15:05:01] OK (respuesta enviada correctamente)
[15:10:01] OK (respuesta enviada correctamente)
[15:15:01] OK (respuesta enviada correctamente)
[15:20:01] OK (respuesta enviada correctamente)
[15:25:01] OK (respuesta enviada correctamente)
[15:30:01] OK (respuesta enviada correctamente)
[15:35:01] OK (respuesta enviada correctamente)
[15:40:01] OK (respuesta enviada correctamente)
[15:45:01] OK (respuesta enviada correctamente)
[15:50:01] OK (respuesta enviada correctamente)
[15:55:01] OK (respuesta enviada correctamente)
[16:00:02] OK (respuesta enviada correctamente)
[16:05:01] OK (respuesta enviada correctamente)
[16:10:01] OK (respuesta enviada correctamente)
[16:15:01] OK (respuesta enviada correctamente)
[16:20:01] OK (respuesta enviada correctamente)
[16:25:01] OK (respuesta enviada correctamente)
[16:30:01] OK (respuesta enviada correctamente)
[16:35:01] OK (respuesta enviada correctamente)
[16:40:01] OK (respuesta enviada correctamente)
[16:45:01] OK (respuesta enviada correctamente)
[16:50:01] OK (respuesta enviada correctamente)
[16:55:01] OK (respuesta enviada correctamente)
[17:00:01] OK (respuesta enviada correctamente)
[17:05:01] OK (respuesta enviada correctamente)
[17:10:01] OK (respuesta enviada correctamente)
[17:15:01] OK (respuesta enviada correctamente)
[17:20:01] OK (respuesta enviada correctamente)
[17:25:01] OK (respuesta enviada correctamente)
[17:30:01] OK (respuesta enviada correctamente)
[17:35:01] OK (respuesta enviada correctamente)
[17:40:01] OK (respuesta enviada correctamente)
[17:45:02] OK (respuesta enviada correctamente)
[17:50:01] OK (respuesta enviada correctamente)
[17:55:01] OK (respuesta enviada correctamente)
[18:00:01] OK (respuesta enviada correctamente)
[18:05:01] OK (respuesta enviada correctamente)
[18:10:01] OK (respuesta enviada correctamente)
[18:15:01] OK (respuesta enviada correctamente)
[18:20:01] OK (mensaje hace 2 min, dentro del límite)
[18:25:01] OK (respuesta enviada correctamente)
[18:30:01] OK (respuesta enviada correctamente)
[18:35:01] OK (respuesta enviada correctamente)
[18:40:01] OK (respuesta enviada correctamente)
[18:45:01] OK (respuesta enviada correctamente)
[18:50:01] OK (respuesta enviada correctamente)
[18:55:01] OK (respuesta enviada correctamente)
[19:00:01] OK (respuesta enviada correctamente)
[19:05:01] OK (respuesta enviada correctamente)
[19:10:01] OK (respuesta enviada correctamente)
[19:15:01] OK (respuesta enviada correctamente)
[19:20:01] OK (respuesta enviada correctamente)
[19:25:01] OK (respuesta enviada correctamente)
[19:30:01] OK (respuesta enviada correctamente)
[19:35:01] OK (respuesta enviada correctamente)
[19:40:01] OK (respuesta enviada correctamente)
[19:45:01] OK (respuesta enviada correctamente)
[19:50:01] OK (respuesta enviada correctamente)
[19:55:01] OK (respuesta enviada correctamente)
[20:00:01] OK (respuesta enviada correctamente)
[20:05:01] OK (respuesta enviada correctamente)
[20:10:01] OK (respuesta enviada correctamente)
[20:15:01] OK (mensaje hace 2 min, dentro del límite)
[20:20:01] OK (respuesta enviada correctamente)
[20:25:01] OK (respuesta enviada correctamente)
[20:30:01] OK (respuesta enviada correctamente)
[20:35:01] OK (respuesta enviada correctamente)
[20:40:01] OK (respuesta enviada correctamente)
[20:45:01] OK (respuesta enviada correctamente)
[20:50:01] OK (respuesta enviada correctamente)
[20:55:01] OK (respuesta enviada correctamente)
[21:00:01] OK (respuesta enviada correctamente)
[21:05:01] OK (respuesta enviada correctamente)
[21:10:01] OK (respuesta enviada correctamente)
[21:15:01] OK (respuesta enviada correctamente)
[21:20:02] OK (respuesta enviada correctamente)
[21:25:01] OK (respuesta enviada correctamente)
[21:30:01] OK (respuesta enviada correctamente)
[21:35:01] OK (respuesta enviada correctamente)
[21:40:01] OK (respuesta enviada correctamente)
[21:45:01] OK (respuesta enviada correctamente)
[21:50:01] OK (respuesta enviada correctamente)
[21:55:01] OK (respuesta enviada correctamente)
[22:00:01] OK (respuesta enviada correctamente)
[22:05:01] OK (respuesta enviada correctamente)
[22:10:02] OK (respuesta enviada correctamente)
[22:15:01] OK (respuesta enviada correctamente)
[22:20:01] OK (respuesta enviada correctamente)
[22:25:01] OK (respuesta enviada correctamente)
[22:30:01] OK (respuesta enviada correctamente)
[22:35:01] OK (respuesta enviada correctamente)
[22:40:01] OK (respuesta enviada correctamente)
[22:45:01] OK (respuesta enviada correctamente)
[22:50:01] OK (respuesta enviada correctamente)
[22:55:01] OK (respuesta enviada correctamente)
[23:00:01] OK (respuesta enviada correctamente)
[23:05:01] OK (respuesta enviada correctamente)
[23:10:01] OK (respuesta enviada correctamente)
[23:15:01] OK (respuesta enviada correctamente)
[23:20:01] OK (respuesta enviada correctamente)
[23:25:01] OK (respuesta enviada correctamente)
[23:30:01] OK (respuesta enviada correctamente)
[23:35:01] OK (respuesta enviada correctamente)
[23:40:01] OK (respuesta enviada correctamente)
[23:45:01] OK (respuesta enviada correctamente)
[23:50:01] OK (respuesta enviada correctamente)
[23:55:01] OK (respuesta enviada correctamente)
[00:00:01] OK (sin log hoy, sin mensajes pendientes)
[00:05:02] OK (sin log hoy, sin mensajes pendientes)
[00:10:01] OK (sin log hoy, sin mensajes pendientes)
[00:15:01] OK (sin log hoy, sin mensajes pendientes)
[00:20:01] OK (sin log hoy, sin mensajes pendientes)
[00:25:01] OK (sin log hoy, sin mensajes pendientes)
[00:30:01] OK (sin log hoy, sin mensajes pendientes)
[00:35:01] OK (sin log hoy, sin mensajes pendientes)
[00:40:01] OK (sin log hoy, sin mensajes pendientes)
[00:45:01] OK (sin log hoy, sin mensajes pendientes)
[00:50:01] OK (sin log hoy, sin mensajes pendientes)
[00:55:01] OK (sin log hoy, sin mensajes pendientes)
[01:00:01] OK (sin log hoy, sin mensajes pendientes)
[01:05:02] OK (sin log hoy, sin mensajes pendientes)
[01:10:01] OK (sin log hoy, sin mensajes pendientes)
[01:15:01] OK (sin log hoy, sin mensajes pendientes)
[01:20:01] OK (sin log hoy, sin mensajes pendientes)
[01:25:01] OK (sin log hoy, sin mensajes pendientes)
[01:30:01] OK (sin log hoy, sin mensajes pendientes)
[01:35:01] OK (sin log hoy, sin mensajes pendientes)
[01:40:01] OK (sin log hoy, sin mensajes pendientes)
[01:45:01] OK (sin log hoy, sin mensajes pendientes)
[01:50:01] OK (sin log hoy, sin mensajes pendientes)
[01:55:01] OK (sin log hoy, sin mensajes pendientes)
[02:00:01] OK (sin log hoy, sin mensajes pendientes)
[02:05:01] OK (sin log hoy, sin mensajes pendientes)
[02:10:01] OK (sin log hoy, sin mensajes pendientes)
[02:15:01] OK (sin log hoy, sin mensajes pendientes)
[02:20:01] OK (sin log hoy, sin mensajes pendientes)
[02:25:01] OK (sin log hoy, sin mensajes pendientes)
[02:30:01] OK (sin log hoy, sin mensajes pendientes)
[02:35:01] OK (sin log hoy, sin mensajes pendientes)
[02:40:01] OK (sin log hoy, sin mensajes pendientes)
[02:45:01] OK (sin log hoy, sin mensajes pendientes)
[02:50:01] OK (sin log hoy, sin mensajes pendientes)
[02:55:01] OK (sin log hoy, sin mensajes pendientes)
[03:00:02] OK (sin log hoy, sin mensajes pendientes)
[03:05:01] OK (sin log hoy, sin mensajes pendientes)
[03:10:01] OK (sin log hoy, sin mensajes pendientes)
[03:15:01] OK (sin log hoy, sin mensajes pendientes)
[03:20:01] OK (sin log hoy, sin mensajes pendientes)
[03:25:01] OK (sin log hoy, sin mensajes pendientes)
[03:30:01] OK (sin log hoy, sin mensajes pendientes)
[03:35:01] OK (sin log hoy, sin mensajes pendientes)
[03:40:01] OK (sin log hoy, sin mensajes pendientes)
[03:45:01] OK (sin log hoy, sin mensajes pendientes)
[03:50:01] OK (sin log hoy, sin mensajes pendientes)
[03:55:01] OK (sin log hoy, sin mensajes pendientes)
[04:00:02] OK (sin log hoy, sin mensajes pendientes)
[04:05:01] OK (sin log hoy, sin mensajes pendientes)
[04:10:01] OK (sin log hoy, sin mensajes pendientes)
[04:15:01] OK (sin log hoy, sin mensajes pendientes)
[04:20:01] OK (sin log hoy, sin mensajes pendientes)
[04:25:01] OK (sin log hoy, sin mensajes pendientes)
[04:30:01] OK (sin log hoy, sin mensajes pendientes)
[04:35:26] OK (sin log hoy, sin mensajes pendientes)
[04:40:01] OK (sin log hoy, sin mensajes pendientes)
[04:45:01] OK (sin log hoy, sin mensajes pendientes)
[04:50:01] OK (sin log hoy, sin mensajes pendientes)
[04:55:01] OK (sin log hoy, sin mensajes pendientes)
[05:00:02] OK (sin log hoy, sin mensajes pendientes)
[05:05:01] OK (sin log hoy, sin mensajes pendientes)
[05:10:01] OK (sin log hoy, sin mensajes pendientes)
[05:15:01] OK (sin log hoy, sin mensajes pendientes)
[05:20:01] OK (sin log hoy, sin mensajes pendientes)
[05:25:01] OK (sin log hoy, sin mensajes pendientes)
[05:30:01] OK (sin log hoy, sin mensajes pendientes)
[05:35:01] OK (sin log hoy, sin mensajes pendientes)
[05:40:01] OK (sin log hoy, sin mensajes pendientes)
[05:45:01] OK (sin log hoy, sin mensajes pendientes)
[05:50:01] OK (sin log hoy, sin mensajes pendientes)
[05:55:01] OK (sin log hoy, sin mensajes pendientes)
[06:00:01] OK (sin log hoy, sin mensajes pendientes)
[06:05:01] OK (sin log hoy, sin mensajes pendientes)
[06:10:01] OK (sin log hoy, sin mensajes pendientes)
[06:15:01] OK (sin log hoy, sin mensajes pendientes)
[06:25:01] OK (sin log hoy, sin mensajes pendientes)
[06:30:01] OK (sin log hoy, sin mensajes pendientes)
[06:35:01] OK (sin log hoy, sin mensajes pendientes)
[06:40:01] OK (sin log hoy, sin mensajes pendientes)
[06:45:01] OK (sin log hoy, sin mensajes pendientes)
[06:50:01] OK (sin log hoy, sin mensajes pendientes)
[06:55:01] OK (mensaje hace 1 min, dentro del límite)
[07:00:01] OK (respuesta enviada correctamente)
[07:05:01] OK (respuesta enviada correctamente)
[07:10:01] OK (respuesta enviada correctamente)
[07:15:01] OK (respuesta enviada correctamente)
[07:20:01] OK (respuesta enviada correctamente)
[07:25:01] OK (respuesta enviada correctamente)
[07:30:01] OK (respuesta enviada correctamente)
[07:35:01] OK (respuesta enviada correctamente)
[07:40:01] REINICIO: mensaje sin respuesta hace 5 min — reiniciando sesión george
[07:40:01] REINICIO: sesión george recreada
[07:45:01] REINICIO: mensaje sin respuesta hace 10 min — reiniciando sesión george
[07:45:01] REINICIO: sesión george recreada
[07:50:01] REINICIO: mensaje sin respuesta hace 15 min — reiniciando sesión george
[07:50:01] REINICIO: sesión george recreada
[07:55:01] REINICIO: mensaje sin respuesta hace 20 min — reiniciando sesión george
[07:55:01] REINICIO: sesión george recreada
[08:00:01] REINICIO: mensaje sin respuesta hace 25 min — reiniciando sesión george
[08:00:01] REINICIO: sesión george recreada
[08:05:01] REINICIO: mensaje sin respuesta hace 30 min — reiniciando sesión george
[08:05:01] REINICIO: sesión george recreada
[08:10:01] REINICIO: mensaje sin respuesta hace 35 min — reiniciando sesión george
[08:10:01] REINICIO: sesión george recreada
[08:15:01] REINICIO: mensaje sin respuesta hace 40 min — reiniciando sesión george
[08:15:01] REINICIO: sesión george recreada
[08:20:01] REINICIO: mensaje sin respuesta hace 45 min — reiniciando sesión george
[08:20:01] REINICIO: sesión george recreada
[08:25:01] ALERTA: sesión tmux 'george' no encontrada — reiniciando
[08:25:01] REINICIO: sesión george creada
[08:30:01] OK (respuesta enviada correctamente)
[08:35:01] OK (respuesta enviada correctamente)
[08:40:01] OK (respuesta enviada correctamente)
[08:45:01] OK (respuesta enviada correctamente)
[08:50:01] OK (respuesta enviada correctamente)
[08:55:01] OK (respuesta enviada correctamente)
[09:00:02] OK (respuesta enviada correctamente)
[09:05:01] OK (respuesta enviada correctamente)
[09:10:01] OK (respuesta enviada correctamente)
[09:15:01] OK (respuesta enviada correctamente)
[09:20:01] OK (respuesta enviada correctamente)
[09:25:01] OK (respuesta enviada correctamente)
[09:30:01] OK (respuesta enviada correctamente)
[09:35:01] OK (respuesta enviada correctamente)
[09:40:01] OK (respuesta enviada correctamente)
[09:45:01] OK (respuesta enviada correctamente)
[09:50:01] OK (respuesta enviada correctamente)
[09:55:01] OK (respuesta enviada correctamente)
[10:00:01] OK (mensaje hace 3 min, dentro del límite)
[10:05:01] REINICIO: mensaje sin respuesta hace 8 min — reiniciando sesión george
[10:05:01] REINICIO: sesión george recreada
[10:10:01] REINICIO: mensaje sin respuesta hace 13 min — reiniciando sesión george
[10:10:01] REINICIO: sesión george recreada
[10:15:02] REINICIO: mensaje sin respuesta hace 18 min — reiniciando sesión george
[10:15:02] REINICIO: sesión george recreada
[10:20:01] REINICIO: mensaje sin respuesta hace 23 min — reiniciando sesión george
[10:20:01] REINICIO: sesión george recreada
[10:25:01] REINICIO: mensaje sin respuesta hace 28 min — reiniciando sesión george
[10:25:01] REINICIO: sesión george recreada
[10:30:01] REINICIO: mensaje sin respuesta hace 33 min — reiniciando sesión george
[10:30:01] REINICIO: sesión george recreada
[10:35:01] REINICIO: mensaje sin respuesta hace 38 min — reiniciando sesión george
[10:35:01] REINICIO: sesión george recreada
[10:40:01] OK (respuesta enviada correctamente)
[10:45:01] OK (respuesta enviada correctamente)
[10:50:01] OK (respuesta enviada correctamente)
[10:55:02] OK (respuesta enviada correctamente)
[11:00:01] OK (respuesta enviada correctamente)
[11:05:01] OK (respuesta enviada correctamente)
[11:10:01] OK (respuesta enviada correctamente)
[11:15:01] OK (respuesta enviada correctamente)
[11:20:01] OK (respuesta enviada correctamente)
[11:25:01] OK (respuesta enviada correctamente)
[11:30:01] OK (respuesta enviada correctamente)
[11:35:02] OK (respuesta enviada correctamente)
[11:40:01] OK (respuesta enviada correctamente)
[11:45:01] OK (respuesta enviada correctamente)
[11:50:01] OK (respuesta enviada correctamente)
[11:55:01] OK (respuesta enviada correctamente)
[12:00:01] OK (respuesta enviada correctamente)
[12:05:01] OK (respuesta enviada correctamente)
[12:10:01] OK (respuesta enviada correctamente)
[12:15:01] OK (mensaje hace 1 min, dentro del límite)
[12:20:01] OK (respuesta enviada correctamente)
[12:25:01] OK (respuesta enviada correctamente)
[12:30:01] OK (respuesta enviada correctamente)
[12:35:01] OK (respuesta enviada correctamente)
[12:40:01] OK (respuesta enviada correctamente)
[12:45:01] OK (respuesta enviada correctamente)
[12:50:01] OK (respuesta enviada correctamente)
[12:55:01] OK (mensaje hace 0 min, dentro del límite)
[13:00:01] OK (respuesta enviada correctamente)
[13:05:01] OK (respuesta enviada correctamente)
[13:10:01] OK (respuesta enviada correctamente)
[13:15:01] OK (respuesta enviada correctamente)
[13:20:01] OK (respuesta enviada correctamente)
[13:25:01] OK (respuesta enviada correctamente)
[13:30:01] OK (respuesta enviada correctamente)
[13:35:01] OK (respuesta enviada correctamente)
[13:40:01] OK (respuesta enviada correctamente)
[13:45:01] OK (respuesta enviada correctamente)
[13:50:01] OK (respuesta enviada correctamente)
[13:55:01] OK (respuesta enviada correctamente)
[14:00:01] OK (respuesta enviada correctamente)
[14:05:01] OK (respuesta enviada correctamente)
[14:10:01] OK (respuesta enviada correctamente)
[14:15:01] OK (respuesta enviada correctamente)
[14:20:01] OK (respuesta enviada correctamente)
[14:25:01] OK (respuesta enviada correctamente)
[14:30:01] OK (respuesta enviada correctamente)
[14:35:01] OK (respuesta enviada correctamente)
[14:40:01] OK (respuesta enviada correctamente)
[14:45:01] OK (respuesta enviada correctamente)
[14:50:01] OK (respuesta enviada correctamente)
[14:55:02] OK (respuesta enviada correctamente)
[15:00:01] OK (respuesta enviada correctamente)
[15:05:01] OK (respuesta enviada correctamente)
[15:10:01] OK (respuesta enviada correctamente)
[15:15:01] OK (respuesta enviada correctamente)
[15:20:01] OK (respuesta enviada correctamente)
[15:25:01] OK (respuesta enviada correctamente)
[15:30:01] OK (respuesta enviada correctamente)
[15:35:01] OK (respuesta enviada correctamente)
[15:40:01] OK (respuesta enviada correctamente)
[15:45:01] OK (respuesta enviada correctamente)
[15:50:01] OK (respuesta enviada correctamente)
[15:55:01] OK (respuesta enviada correctamente)
[16:00:01] OK (respuesta enviada correctamente)
[16:05:01] OK (respuesta enviada correctamente)
[16:10:01] OK (respuesta enviada correctamente)
[16:15:01] OK (respuesta enviada correctamente)
[16:20:01] OK (respuesta enviada correctamente)
[16:25:01] OK (respuesta enviada correctamente)
[16:30:01] OK (respuesta enviada correctamente)
[16:35:01] OK (respuesta enviada correctamente)
[16:40:01] OK (respuesta enviada correctamente)
[16:45:01] OK (respuesta enviada correctamente)
[16:50:01] OK (respuesta enviada correctamente)
[16:55:01] OK (respuesta enviada correctamente)
[17:00:01] OK (respuesta enviada correctamente)
[17:05:01] OK (respuesta enviada correctamente)
[17:10:01] OK (respuesta enviada correctamente)
[17:15:01] OK (respuesta enviada correctamente)
[17:20:01] OK (respuesta enviada correctamente)
[17:25:01] OK (respuesta enviada correctamente)
[17:30:01] OK (respuesta enviada correctamente)
[17:35:01] OK (respuesta enviada correctamente)
[17:40:01] OK (respuesta enviada correctamente)
[17:45:01] OK (respuesta enviada correctamente)
[17:50:01] OK (respuesta enviada correctamente)
[17:55:01] OK (respuesta enviada correctamente)
[18:00:01] OK (respuesta enviada correctamente)
[18:05:01] OK (respuesta enviada correctamente)
[18:10:02] OK (respuesta enviada correctamente)
[18:15:01] OK (respuesta enviada correctamente)
[18:20:01] OK (respuesta enviada correctamente)
[18:25:01] OK (respuesta enviada correctamente)
[18:30:01] OK (respuesta enviada correctamente)
[18:35:01] OK (respuesta enviada correctamente)
[18:40:01] OK (respuesta enviada correctamente)
[18:45:01] OK (respuesta enviada correctamente)
[18:50:01] OK (respuesta enviada correctamente)
[18:55:01] OK (respuesta enviada correctamente)
[19:00:02] OK (respuesta enviada correctamente)
[19:05:01] OK (respuesta enviada correctamente)
[19:10:01] OK (respuesta enviada correctamente)
[19:15:01] OK (respuesta enviada correctamente)
[19:20:01] OK (respuesta enviada correctamente)
[19:25:02] OK (respuesta enviada correctamente)
[19:30:01] OK (respuesta enviada correctamente)
[19:35:01] OK (respuesta enviada correctamente)
[19:40:01] OK (respuesta enviada correctamente)
[19:45:01] OK (respuesta enviada correctamente)
[19:50:02] OK (mensaje hace 2 min, dentro del límite)
[19:55:01] REINICIO: mensaje sin respuesta hace 4 min — reiniciando sesión george
[19:55:01] REINICIO: sesión george recreada
[20:00:01] OK (respuesta enviada correctamente)
[20:05:01] OK (respuesta enviada correctamente)
[20:10:01] OK (respuesta enviada correctamente)
[20:15:01] OK (respuesta enviada correctamente)
[20:20:01] OK (respuesta enviada correctamente)
[20:25:01] OK (respuesta enviada correctamente)
[20:30:01] OK (respuesta enviada correctamente)
[20:35:01] OK (respuesta enviada correctamente)
[20:40:01] OK (respuesta enviada correctamente)
[20:45:01] OK (respuesta enviada correctamente)
[20:50:01] OK (respuesta enviada correctamente)
[20:55:01] OK (respuesta enviada correctamente)
[21:00:01] OK (respuesta enviada correctamente)
[21:05:01] OK (respuesta enviada correctamente)
[21:10:01] OK (respuesta enviada correctamente)
[21:15:01] OK (respuesta enviada correctamente)
[21:20:01] OK (respuesta enviada correctamente)
[21:25:01] OK (respuesta enviada correctamente)
[21:30:01] OK (respuesta enviada correctamente)
[21:35:01] OK (respuesta enviada correctamente)
[21:40:01] OK (respuesta enviada correctamente)
[21:45:01] OK (respuesta enviada correctamente)
[21:50:01] OK (respuesta enviada correctamente)
[21:55:01] OK (respuesta enviada correctamente)
[22:00:01] OK (respuesta enviada correctamente)
[22:05:01] OK (respuesta enviada correctamente)
[22:10:02] OK (respuesta enviada correctamente)
[22:15:01] OK (respuesta enviada correctamente)
[22:20:01] OK (respuesta enviada correctamente)
[22:25:01] OK (respuesta enviada correctamente)
[22:30:01] OK (respuesta enviada correctamente)
[22:35:01] OK (respuesta enviada correctamente)
[22:40:01] OK (respuesta enviada correctamente)
[22:45:01] OK (respuesta enviada correctamente)
[22:50:01] OK (respuesta enviada correctamente)
[22:55:01] OK (respuesta enviada correctamente)
[23:00:02] OK (respuesta enviada correctamente)
[23:05:01] OK (respuesta enviada correctamente)
[23:10:01] OK (respuesta enviada correctamente)
[23:15:01] OK (respuesta enviada correctamente)
[23:20:01] OK (respuesta enviada correctamente)
[23:25:01] OK (respuesta enviada correctamente)
[23:30:01] OK (respuesta enviada correctamente)
[23:35:01] OK (respuesta enviada correctamente)
[23:40:01] OK (respuesta enviada correctamente)
[23:45:02] OK (respuesta enviada correctamente)
[23:50:01] OK (respuesta enviada correctamente)
[23:55:01] OK (respuesta enviada correctamente)
[00:00:01] OK (sin log hoy, sin mensajes pendientes)
[00:05:01] OK (sin log hoy, sin mensajes pendientes)
[00:10:01] OK (sin log hoy, sin mensajes pendientes)
[00:15:01] OK (sin log hoy, sin mensajes pendientes)
[00:20:01] OK (sin log hoy, sin mensajes pendientes)
[00:25:01] OK (sin log hoy, sin mensajes pendientes)
[00:30:01] OK (sin log hoy, sin mensajes pendientes)
[00:35:01] OK (sin log hoy, sin mensajes pendientes)
[00:40:01] OK (sin log hoy, sin mensajes pendientes)
[00:45:01] OK (sin log hoy, sin mensajes pendientes)
[00:50:01] OK (sin log hoy, sin mensajes pendientes)
[00:55:01] OK (sin log hoy, sin mensajes pendientes)
[01:00:01] OK (sin log hoy, sin mensajes pendientes)
[01:05:01] OK (sin log hoy, sin mensajes pendientes)
[01:10:01] OK (sin log hoy, sin mensajes pendientes)
[01:15:01] OK (sin log hoy, sin mensajes pendientes)
[01:20:02] OK (sin log hoy, sin mensajes pendientes)
[01:25:01] OK (sin log hoy, sin mensajes pendientes)
[01:30:01] OK (sin log hoy, sin mensajes pendientes)
[01:35:01] OK (sin log hoy, sin mensajes pendientes)
[01:40:01] OK (sin log hoy, sin mensajes pendientes)
[01:45:01] OK (sin log hoy, sin mensajes pendientes)
[01:50:01] OK (sin log hoy, sin mensajes pendientes)
[01:55:01] OK (sin log hoy, sin mensajes pendientes)
[02:00:01] OK (sin log hoy, sin mensajes pendientes)
[02:05:01] OK (sin log hoy, sin mensajes pendientes)
[02:10:01] OK (sin log hoy, sin mensajes pendientes)
[02:15:01] OK (sin log hoy, sin mensajes pendientes)
[02:20:01] OK (sin log hoy, sin mensajes pendientes)
[02:25:01] OK (sin log hoy, sin mensajes pendientes)
[02:30:01] OK (sin log hoy, sin mensajes pendientes)
[02:35:01] OK (sin log hoy, sin mensajes pendientes)
[02:40:01] OK (sin log hoy, sin mensajes pendientes)
[02:45:01] OK (sin log hoy, sin mensajes pendientes)
[02:50:02] OK (sin log hoy, sin mensajes pendientes)
[02:55:01] OK (sin log hoy, sin mensajes pendientes)
[03:00:01] OK (sin log hoy, sin mensajes pendientes)
[03:05:01] OK (sin log hoy, sin mensajes pendientes)
[03:10:01] OK (sin log hoy, sin mensajes pendientes)
[03:15:01] OK (sin log hoy, sin mensajes pendientes)
[03:20:01] OK (sin log hoy, sin mensajes pendientes)
[03:25:01] OK (sin log hoy, sin mensajes pendientes)
[03:30:02] OK (sin log hoy, sin mensajes pendientes)
[03:35:01] OK (sin log hoy, sin mensajes pendientes)
[03:40:01] OK (sin log hoy, sin mensajes pendientes)
[03:45:01] OK (sin log hoy, sin mensajes pendientes)
[03:50:01] OK (sin log hoy, sin mensajes pendientes)
[03:55:01] OK (sin log hoy, sin mensajes pendientes)
[04:00:01] OK (sin log hoy, sin mensajes pendientes)
[04:05:06] OK (sin log hoy, sin mensajes pendientes)
[04:10:38] OK (sin log hoy, sin mensajes pendientes)
[04:15:01] OK (sin log hoy, sin mensajes pendientes)
[04:20:01] OK (sin log hoy, sin mensajes pendientes)
[04:25:01] OK (sin log hoy, sin mensajes pendientes)
[04:30:01] OK (sin log hoy, sin mensajes pendientes)
[04:35:01] OK (sin log hoy, sin mensajes pendientes)
[04:40:01] OK (sin log hoy, sin mensajes pendientes)
[04:45:01] OK (sin log hoy, sin mensajes pendientes)
[04:50:01] OK (sin log hoy, sin mensajes pendientes)
[04:55:01] OK (sin log hoy, sin mensajes pendientes)
[05:00:01] OK (sin log hoy, sin mensajes pendientes)
[05:05:01] OK (sin log hoy, sin mensajes pendientes)
[05:10:01] OK (sin log hoy, sin mensajes pendientes)
[05:15:01] OK (sin log hoy, sin mensajes pendientes)
[05:20:01] OK (sin log hoy, sin mensajes pendientes)
[05:25:01] OK (sin log hoy, sin mensajes pendientes)
[05:30:01] OK (sin log hoy, sin mensajes pendientes)
[05:35:01] OK (sin log hoy, sin mensajes pendientes)
[05:40:01] OK (sin log hoy, sin mensajes pendientes)
[05:45:01] OK (sin log hoy, sin mensajes pendientes)
[05:50:01] OK (sin log hoy, sin mensajes pendientes)
[05:55:01] OK (sin log hoy, sin mensajes pendientes)
[06:00:01] OK (sin log hoy, sin mensajes pendientes)
[06:05:01] OK (sin log hoy, sin mensajes pendientes)
[06:10:01] OK (sin log hoy, sin mensajes pendientes)
[06:15:01] OK (sin log hoy, sin mensajes pendientes)
[06:20:01] OK (sin log hoy, sin mensajes pendientes)
[06:25:02] OK (sin log hoy, sin mensajes pendientes)
[06:30:01] OK (sin log hoy, sin mensajes pendientes)
[06:35:01] OK (sin log hoy, sin mensajes pendientes)
[06:40:01] OK (sin log hoy, sin mensajes pendientes)
[06:45:01] OK (sin log hoy, sin mensajes pendientes)
[06:50:01] OK (sin log hoy, sin mensajes pendientes)
[06:55:01] OK (sin log hoy, sin mensajes pendientes)
[07:00:01] OK (respuesta enviada correctamente)
[07:05:01] OK (respuesta enviada correctamente)
[07:10:01] ALERTA: sesión tmux 'george' no encontrada — reiniciando
[07:10:01] REINICIO: sesión george creada
[07:15:01] OK (respuesta enviada correctamente)
[07:20:01] OK (respuesta enviada correctamente)
[07:25:01] OK (respuesta enviada correctamente)
[07:30:01] OK (respuesta enviada correctamente)
[07:35:01] OK (respuesta enviada correctamente)
[07:40:01] OK (respuesta enviada correctamente)
[07:45:01] OK (respuesta enviada correctamente)
[07:50:01] OK (respuesta enviada correctamente)
[07:55:01] OK (respuesta enviada correctamente)
[08:00:02] OK (respuesta enviada correctamente)
[08:05:01] OK (respuesta enviada correctamente)
[08:10:01] OK (respuesta enviada correctamente)
[08:15:01] OK (respuesta enviada correctamente)
[08:20:01] OK (respuesta enviada correctamente)
[08:25:01] OK (respuesta enviada correctamente)
[08:30:01] OK (respuesta enviada correctamente)
[08:35:01] OK (respuesta enviada correctamente)
[08:40:01] OK (respuesta enviada correctamente)
[08:45:01] OK (respuesta enviada correctamente)
[08:50:01] OK (respuesta enviada correctamente)
[08:55:01] OK (respuesta enviada correctamente)
[09:00:01] OK (respuesta enviada correctamente)
[09:05:01] OK (respuesta enviada correctamente)
[09:10:01] ALERTA: sesión tmux 'george' no encontrada — reiniciando
[09:10:01] REINICIO: sesión george creada
[09:15:01] OK (respuesta enviada correctamente)
[09:20:01] OK (respuesta enviada correctamente)
[09:25:01] OK (respuesta enviada correctamente)
[09:30:01] OK (respuesta enviada correctamente)
[09:35:01] OK (respuesta enviada correctamente)
[09:40:01] OK (respuesta enviada correctamente)
[09:45:01] OK (respuesta enviada correctamente)
[09:50:01] OK (respuesta enviada correctamente)
[09:55:01] OK (respuesta enviada correctamente)
[10:00:01] OK (respuesta enviada correctamente)
[10:05:01] OK (respuesta enviada correctamente)
[10:10:01] OK (respuesta enviada correctamente)
[10:15:01] OK (respuesta enviada correctamente)
[10:20:01] OK (respuesta enviada correctamente)
[10:25:01] OK (respuesta enviada correctamente)
[10:30:01] OK (respuesta enviada correctamente)
[10:35:01] OK (respuesta enviada correctamente)
[10:40:01] OK (respuesta enviada correctamente)
[10:45:01] OK (respuesta enviada correctamente)
[10:50:01] OK (respuesta enviada correctamente)
[10:55:01] OK (respuesta enviada correctamente)
[11:00:01] OK (respuesta enviada correctamente)
[11:05:01] OK (respuesta enviada correctamente)
[11:10:01] OK (respuesta enviada correctamente)
[11:15:01] OK (respuesta enviada correctamente)
[11:20:01] OK (respuesta enviada correctamente)
[11:25:01] OK (respuesta enviada correctamente)
[11:30:01] OK (respuesta enviada correctamente)
[11:35:01] ALERTA: sesión tmux 'george' no encontrada — reiniciando
[11:35:01] REINICIO: sesión george creada
[11:40:01] OK (respuesta enviada correctamente)
[11:45:01] ALERTA: sesión tmux 'george' no encontrada — reiniciando
[11:45:01] REINICIO: sesión george creada
[11:50:01] OK (respuesta enviada correctamente)
[11:55:01] OK (respuesta enviada correctamente)
[12:00:01] OK (respuesta enviada correctamente)
[12:05:01] OK (respuesta enviada correctamente)
[12:10:01] OK (respuesta enviada correctamente)
[12:15:01] OK (respuesta enviada correctamente)
[12:20:01] OK (respuesta enviada correctamente)
[12:25:01] OK (respuesta enviada correctamente)
[12:30:01] OK (respuesta enviada correctamente)
[12:35:01] OK (respuesta enviada correctamente)
[12:40:01] OK (respuesta enviada correctamente)
[12:45:01] OK (respuesta enviada correctamente)
[12:50:01] OK (respuesta enviada correctamente)
[12:55:01] ALERTA: sesión tmux 'george' no encontrada — reiniciando
[12:55:01] REINICIO: sesión george creada
[13:00:01] REINICIO: mensaje sin respuesta hace 7 min — reiniciando sesión george
[13:00:01] REINICIO: sesión george recreada
[13:05:01] REINICIO: mensaje sin respuesta hace 12 min — reiniciando sesión george
[13:05:01] REINICIO: sesión george recreada
[13:10:01] REINICIO: mensaje sin respuesta hace 17 min — reiniciando sesión george
[13:10:01] REINICIO: sesión george recreada
[13:15:01] REINICIO: mensaje sin respuesta hace 22 min — reiniciando sesión george
[13:15:01] REINICIO: sesión george recreada
[13:20:01] REINICIO: mensaje sin respuesta hace 27 min — reiniciando sesión george
[13:20:01] REINICIO: sesión george recreada
[13:25:01] REINICIO: mensaje sin respuesta hace 32 min — reiniciando sesión george
[13:25:01] REINICIO: sesión george recreada
[13:30:01] REINICIO: mensaje sin respuesta hace 37 min — reiniciando sesión george
[13:30:01] REINICIO: sesión george recreada
[13:35:01] REINICIO: mensaje sin respuesta hace 42 min — reiniciando sesión george
[13:35:01] REINICIO: sesión george recreada
[13:40:01] REINICIO: mensaje sin respuesta hace 47 min — reiniciando sesión george
[13:40:01] REINICIO: sesión george recreada
[13:45:01] REINICIO: mensaje sin respuesta hace 52 min — reiniciando sesión george
[13:45:01] REINICIO: sesión george recreada
[13:50:01] REINICIO: mensaje sin respuesta hace 57 min — reiniciando sesión george
[13:50:01] REINICIO: sesión george recreada
[13:55:01] REINICIO: mensaje sin respuesta hace 62 min — reiniciando sesión george
[13:55:01] REINICIO: sesión george recreada
[14:00:01] REINICIO: mensaje sin respuesta hace 67 min — reiniciando sesión george
[14:00:01] REINICIO: sesión george recreada
[14:05:01] REINICIO: mensaje sin respuesta hace 72 min — reiniciando sesión george
[14:05:01] REINICIO: sesión george recreada
[14:10:01] REINICIO: mensaje sin respuesta hace 77 min — reiniciando sesión george
[14:10:01] REINICIO: sesión george recreada
[14:15:01] OK (mensaje hace 3 min, dentro del límite)
[14:20:01] OK (respuesta enviada correctamente)
[14:25:01] OK (respuesta enviada correctamente)
[14:30:01] OK (respuesta enviada correctamente)
[14:35:01] OK (respuesta enviada correctamente)
[14:40:01] OK (mensaje hace 2 min, dentro del límite)
[14:45:01] REINICIO: mensaje sin respuesta hace 7 min — reiniciando sesión george
[14:45:01] REINICIO: sesión george recreada
[14:50:01] REINICIO: mensaje sin respuesta hace 12 min — reiniciando sesión george
[14:50:01] REINICIO: sesión george recreada
[14:55:01] REINICIO: mensaje sin respuesta hace 17 min — reiniciando sesión george
[14:55:01] REINICIO: sesión george recreada
[15:00:01] REINICIO: mensaje sin respuesta hace 22 min — reiniciando sesión george
[15:00:01] REINICIO: sesión george recreada
[15:05:01] REINICIO: mensaje sin respuesta hace 27 min — reiniciando sesión george
[15:05:01] REINICIO: sesión george recreada
[15:10:01] REINICIO: mensaje sin respuesta hace 32 min — reiniciando sesión george
[15:10:01] REINICIO: sesión george recreada
[15:15:01] REINICIO: mensaje sin respuesta hace 37 min — reiniciando sesión george
[15:15:01] REINICIO: sesión george recreada
[15:20:01] REINICIO: mensaje sin respuesta hace 42 min — reiniciando sesión george
[15:20:01] REINICIO: sesión george recreada
[15:25:01] REINICIO: mensaje sin respuesta hace 47 min — reiniciando sesión george
[15:25:01] REINICIO: sesión george recreada
[15:30:01] REINICIO: mensaje sin respuesta hace 52 min — reiniciando sesión george
[15:30:01] REINICIO: sesión george recreada
[15:35:01] REINICIO: mensaje sin respuesta hace 57 min — reiniciando sesión george
[15:35:01] REINICIO: sesión george recreada
[15:40:01] REINICIO: mensaje sin respuesta hace 62 min — reiniciando sesión george
[15:40:01] REINICIO: sesión george recreada
[15:45:01] REINICIO: mensaje sin respuesta hace 67 min — reiniciando sesión george
[15:45:01] REINICIO: sesión george recreada
[15:50:01] REINICIO: mensaje sin respuesta hace 72 min — reiniciando sesión george
[15:50:01] REINICIO: sesión george recreada
[15:55:01] REINICIO: mensaje sin respuesta hace 77 min — reiniciando sesión george
[15:55:01] REINICIO: sesión george recreada
[16:00:01] REINICIO: mensaje sin respuesta hace 82 min — reiniciando sesión george
[16:00:01] REINICIO: sesión george recreada
[16:05:01] REINICIO: mensaje sin respuesta hace 87 min — reiniciando sesión george
[16:05:01] REINICIO: sesión george recreada
[16:10:01] REINICIO: mensaje sin respuesta hace 92 min — reiniciando sesión george
[16:10:01] REINICIO: sesión george recreada
[16:15:01] REINICIO: mensaje sin respuesta hace 97 min — reiniciando sesión george
[16:15:01] REINICIO: sesión george recreada
[16:20:01] REINICIO: mensaje sin respuesta hace 102 min — reiniciando sesión george
[16:20:01] REINICIO: sesión george recreada
[16:25:01] REINICIO: mensaje sin respuesta hace 107 min — reiniciando sesión george
[16:25:01] REINICIO: sesión george recreada
[16:30:01] REINICIO: mensaje sin respuesta hace 112 min — reiniciando sesión george
[16:30:01] REINICIO: sesión george recreada
[16:35:01] REINICIO: mensaje sin respuesta hace 117 min — reiniciando sesión george
[16:35:01] REINICIO: sesión george recreada
[16:40:01] REINICIO: mensaje sin respuesta hace 122 min — reiniciando sesión george
[16:40:01] REINICIO: sesión george recreada
[16:45:01] REINICIO: mensaje sin respuesta hace 127 min — reiniciando sesión george
[16:45:01] REINICIO: sesión george recreada
[16:50:01] REINICIO: mensaje sin respuesta hace 132 min — reiniciando sesión george
[16:50:01] REINICIO: sesión george recreada
[16:55:01] REINICIO: mensaje sin respuesta hace 137 min — reiniciando sesión george
[16:55:01] REINICIO: sesión george recreada
[17:00:01] OK (mensaje hace 1 min, dentro del límite)
[17:05:01] REINICIO: mensaje sin respuesta hace 5 min — reiniciando sesión george
[17:05:01] REINICIO: sesión george recreada
[17:10:01] REINICIO: mensaje sin respuesta hace 10 min — reiniciando sesión george
[17:10:01] REINICIO: sesión george recreada
[17:15:01] OK (mensaje hace 3 min, dentro del límite)
[17:20:01] REINICIO: mensaje sin respuesta hace 8 min — reiniciando sesión george
[17:20:01] REINICIO: sesión george recreada
[17:25:01] REINICIO: mensaje sin respuesta hace 13 min — reiniciando sesión george
[17:25:01] REINICIO: sesión george recreada
[17:30:01] REINICIO: mensaje sin respuesta hace 18 min — reiniciando sesión george
[17:30:01] REINICIO: sesión george recreada
[17:35:01] OK (respuesta enviada correctamente)
[17:40:01] OK (mensaje hace 1 min, dentro del límite)
[17:45:01] OK (mensaje hace 3 min, dentro del límite)
[17:50:01] OK (respuesta enviada correctamente)
[17:55:01] OK (respuesta enviada correctamente)
[18:00:01] OK (respuesta enviada correctamente)
[18:05:01] OK (respuesta enviada correctamente)
[18:10:01] OK (respuesta enviada correctamente)
[18:15:01] OK (respuesta enviada correctamente)
[18:20:01] OK (mensaje hace 3 min, dentro del límite)
[18:25:01] OK (respuesta enviada correctamente)
[18:30:01] OK (mensaje hace 2 min, dentro del límite)
[18:35:01] OK (mensaje hace 1 min, dentro del límite)
[18:40:01] OK (respuesta enviada correctamente)
[18:45:01] OK (respuesta enviada correctamente)
[18:50:01] OK (respuesta enviada correctamente)
[18:55:01] OK (respuesta enviada correctamente)
[19:00:01] OK (respuesta enviada correctamente)
[19:05:01] OK (respuesta enviada correctamente)
[19:10:01] OK (respuesta enviada correctamente)
[19:15:01] OK (respuesta enviada correctamente)
[19:20:01] OK (respuesta enviada correctamente)
[19:25:01] OK (respuesta enviada correctamente)
[19:30:01] OK (mensaje hace 1 min, dentro del límite)
[19:35:01] OK (respuesta enviada correctamente)
[19:40:01] OK (respuesta enviada correctamente)
[19:45:01] OK (respuesta enviada correctamente)
[19:50:02] OK (respuesta enviada correctamente)
[19:55:01] OK (respuesta enviada correctamente)
[20:00:01] OK (respuesta enviada correctamente)
[20:05:01] OK (respuesta enviada correctamente)
[20:10:01] OK (respuesta enviada correctamente)
[20:15:01] OK (respuesta enviada correctamente)
[20:20:01] OK (respuesta enviada correctamente)
[20:25:01] OK (respuesta enviada correctamente)
[20:30:01] OK (respuesta enviada correctamente)
[20:35:01] OK (respuesta enviada correctamente)
[20:40:01] OK (respuesta enviada correctamente)
[20:45:01] OK (mensaje hace 3 min, dentro del límite)
[20:50:01] REINICIO: mensaje sin respuesta hace 8 min — reiniciando sesión george
[20:50:01] REINICIO: sesión george recreada
[20:55:01] OK (respuesta enviada correctamente)
[21:00:01] REINICIO: mensaje sin respuesta hace 5 min — reiniciando sesión george
[21:00:01] REINICIO: sesión george recreada
[21:05:02] REINICIO: mensaje sin respuesta hace 10 min — reiniciando sesión george
[21:05:02] REINICIO: sesión george recreada
[21:10:01] REINICIO: mensaje sin respuesta hace 15 min — reiniciando sesión george
[21:10:01] REINICIO: sesión george recreada
[21:15:01] OK (respuesta enviada correctamente)
[21:20:01] OK (respuesta enviada correctamente)
[21:25:01] OK (mensaje hace 3 min, dentro del límite)
[21:30:01] OK (mensaje hace 2 min, dentro del límite)
[21:35:01] OK (respuesta enviada correctamente)
[21:40:01] OK (respuesta enviada correctamente)
[21:45:01] OK (respuesta enviada correctamente)
[21:50:01] OK (mensaje hace 3 min, dentro del límite)
[21:55:01] OK (respuesta enviada correctamente)
[22:00:01] OK (respuesta enviada correctamente)
[22:05:01] OK (mensaje hace 1 min, dentro del límite)
[22:10:01] OK (mensaje hace 3 min, dentro del límite)
[22:15:01] REINICIO: mensaje sin respuesta hace 8 min — reiniciando sesión george
[22:15:01] REINICIO: sesión george recreada
[22:20:01] OK (mensaje hace 1 min, dentro del límite)
[22:25:02] OK (respuesta enviada correctamente)
[22:30:01] OK (respuesta enviada correctamente)
[22:35:01] OK (respuesta enviada correctamente)
[22:40:01] OK (mensaje hace 1 min, dentro del límite)
[22:45:01] OK (respuesta enviada correctamente)
[22:50:01] OK (respuesta enviada correctamente)
[22:55:01] OK (respuesta enviada correctamente)
[23:00:01] OK (respuesta enviada correctamente)
[23:05:01] OK (respuesta enviada correctamente)
[23:10:01] OK (respuesta enviada correctamente)
[23:15:01] OK (respuesta enviada correctamente)
[23:20:01] OK (respuesta enviada correctamente)
[23:25:01] OK (respuesta enviada correctamente)
[23:30:01] OK (respuesta enviada correctamente)
[23:35:01] OK (respuesta enviada correctamente)
[23:40:01] OK (respuesta enviada correctamente)
[23:45:02] OK (respuesta enviada correctamente)
[23:50:01] OK (respuesta enviada correctamente)
[23:55:01] OK (respuesta enviada correctamente)
[00:00:01] OK (sin log hoy, sin mensajes pendientes)
[00:05:01] OK (sin log hoy, sin mensajes pendientes)
[00:10:01] OK (sin log hoy, sin mensajes pendientes)
[00:15:01] OK (sin log hoy, sin mensajes pendientes)
[00:20:01] OK (sin log hoy, sin mensajes pendientes)
[00:25:01] OK (sin log hoy, sin mensajes pendientes)
[00:30:02] OK (sin log hoy, sin mensajes pendientes)
[00:35:01] OK (sin log hoy, sin mensajes pendientes)
[00:40:01] OK (sin log hoy, sin mensajes pendientes)
[00:45:01] OK (sin log hoy, sin mensajes pendientes)
[00:50:01] OK (sin log hoy, sin mensajes pendientes)
[00:55:01] OK (sin log hoy, sin mensajes pendientes)
[01:00:01] OK (sin log hoy, sin mensajes pendientes)
[01:05:01] OK (sin log hoy, sin mensajes pendientes)
[01:10:01] OK (sin log hoy, sin mensajes pendientes)
[01:15:01] OK (sin log hoy, sin mensajes pendientes)
[01:20:01] OK (sin log hoy, sin mensajes pendientes)
[01:25:01] OK (sin log hoy, sin mensajes pendientes)
[01:30:01] OK (sin log hoy, sin mensajes pendientes)
[01:35:01] OK (sin log hoy, sin mensajes pendientes)
[01:40:01] OK (sin log hoy, sin mensajes pendientes)
[01:45:01] OK (sin log hoy, sin mensajes pendientes)
[01:50:01] OK (sin log hoy, sin mensajes pendientes)
[01:55:01] OK (sin log hoy, sin mensajes pendientes)
[02:00:01] OK (sin log hoy, sin mensajes pendientes)
[02:05:01] OK (sin log hoy, sin mensajes pendientes)
[02:10:01] OK (sin log hoy, sin mensajes pendientes)
[02:15:01] OK (sin log hoy, sin mensajes pendientes)
[02:20:01] OK (sin log hoy, sin mensajes pendientes)
[02:25:01] OK (sin log hoy, sin mensajes pendientes)
[02:30:01] OK (sin log hoy, sin mensajes pendientes)
[02:35:01] OK (sin log hoy, sin mensajes pendientes)
[02:40:01] OK (sin log hoy, sin mensajes pendientes)
[02:45:01] OK (sin log hoy, sin mensajes pendientes)
[02:50:02] OK (sin log hoy, sin mensajes pendientes)
[02:55:01] OK (sin log hoy, sin mensajes pendientes)
[03:00:01] OK (sin log hoy, sin mensajes pendientes)
[03:05:01] OK (sin log hoy, sin mensajes pendientes)
[03:10:01] OK (sin log hoy, sin mensajes pendientes)
[03:15:01] OK (sin log hoy, sin mensajes pendientes)
[03:20:01] OK (sin log hoy, sin mensajes pendientes)
[03:25:01] OK (sin log hoy, sin mensajes pendientes)
[03:30:01] OK (sin log hoy, sin mensajes pendientes)
[03:35:01] OK (sin log hoy, sin mensajes pendientes)
[03:40:02] OK (sin log hoy, sin mensajes pendientes)
[03:45:01] OK (sin log hoy, sin mensajes pendientes)
[03:50:01] OK (sin log hoy, sin mensajes pendientes)
[03:55:01] OK (sin log hoy, sin mensajes pendientes)
[04:00:01] OK (sin log hoy, sin mensajes pendientes)
[04:05:01] OK (sin log hoy, sin mensajes pendientes)
[04:10:01] OK (sin log hoy, sin mensajes pendientes)
[04:15:02] OK (sin log hoy, sin mensajes pendientes)
[04:20:01] OK (sin log hoy, sin mensajes pendientes)
[04:25:01] OK (sin log hoy, sin mensajes pendientes)
[04:30:01] OK (sin log hoy, sin mensajes pendientes)
[04:35:01] OK (sin log hoy, sin mensajes pendientes)
[04:40:01] OK (sin log hoy, sin mensajes pendientes)
[04:45:01] OK (sin log hoy, sin mensajes pendientes)
[04:50:01] OK (sin log hoy, sin mensajes pendientes)
[04:55:01] OK (sin log hoy, sin mensajes pendientes)
[05:00:01] OK (sin log hoy, sin mensajes pendientes)
[05:05:01] OK (sin log hoy, sin mensajes pendientes)
[05:10:01] OK (sin log hoy, sin mensajes pendientes)
[05:15:01] OK (sin log hoy, sin mensajes pendientes)
[05:20:01] OK (sin log hoy, sin mensajes pendientes)
[05:25:01] OK (sin log hoy, sin mensajes pendientes)
[05:30:01] OK (sin log hoy, sin mensajes pendientes)
[05:35:01] OK (sin log hoy, sin mensajes pendientes)
[05:40:01] OK (sin log hoy, sin mensajes pendientes)
[05:45:01] OK (sin log hoy, sin mensajes pendientes)
[05:50:01] OK (respuesta enviada correctamente)
[05:55:01] OK (respuesta enviada correctamente)
[06:00:01] OK (respuesta enviada correctamente)
[06:05:01] OK (respuesta enviada correctamente)
[06:10:01] OK (respuesta enviada correctamente)
[06:15:01] OK (respuesta enviada correctamente)
[06:20:01] OK (respuesta enviada correctamente)
[06:25:01] OK (respuesta enviada correctamente)
[06:30:01] OK (respuesta enviada correctamente)
[06:35:01] OK (mensaje hace 1 min, dentro del límite)
[06:40:01] REINICIO: mensaje sin respuesta hace 6 min — reiniciando sesión george
[06:40:01] REINICIO: sesión george recreada
[06:45:01] REINICIO: mensaje sin respuesta hace 11 min — reiniciando sesión george
[06:45:01] REINICIO: sesión george recreada
[06:50:01] OK (respuesta enviada correctamente)
[06:55:01] OK (respuesta enviada correctamente)
[07:00:01] OK (mensaje hace 3 min, dentro del límite)
[07:05:01] REINICIO: mensaje sin respuesta hace 8 min — reiniciando sesión george
[07:05:01] REINICIO: sesión george recreada
[07:10:01] ALERTA: sesión tmux 'george' no encontrada — reiniciando
[07:10:01] REINICIO: sesión george creada
[07:15:01] ALERTA: sesión tmux 'george' no encontrada — reiniciando
[07:15:01] REINICIO: sesión george creada
[07:20:01] REINICIO: mensaje sin respuesta hace 23 min — reiniciando sesión george
[07:20:01] REINICIO: sesión george recreada
[07:25:01] ALERTA: sesión tmux 'george' no encontrada — reiniciando
[07:25:01] REINICIO: sesión george creada
[07:30:01] REINICIO: mensaje sin respuesta hace 33 min — reiniciando sesión george
[07:30:01] REINICIO: sesión george recreada
[07:35:01] REINICIO: mensaje sin respuesta hace 38 min — reiniciando sesión george
[07:35:01] REINICIO: sesión george recreada
[07:40:01] REINICIO: mensaje sin respuesta hace 43 min — reiniciando sesión george
[07:40:01] REINICIO: sesión george recreada
[07:45:01] ALERTA: sesión tmux 'george' no encontrada — reiniciando
[07:45:01] REINICIO: sesión george creada
[07:50:01] REINICIO: mensaje sin respuesta hace 53 min — reiniciando sesión george
[07:50:01] REINICIO: sesión george recreada
[07:55:01] REINICIO: mensaje sin respuesta hace 58 min — reiniciando sesión george
[07:55:01] REINICIO: sesión george recreada
[08:00:02] REINICIO: mensaje sin respuesta hace 63 min — reiniciando sesión george
[08:00:02] REINICIO: sesión george recreada
[08:05:02] REINICIO: mensaje sin respuesta hace 68 min — reiniciando sesión george
[08:05:02] REINICIO: sesión george recreada
[08:10:01] REINICIO: mensaje sin respuesta hace 73 min — reiniciando sesión george
[08:10:01] REINICIO: sesión george recreada
[08:15:01] REINICIO: mensaje sin respuesta hace 78 min — reiniciando sesión george
[08:15:01] REINICIO: sesión george recreada
[08:20:01] OK (mensaje hace 1 min, dentro del límite)
[08:25:01] REINICIO: mensaje sin respuesta hace 6 min — reiniciando sesión george
[08:25:01] REINICIO: sesión george recreada
[08:30:01] REINICIO: mensaje sin respuesta hace 11 min — reiniciando sesión george
[08:30:01] REINICIO: sesión george recreada
[08:35:01] OK (respuesta enviada correctamente)
[08:40:02] OK (respuesta enviada correctamente)
[08:45:01] OK (respuesta enviada correctamente)
[08:50:01] OK (respuesta enviada correctamente)
[08:55:01] REINICIO: mensaje sin respuesta hace 4 min — reiniciando sesión george
[08:55:01] REINICIO: sesión george recreada
[09:00:01] OK (mensaje hace 2 min, dentro del límite)
[09:05:01] OK (mensaje hace 2 min, dentro del límite)
[09:10:01] REINICIO: mensaje sin respuesta hace 7 min — reiniciando sesión george
[09:10:01] REINICIO: sesión george recreada
[09:15:01] OK (mensaje hace 3 min, dentro del límite)
[09:20:01] OK (respuesta enviada correctamente)
[09:25:01] OK (respuesta enviada correctamente)
[09:30:02] OK (respuesta enviada correctamente)
[09:35:01] OK (respuesta enviada correctamente)
[09:40:01] REINICIO: mensaje sin respuesta hace 4 min — reiniciando sesión george
[09:40:01] REINICIO: sesión george recreada
[09:45:20] REINICIO: mensaje sin respuesta hace 9 min — reiniciando sesión george
[09:45:20] REINICIO: sesión george recreada
[09:50:01] REINICIO: mensaje sin respuesta hace 14 min — reiniciando sesión george
[09:50:01] REINICIO: sesión george recreada
[09:55:01] OK (respuesta enviada correctamente)
[10:00:01] OK (respuesta enviada correctamente)
[10:05:01] OK (respuesta enviada correctamente)
[10:10:01] OK (respuesta enviada correctamente)
[10:15:01] OK (respuesta enviada correctamente)
[10:20:01] OK (respuesta enviada correctamente)
[10:25:01] OK (respuesta enviada correctamente)
[10:30:01] OK (respuesta enviada correctamente)
[10:35:01] OK (respuesta enviada correctamente)
[10:40:01] OK (respuesta enviada correctamente)
[10:45:01] OK (respuesta enviada correctamente)
[10:50:01] OK (respuesta enviada correctamente)
[10:55:02] OK (respuesta enviada correctamente)
[11:00:01] OK (mensaje hace 1 min, dentro del límite)
[11:05:01] OK (respuesta enviada correctamente)
[11:10:01] OK (respuesta enviada correctamente)
[11:15:01] OK (respuesta enviada correctamente)
[11:20:01] OK (respuesta enviada correctamente)
[11:25:01] OK (respuesta enviada correctamente)
[11:30:02] OK (respuesta enviada correctamente)
[11:35:01] OK (respuesta enviada correctamente)
[11:40:01] OK (respuesta enviada correctamente)
[11:45:01] OK (respuesta enviada correctamente)
[11:50:01] OK (respuesta enviada correctamente)
[11:55:01] OK (respuesta enviada correctamente)
[12:00:02] OK (respuesta enviada correctamente)
[12:05:01] OK (respuesta enviada correctamente)
[12:10:01] OK (respuesta enviada correctamente)
[12:15:02] OK (respuesta enviada correctamente)
[12:20:01] OK (respuesta enviada correctamente)
[12:25:01] OK (respuesta enviada correctamente)
[12:30:01] OK (respuesta enviada correctamente)
[12:35:01] OK (respuesta enviada correctamente)
[12:40:01] OK (respuesta enviada correctamente)
[12:45:01] OK (respuesta enviada correctamente)
[12:50:01] OK (respuesta enviada correctamente)
[12:55:01] OK (respuesta enviada correctamente)
[13:00:01] OK (respuesta enviada correctamente)
[13:05:01] OK (respuesta enviada correctamente)
[13:10:02] OK (respuesta enviada correctamente)
[13:15:02] OK (respuesta enviada correctamente)
[13:20:02] OK (respuesta enviada correctamente)
[13:25:01] OK (respuesta enviada correctamente)
[13:30:02] OK (respuesta enviada correctamente)
[13:35:01] OK (respuesta enviada correctamente)
[13:40:01] OK (respuesta enviada correctamente)
[13:45:01] OK (respuesta enviada correctamente)
[13:50:02] OK (respuesta enviada correctamente)
[13:55:01] OK (respuesta enviada correctamente)
[14:00:01] OK (respuesta enviada correctamente)
[14:05:01] OK (respuesta enviada correctamente)
[14:10:02] OK (respuesta enviada correctamente)
[14:15:01] OK (respuesta enviada correctamente)
[14:20:01] OK (respuesta enviada correctamente)
[14:25:01] OK (respuesta enviada correctamente)
[14:30:02] OK (respuesta enviada correctamente)
[14:35:01] OK (respuesta enviada correctamente)
[14:40:01] OK (respuesta enviada correctamente)
[14:45:01] OK (respuesta enviada correctamente)
[14:50:02] OK (respuesta enviada correctamente)
[14:55:02] OK (respuesta enviada correctamente)
[15:00:01] OK (respuesta enviada correctamente)
[15:05:02] OK (respuesta enviada correctamente)
[15:10:01] OK (respuesta enviada correctamente)
[15:15:01] OK (respuesta enviada correctamente)
[15:20:01] OK (respuesta enviada correctamente)
[15:25:02] OK (respuesta enviada correctamente)
[15:30:02] OK (respuesta enviada correctamente)
[15:35:01] OK (respuesta enviada correctamente)
[15:40:01] OK (respuesta enviada correctamente)
[15:45:01] OK (respuesta enviada correctamente)
[15:50:02] OK (respuesta enviada correctamente)
[15:55:01] OK (respuesta enviada correctamente)
[16:00:02] OK (respuesta enviada correctamente)
[16:05:02] OK (respuesta enviada correctamente)
[16:10:02] OK (respuesta enviada correctamente)
[16:15:01] OK (respuesta enviada correctamente)
[16:20:01] OK (respuesta enviada correctamente)
[16:25:01] OK (respuesta enviada correctamente)
[16:30:01] OK (respuesta enviada correctamente)
[16:35:01] OK (respuesta enviada correctamente)
[16:40:01] OK (respuesta enviada correctamente)
[16:45:01] OK (respuesta enviada correctamente)
[16:50:01] OK (respuesta enviada correctamente)
[16:55:01] OK (respuesta enviada correctamente)
[17:00:01] OK (respuesta enviada correctamente)
[17:05:02] OK (respuesta enviada correctamente)
[17:10:02] OK (respuesta enviada correctamente)
[17:15:01] OK (respuesta enviada correctamente)
[17:20:01] OK (respuesta enviada correctamente)
[17:25:01] OK (respuesta enviada correctamente)
[17:30:01] OK (respuesta enviada correctamente)
[17:35:02] OK (respuesta enviada correctamente)
[17:40:02] OK (respuesta enviada correctamente)
[17:45:01] OK (respuesta enviada correctamente)
[17:50:01] OK (respuesta enviada correctamente)
[17:55:01] OK (respuesta enviada correctamente)
[18:00:01] OK (respuesta enviada correctamente)
[18:05:01] OK (respuesta enviada correctamente)
[18:10:02] OK (respuesta enviada correctamente)
[18:15:02] OK (respuesta enviada correctamente)
[18:20:02] OK (respuesta enviada correctamente)
[18:25:02] OK (respuesta enviada correctamente)
[18:30:01] OK (respuesta enviada correctamente)
[18:35:01] OK (respuesta enviada correctamente)
[18:40:02] OK (respuesta enviada correctamente)
[18:45:01] OK (respuesta enviada correctamente)
[18:50:01] OK (respuesta enviada correctamente)
[18:55:01] OK (respuesta enviada correctamente)
[19:00:01] OK (respuesta enviada correctamente)
[19:05:02] OK (respuesta enviada correctamente)
[19:10:02] OK (respuesta enviada correctamente)
[19:15:01] OK (respuesta enviada correctamente)
[19:20:01] OK (respuesta enviada correctamente)
[19:25:02] OK (respuesta enviada correctamente)
[19:30:02] OK (respuesta enviada correctamente)
[19:35:01] OK (respuesta enviada correctamente)
[19:40:01] OK (respuesta enviada correctamente)
[19:45:01] OK (respuesta enviada correctamente)
[19:50:02] OK (respuesta enviada correctamente)
[19:55:02] OK (respuesta enviada correctamente)
[20:00:02] OK (respuesta enviada correctamente)
[20:05:01] OK (respuesta enviada correctamente)
[20:10:03] OK (respuesta enviada correctamente)
[20:15:02] OK (respuesta enviada correctamente)
[20:20:01] OK (respuesta enviada correctamente)
[20:25:01] OK (respuesta enviada correctamente)
[20:30:02] OK (respuesta enviada correctamente)
[20:35:02] OK (respuesta enviada correctamente)
[20:40:01] OK (respuesta enviada correctamente)
[20:45:01] OK (respuesta enviada correctamente)
[20:50:01] OK (respuesta enviada correctamente)
[20:55:02] OK (respuesta enviada correctamente)
[21:00:02] OK (respuesta enviada correctamente)
[21:05:01] OK (respuesta enviada correctamente)
[21:10:01] OK (respuesta enviada correctamente)
[21:15:01] OK (respuesta enviada correctamente)
[21:20:01] OK (respuesta enviada correctamente)
[21:25:01] OK (respuesta enviada correctamente)
[21:30:01] OK (respuesta enviada correctamente)
[21:35:01] OK (respuesta enviada correctamente)
[21:40:01] OK (respuesta enviada correctamente)
[21:45:01] OK (respuesta enviada correctamente)
[21:50:02] OK (respuesta enviada correctamente)
[21:55:01] OK (respuesta enviada correctamente)
[22:00:02] OK (respuesta enviada correctamente)
[22:05:02] OK (respuesta enviada correctamente)
[22:10:02] OK (respuesta enviada correctamente)
[22:15:02] OK (respuesta enviada correctamente)
[22:20:02] OK (respuesta enviada correctamente)
[22:25:01] OK (respuesta enviada correctamente)
[22:30:01] OK (respuesta enviada correctamente)
[22:35:02] OK (respuesta enviada correctamente)
[22:40:01] OK (respuesta enviada correctamente)
[22:45:01] OK (respuesta enviada correctamente)
[22:50:02] OK (respuesta enviada correctamente)
[22:55:02] OK (respuesta enviada correctamente)
[23:00:02] OK (respuesta enviada correctamente)
[23:05:01] OK (respuesta enviada correctamente)
[23:10:01] OK (respuesta enviada correctamente)
[23:15:01] OK (respuesta enviada correctamente)
[23:20:02] OK (respuesta enviada correctamente)
[23:25:01] OK (respuesta enviada correctamente)
[23:30:01] OK (respuesta enviada correctamente)
[23:35:02] OK (respuesta enviada correctamente)
[23:40:02] OK (respuesta enviada correctamente)
[23:45:01] OK (respuesta enviada correctamente)
[23:50:01] OK (respuesta enviada correctamente)
[23:55:01] OK (respuesta enviada correctamente)
[00:00:02] OK (sin log hoy, sin mensajes pendientes)
[00:05:01] OK (sin log hoy, sin mensajes pendientes)
[00:10:02] OK (sin log hoy, sin mensajes pendientes)
[00:15:02] OK (sin log hoy, sin mensajes pendientes)
[00:20:01] OK (sin log hoy, sin mensajes pendientes)
[00:25:01] OK (sin log hoy, sin mensajes pendientes)
[00:30:02] OK (sin log hoy, sin mensajes pendientes)
[00:35:01] OK (sin log hoy, sin mensajes pendientes)
[00:40:01] OK (sin log hoy, sin mensajes pendientes)
[00:45:01] OK (sin log hoy, sin mensajes pendientes)
[00:50:01] OK (sin log hoy, sin mensajes pendientes)
[00:55:02] OK (sin log hoy, sin mensajes pendientes)
[01:00:02] OK (sin log hoy, sin mensajes pendientes)
[01:05:01] OK (sin log hoy, sin mensajes pendientes)
[01:10:02] OK (sin log hoy, sin mensajes pendientes)
[01:15:02] OK (sin log hoy, sin mensajes pendientes)
[01:20:01] OK (sin log hoy, sin mensajes pendientes)
[01:25:02] OK (sin log hoy, sin mensajes pendientes)
[01:30:01] OK (sin log hoy, sin mensajes pendientes)
[01:35:02] OK (sin log hoy, sin mensajes pendientes)
[01:40:02] OK (sin log hoy, sin mensajes pendientes)
[01:45:01] OK (sin log hoy, sin mensajes pendientes)
[01:50:01] OK (sin log hoy, sin mensajes pendientes)
[01:55:02] OK (sin log hoy, sin mensajes pendientes)
[02:00:02] OK (sin log hoy, sin mensajes pendientes)
[02:05:01] OK (sin log hoy, sin mensajes pendientes)
[02:10:01] OK (sin log hoy, sin mensajes pendientes)
[02:15:01] OK (sin log hoy, sin mensajes pendientes)
[02:20:01] OK (sin log hoy, sin mensajes pendientes)
[02:25:01] OK (sin log hoy, sin mensajes pendientes)
[02:30:01] OK (sin log hoy, sin mensajes pendientes)
[02:35:02] OK (sin log hoy, sin mensajes pendientes)
[02:40:02] OK (sin log hoy, sin mensajes pendientes)
[02:45:02] OK (sin log hoy, sin mensajes pendientes)
[02:50:02] OK (sin log hoy, sin mensajes pendientes)
[02:55:01] OK (sin log hoy, sin mensajes pendientes)
[03:00:02] OK (sin log hoy, sin mensajes pendientes)
[03:05:02] OK (sin log hoy, sin mensajes pendientes)
[03:10:02] OK (sin log hoy, sin mensajes pendientes)
[03:15:01] OK (sin log hoy, sin mensajes pendientes)
[03:20:02] OK (sin log hoy, sin mensajes pendientes)
[03:25:01] OK (sin log hoy, sin mensajes pendientes)
[03:30:01] OK (sin log hoy, sin mensajes pendientes)
[03:35:01] OK (sin log hoy, sin mensajes pendientes)
[03:40:01] OK (sin log hoy, sin mensajes pendientes)
[03:45:01] OK (sin log hoy, sin mensajes pendientes)
[03:50:01] OK (sin log hoy, sin mensajes pendientes)
[03:55:01] OK (sin log hoy, sin mensajes pendientes)
[04:00:02] OK (sin log hoy, sin mensajes pendientes)
[04:05:02] OK (sin log hoy, sin mensajes pendientes)
[04:10:02] OK (sin log hoy, sin mensajes pendientes)
[04:15:02] OK (sin log hoy, sin mensajes pendientes)
[04:20:02] OK (sin log hoy, sin mensajes pendientes)
[04:25:01] OK (sin log hoy, sin mensajes pendientes)
[04:30:01] OK (sin log hoy, sin mensajes pendientes)
[04:35:02] OK (sin log hoy, sin mensajes pendientes)
[04:40:02] OK (sin log hoy, sin mensajes pendientes)
[04:45:02] OK (sin log hoy, sin mensajes pendientes)
[04:50:01] OK (sin log hoy, sin mensajes pendientes)
[04:55:02] OK (sin log hoy, sin mensajes pendientes)
[05:00:02] OK (sin log hoy, sin mensajes pendientes)
[05:10:02] OK (sin log hoy, sin mensajes pendientes)
[05:15:01] OK (sin log hoy, sin mensajes pendientes)
[05:20:01] OK (sin log hoy, sin mensajes pendientes)
[05:25:01] OK (sin log hoy, sin mensajes pendientes)
[05:30:02] OK (sin log hoy, sin mensajes pendientes)
[05:35:02] OK (sin log hoy, sin mensajes pendientes)
[05:40:01] OK (sin log hoy, sin mensajes pendientes)
[05:45:01] OK (sin log hoy, sin mensajes pendientes)
[05:50:01] OK (sin log hoy, sin mensajes pendientes)
[05:55:01] OK (sin log hoy, sin mensajes pendientes)
[06:00:01] OK (sin log hoy, sin mensajes pendientes)
[06:05:01] OK (sin log hoy, sin mensajes pendientes)
[06:10:01] OK (sin log hoy, sin mensajes pendientes)
[06:15:02] OK (sin log hoy, sin mensajes pendientes)
[06:20:02] OK (sin log hoy, sin mensajes pendientes)
[06:25:02] OK (sin log hoy, sin mensajes pendientes)
[06:30:01] OK (sin log hoy, sin mensajes pendientes)
[06:35:02] OK (sin log hoy, sin mensajes pendientes)
[06:40:02] OK (sin log hoy, sin mensajes pendientes)
[06:45:02] OK (sin log hoy, sin mensajes pendientes)
[06:50:01] OK (sin log hoy, sin mensajes pendientes)
[06:55:02] OK (sin log hoy, sin mensajes pendientes)
[07:00:02] OK (sin log hoy, sin mensajes pendientes)
[07:05:01] OK (sin log hoy, sin mensajes pendientes)
[07:10:01] OK (sin log hoy, sin mensajes pendientes)
[07:15:01] OK (sin log hoy, sin mensajes pendientes)
[07:20:01] OK (sin log hoy, sin mensajes pendientes)
[07:25:01] OK (sin log hoy, sin mensajes pendientes)
[07:30:02] OK (sin log hoy, sin mensajes pendientes)
[07:35:01] OK (sin log hoy, sin mensajes pendientes)
[07:40:01] OK (sin log hoy, sin mensajes pendientes)
[07:45:02] OK (sin log hoy, sin mensajes pendientes)
[07:50:02] OK (sin log hoy, sin mensajes pendientes)
[07:55:01] OK (sin log hoy, sin mensajes pendientes)
[08:00:02] OK (sin log hoy, sin mensajes pendientes)
[08:05:01] OK (sin log hoy, sin mensajes pendientes)
[08:10:01] OK (sin log hoy, sin mensajes pendientes)
[08:15:01] OK (sin log hoy, sin mensajes pendientes)
[08:20:02] OK (sin log hoy, sin mensajes pendientes)
[08:25:02] OK (sin log hoy, sin mensajes pendientes)
[08:30:01] OK (sin log hoy, sin mensajes pendientes)
[08:35:01] OK (sin log hoy, sin mensajes pendientes)
[08:40:01] OK (sin log hoy, sin mensajes pendientes)
[08:45:02] OK (sin log hoy, sin mensajes pendientes)
[08:50:01] OK (sin log hoy, sin mensajes pendientes)
[08:55:01] OK (sin log hoy, sin mensajes pendientes)
[09:00:02] OK (sin log hoy, sin mensajes pendientes)
[09:05:01] OK (sin log hoy, sin mensajes pendientes)
[09:10:02] OK (sin log hoy, sin mensajes pendientes)
[09:15:01] OK (sin log hoy, sin mensajes pendientes)
[09:20:02] OK (sin log hoy, sin mensajes pendientes)
[09:25:01] OK (sin log hoy, sin mensajes pendientes)
[09:30:01] OK (sin log hoy, sin mensajes pendientes)
[09:35:01] OK (sin log hoy, sin mensajes pendientes)
[09:40:02] OK (sin log hoy, sin mensajes pendientes)
[09:45:01] OK (sin log hoy, sin mensajes pendientes)
[09:50:02] OK (sin log hoy, sin mensajes pendientes)
[09:55:02] OK (sin log hoy, sin mensajes pendientes)
[10:00:02] OK (sin log hoy, sin mensajes pendientes)
[10:05:02] OK (sin log hoy, sin mensajes pendientes)
[10:10:01] OK (sin log hoy, sin mensajes pendientes)
[10:15:02] OK (sin log hoy, sin mensajes pendientes)
[10:20:01] OK (sin log hoy, sin mensajes pendientes)
[10:25:01] OK (sin log hoy, sin mensajes pendientes)
[10:30:01] OK (sin log hoy, sin mensajes pendientes)
[10:35:01] OK (sin log hoy, sin mensajes pendientes)
[10:40:01] OK (sin log hoy, sin mensajes pendientes)
[10:45:01] OK (sin log hoy, sin mensajes pendientes)
[10:50:02] OK (sin log hoy, sin mensajes pendientes)
[10:55:01] OK (sin log hoy, sin mensajes pendientes)
[11:00:02] OK (sin log hoy, sin mensajes pendientes)
[11:05:01] OK (sin log hoy, sin mensajes pendientes)
[11:10:01] OK (sin log hoy, sin mensajes pendientes)
[11:15:01] OK (sin log hoy, sin mensajes pendientes)
[11:20:01] OK (sin log hoy, sin mensajes pendientes)
[11:25:01] OK (sin log hoy, sin mensajes pendientes)
[11:30:02] OK (sin log hoy, sin mensajes pendientes)
[11:35:01] OK (sin log hoy, sin mensajes pendientes)
[11:40:02] OK (sin log hoy, sin mensajes pendientes)
[11:45:01] OK (sin log hoy, sin mensajes pendientes)
[11:50:02] OK (sin log hoy, sin mensajes pendientes)
[11:55:02] OK (sin log hoy, sin mensajes pendientes)
[12:00:02] OK (sin log hoy, sin mensajes pendientes)
[12:05:01] OK (sin log hoy, sin mensajes pendientes)
[12:10:01] OK (sin log hoy, sin mensajes pendientes)
[12:15:01] OK (sin log hoy, sin mensajes pendientes)
[12:20:01] OK (sin log hoy, sin mensajes pendientes)
[12:25:01] OK (sin log hoy, sin mensajes pendientes)
[12:30:01] OK (sin log hoy, sin mensajes pendientes)
[12:35:01] OK (sin log hoy, sin mensajes pendientes)
[12:40:02] OK (sin log hoy, sin mensajes pendientes)
[12:45:02] OK (sin log hoy, sin mensajes pendientes)
[12:50:02] OK (sin log hoy, sin mensajes pendientes)
[12:55:01] OK (sin log hoy, sin mensajes pendientes)
[13:00:02] OK (sin log hoy, sin mensajes pendientes)
[13:05:02] OK (sin mensajes del usuario hoy)
[13:10:01] OK (sin mensajes del usuario hoy)
[13:15:01] OK (sin mensajes del usuario hoy)
[13:20:01] OK (sin mensajes del usuario hoy)
[13:25:01] OK (sin mensajes del usuario hoy)
[13:30:02] OK (sin mensajes del usuario hoy)
[13:35:01] OK (sin mensajes del usuario hoy)
[13:40:01] OK (sin mensajes del usuario hoy)
[13:45:01] OK (sin mensajes del usuario hoy)
[13:50:01] OK (sin mensajes del usuario hoy)
[13:55:02] OK (sin mensajes del usuario hoy)
[14:00:02] OK (sin mensajes del usuario hoy)
[14:05:01] OK (sin mensajes del usuario hoy)
[14:10:01] OK (sin mensajes del usuario hoy)
[14:15:01] OK (sin mensajes del usuario hoy)
[14:20:02] OK (sin mensajes del usuario hoy)
[14:25:02] OK (sin mensajes del usuario hoy)
[14:30:02] OK (sin mensajes del usuario hoy)
[14:35:01] OK (sin mensajes del usuario hoy)
[14:40:02] OK (sin mensajes del usuario hoy)
[14:45:02] OK (sin mensajes del usuario hoy)
[14:50:02] OK (sin mensajes del usuario hoy)
[14:55:02] OK (sin mensajes del usuario hoy)
[15:00:02] OK (sin mensajes del usuario hoy)
[15:05:02] OK (sin mensajes del usuario hoy)
[15:10:02] OK (sin mensajes del usuario hoy)
[15:15:01] OK (sin mensajes del usuario hoy)
[15:20:02] OK (sin mensajes del usuario hoy)
[15:25:01] OK (sin mensajes del usuario hoy)
[15:30:02] OK (sin mensajes del usuario hoy)
[15:35:01] OK (sin mensajes del usuario hoy)
[15:40:01] OK (sin mensajes del usuario hoy)
[15:45:02] OK (sin mensajes del usuario hoy)
[15:50:01] OK (sin mensajes del usuario hoy)
[15:55:02] OK (sin mensajes del usuario hoy)
[16:00:02] OK (sin mensajes del usuario hoy)
[16:05:01] OK (sin mensajes del usuario hoy)
[16:10:01] OK (sin mensajes del usuario hoy)
[16:15:01] OK (sin mensajes del usuario hoy)
[16:20:02] OK (sin mensajes del usuario hoy)
[16:25:01] OK (sin mensajes del usuario hoy)
[16:30:01] OK (sin mensajes del usuario hoy)
[16:35:01] OK (sin mensajes del usuario hoy)
[16:40:01] OK (sin mensajes del usuario hoy)
[16:45:01] OK (sin mensajes del usuario hoy)
[16:50:02] OK (sin mensajes del usuario hoy)
[16:55:02] OK (sin mensajes del usuario hoy)
[17:00:02] OK (sin mensajes del usuario hoy)
[17:05:01] OK (sin mensajes del usuario hoy)
[17:10:01] OK (sin mensajes del usuario hoy)
[17:15:01] OK (sin mensajes del usuario hoy)
[17:20:02] OK (sin mensajes del usuario hoy)
[17:25:01] OK (sin mensajes del usuario hoy)
[17:30:02] OK (sin mensajes del usuario hoy)
[17:35:01] REINICIO: mensaje sin respuesta hace 4 min — reiniciando sesión george
[17:35:01] REINICIO: sesión george recreada
[17:40:02] REINICIO: mensaje sin respuesta hace 9 min — reiniciando sesión george
[17:40:02] REINICIO: sesión george recreada
[17:45:01] OK (mensaje hace 1 min, dentro del límite)
[17:50:01] OK (respuesta enviada correctamente)
[18:05:03] OK (respuesta enviada correctamente)
[18:10:02] OK (respuesta enviada correctamente)
[18:15:02] OK (respuesta enviada correctamente)
[18:20:02] OK (mensaje hace 3 min, dentro del límite)
[18:25:03] REINICIO: mensaje sin respuesta hace 8 min — reiniciando sesión george
[18:25:03] REINICIO: sesión george recreada
[18:30:02] OK (respuesta enviada correctamente)
[18:35:02] ALERTA: sesión tmux 'george' no encontrada — reiniciando
[18:35:02] REINICIO: sesión george creada
[18:40:01] OK (respuesta enviada correctamente)
[18:45:05] OK (respuesta enviada correctamente)
[18:50:01] ALERTA: sesión tmux 'george' no encontrada — reiniciando
[18:50:01] REINICIO: sesión george creada
[18:55:01] OK (respuesta enviada correctamente)
[19:00:02] OK (respuesta enviada correctamente)
[19:05:01] OK (respuesta enviada correctamente)
[19:10:02] OK (respuesta enviada correctamente)
[19:15:02] OK (respuesta enviada correctamente)
[19:20:02] OK (respuesta enviada correctamente)
[19:25:01] OK (respuesta enviada correctamente)
[19:30:02] OK (respuesta enviada correctamente)
[19:35:01] OK (respuesta enviada correctamente)
[19:40:02] OK (respuesta enviada correctamente)
[19:45:01] OK (respuesta enviada correctamente)
[19:50:01] OK (respuesta enviada correctamente)
[19:55:02] OK (respuesta enviada correctamente)
[20:00:01] OK (respuesta enviada correctamente)
[20:05:01] OK (respuesta enviada correctamente)
[20:10:01] OK (respuesta enviada correctamente)
[20:15:01] OK (respuesta enviada correctamente)
[20:20:01] OK (respuesta enviada correctamente)
[20:25:01] OK (respuesta enviada correctamente)
[20:30:01] OK (respuesta enviada correctamente)
[20:35:01] OK (respuesta enviada correctamente)
[20:40:01] OK (respuesta enviada correctamente)
[20:45:01] OK (respuesta enviada correctamente)
[20:50:02] OK (respuesta enviada correctamente)
[20:55:01] OK (respuesta enviada correctamente)
[21:00:01] OK (respuesta enviada correctamente)
[21:05:01] OK (respuesta enviada correctamente)
[21:10:01] OK (respuesta enviada correctamente)
[21:15:01] OK (respuesta enviada correctamente)
[21:20:01] OK (respuesta enviada correctamente)
[21:25:01] OK (respuesta enviada correctamente)
[21:30:01] OK (respuesta enviada correctamente)
[21:35:01] OK (respuesta enviada correctamente)
[21:40:01] OK (respuesta enviada correctamente)
[21:45:01] OK (respuesta enviada correctamente)
[21:50:01] OK (respuesta enviada correctamente)
[21:55:01] OK (respuesta enviada correctamente)
[22:00:01] OK (respuesta enviada correctamente)
[22:05:01] OK (respuesta enviada correctamente)
[22:10:01] OK (respuesta enviada correctamente)
[22:15:01] OK (respuesta enviada correctamente)
[22:20:01] OK (respuesta enviada correctamente)
[22:25:01] OK (respuesta enviada correctamente)
[22:30:01] OK (respuesta enviada correctamente)
[22:35:01] OK (respuesta enviada correctamente)
[22:40:02] OK (respuesta enviada correctamente)
[22:45:01] OK (respuesta enviada correctamente)
[22:50:01] OK (respuesta enviada correctamente)
[22:55:01] OK (respuesta enviada correctamente)
[23:00:01] OK (respuesta enviada correctamente)
[23:05:01] OK (respuesta enviada correctamente)
[23:10:01] OK (respuesta enviada correctamente)
[23:15:01] OK (respuesta enviada correctamente)
[23:20:01] OK (respuesta enviada correctamente)
[23:25:01] OK (respuesta enviada correctamente)
[23:30:01] OK (respuesta enviada correctamente)
[23:35:01] OK (respuesta enviada correctamente)
[23:40:01] OK (respuesta enviada correctamente)
[23:45:01] OK (respuesta enviada correctamente)
[23:50:01] OK (respuesta enviada correctamente)
[23:55:01] OK (respuesta enviada correctamente)
[00:00:01] OK (sin log hoy, sin mensajes pendientes)
[00:05:01] OK (sin log hoy, sin mensajes pendientes)
[00:10:01] OK (sin mensajes del usuario hoy)
[00:15:01] OK (sin mensajes del usuario hoy)
[00:20:01] OK (sin mensajes del usuario hoy)
[00:25:01] OK (sin mensajes del usuario hoy)
[00:30:02] OK (sin mensajes del usuario hoy)
[00:35:01] OK (sin mensajes del usuario hoy)
[00:40:01] OK (sin mensajes del usuario hoy)
[00:45:01] OK (sin mensajes del usuario hoy)
[00:50:01] OK (sin mensajes del usuario hoy)
[00:55:01] OK (sin mensajes del usuario hoy)
[01:00:01] OK (sin mensajes del usuario hoy)
[01:05:01] OK (sin mensajes del usuario hoy)
[01:10:01] OK (sin mensajes del usuario hoy)
[01:15:01] OK (sin mensajes del usuario hoy)
[01:20:02] OK (sin mensajes del usuario hoy)
[01:25:01] OK (sin mensajes del usuario hoy)
[01:30:01] OK (sin mensajes del usuario hoy)
[01:35:01] OK (sin mensajes del usuario hoy)
[01:40:01] OK (sin mensajes del usuario hoy)
[01:45:01] OK (sin mensajes del usuario hoy)
[01:50:01] OK (sin mensajes del usuario hoy)
[01:55:01] OK (sin mensajes del usuario hoy)
[02:00:01] OK (sin mensajes del usuario hoy)
[02:05:01] OK (sin mensajes del usuario hoy)
[02:10:02] OK (sin mensajes del usuario hoy)
[02:15:01] OK (sin mensajes del usuario hoy)
[02:20:01] OK (sin mensajes del usuario hoy)
[02:25:01] OK (sin mensajes del usuario hoy)
[02:30:01] OK (sin mensajes del usuario hoy)
[02:35:01] OK (sin mensajes del usuario hoy)
[02:40:01] OK (sin mensajes del usuario hoy)
[02:45:01] OK (sin mensajes del usuario hoy)
[02:50:01] OK (sin mensajes del usuario hoy)
[02:55:01] OK (sin mensajes del usuario hoy)
[03:00:01] OK (sin mensajes del usuario hoy)
[03:05:01] OK (sin mensajes del usuario hoy)
[03:10:02] OK (sin mensajes del usuario hoy)
[03:15:01] OK (sin mensajes del usuario hoy)
[03:20:01] OK (sin mensajes del usuario hoy)
[03:25:01] OK (sin mensajes del usuario hoy)
[03:30:01] OK (sin mensajes del usuario hoy)
[03:35:01] OK (sin mensajes del usuario hoy)
[03:40:01] OK (sin mensajes del usuario hoy)
[03:45:01] OK (sin mensajes del usuario hoy)
[03:50:01] OK (sin mensajes del usuario hoy)
[03:55:01] OK (sin mensajes del usuario hoy)
[04:00:01] OK (sin mensajes del usuario hoy)
[04:05:01] OK (sin mensajes del usuario hoy)
[04:10:01] OK (sin mensajes del usuario hoy)
[04:15:01] OK (sin mensajes del usuario hoy)
[04:20:01] OK (sin mensajes del usuario hoy)
[04:25:01] OK (sin mensajes del usuario hoy)
[04:30:01] OK (sin mensajes del usuario hoy)
[04:35:01] OK (sin mensajes del usuario hoy)
[04:40:01] OK (sin mensajes del usuario hoy)
[04:45:01] OK (sin mensajes del usuario hoy)
[04:50:01] OK (sin mensajes del usuario hoy)
[04:55:01] OK (sin mensajes del usuario hoy)
[05:00:01] OK (sin mensajes del usuario hoy)
[05:05:01] OK (sin mensajes del usuario hoy)
[05:10:01] OK (sin mensajes del usuario hoy)
[05:15:02] OK (sin mensajes del usuario hoy)
[05:20:01] OK (sin mensajes del usuario hoy)
[05:25:01] OK (sin mensajes del usuario hoy)
[05:30:01] OK (sin mensajes del usuario hoy)
[05:35:01] OK (sin mensajes del usuario hoy)
[05:40:01] OK (sin mensajes del usuario hoy)
[05:45:01] OK (sin mensajes del usuario hoy)
[05:50:01] OK (sin mensajes del usuario hoy)
[05:55:01] OK (sin mensajes del usuario hoy)
[06:00:01] OK (sin mensajes del usuario hoy)
[06:05:01] OK (sin mensajes del usuario hoy)
[06:10:01] OK (sin mensajes del usuario hoy)
[06:15:01] OK (sin mensajes del usuario hoy)
[06:20:01] OK (sin mensajes del usuario hoy)
[06:25:01] OK (sin mensajes del usuario hoy)
[06:30:01] OK (sin mensajes del usuario hoy)
[06:35:01] OK (sin mensajes del usuario hoy)
[06:40:01] OK (sin mensajes del usuario hoy)
[06:45:01] OK (sin mensajes del usuario hoy)
[06:50:01] OK (sin mensajes del usuario hoy)
[06:55:01] OK (sin mensajes del usuario hoy)
[07:00:01] OK (sin mensajes del usuario hoy)
[07:05:01] OK (sin mensajes del usuario hoy)
[07:10:01] OK (sin mensajes del usuario hoy)
[07:15:01] OK (sin mensajes del usuario hoy)
[07:20:01] OK (sin mensajes del usuario hoy)
[07:25:01] OK (sin mensajes del usuario hoy)
[07:30:01] OK (sin mensajes del usuario hoy)
[07:35:01] OK (sin mensajes del usuario hoy)
[07:40:01] OK (sin mensajes del usuario hoy)
[07:45:01] OK (sin mensajes del usuario hoy)
[07:50:01] OK (sin mensajes del usuario hoy)
[07:55:01] OK (sin mensajes del usuario hoy)
[08:00:01] OK (sin mensajes del usuario hoy)
[08:05:01] OK (sin mensajes del usuario hoy)
[08:10:01] OK (sin mensajes del usuario hoy)
[08:15:01] OK (sin mensajes del usuario hoy)
[08:20:01] OK (sin mensajes del usuario hoy)
[08:25:01] OK (sin mensajes del usuario hoy)
[08:30:01] OK (sin mensajes del usuario hoy)
[08:35:01] OK (sin mensajes del usuario hoy)
[08:40:01] OK (sin mensajes del usuario hoy)
[08:45:01] OK (sin mensajes del usuario hoy)
[08:50:01] OK (sin mensajes del usuario hoy)
[08:55:01] OK (sin mensajes del usuario hoy)
[09:00:01] OK (sin mensajes del usuario hoy)
[09:05:01] OK (sin mensajes del usuario hoy)
[09:10:01] OK (sin mensajes del usuario hoy)
[09:15:01] OK (sin mensajes del usuario hoy)
[09:20:01] OK (sin mensajes del usuario hoy)
[09:25:01] OK (sin mensajes del usuario hoy)
[09:30:01] OK (sin mensajes del usuario hoy)
[09:35:01] OK (sin mensajes del usuario hoy)
[09:40:01] OK (sin mensajes del usuario hoy)
[09:45:01] OK (sin mensajes del usuario hoy)
[09:50:01] OK (sin mensajes del usuario hoy)
[09:55:01] OK (sin mensajes del usuario hoy)
[10:00:01] OK (sin mensajes del usuario hoy)
[10:05:01] OK (sin mensajes del usuario hoy)
[10:10:01] OK (sin mensajes del usuario hoy)
[10:15:01] OK (sin mensajes del usuario hoy)
[10:20:01] OK (sin mensajes del usuario hoy)
[10:25:01] OK (sin mensajes del usuario hoy)
[10:30:02] OK (sin mensajes del usuario hoy)
[10:35:01] OK (sin mensajes del usuario hoy)
[10:40:01] OK (sin mensajes del usuario hoy)
[10:45:01] OK (sin mensajes del usuario hoy)
[10:50:01] OK (sin mensajes del usuario hoy)
[10:55:01] OK (sin mensajes del usuario hoy)
[11:00:01] OK (sin mensajes del usuario hoy)
[11:05:01] OK (sin mensajes del usuario hoy)
[11:10:01] OK (sin mensajes del usuario hoy)
[11:15:01] OK (sin mensajes del usuario hoy)
[11:20:01] OK (sin mensajes del usuario hoy)
[11:25:01] OK (sin mensajes del usuario hoy)
[11:30:01] OK (sin mensajes del usuario hoy)
[11:35:01] OK (sin mensajes del usuario hoy)
[11:40:01] OK (sin mensajes del usuario hoy)
[11:45:01] OK (sin mensajes del usuario hoy)
[11:50:01] OK (sin mensajes del usuario hoy)
[11:55:01] OK (sin mensajes del usuario hoy)
[12:00:01] OK (sin mensajes del usuario hoy)
[12:05:01] OK (sin mensajes del usuario hoy)
[12:10:01] OK (sin mensajes del usuario hoy)
[12:15:01] OK (sin mensajes del usuario hoy)
[12:20:01] OK (sin mensajes del usuario hoy)
[12:25:01] OK (sin mensajes del usuario hoy)
[12:30:01] OK (sin mensajes del usuario hoy)
[12:35:01] OK (respuesta enviada correctamente)
[12:40:01] OK (respuesta enviada correctamente)
[12:45:01] OK (respuesta enviada correctamente)
[12:50:01] OK (respuesta enviada correctamente)
[12:55:01] OK (mensaje hace 1 min, dentro del límite)
[13:00:01] OK (respuesta enviada correctamente)
[13:05:01] OK (respuesta enviada correctamente)
[13:10:01] OK (respuesta enviada correctamente)
[13:15:01] OK (respuesta enviada correctamente)
[13:20:01] OK (respuesta enviada correctamente)
[13:25:01] OK (respuesta enviada correctamente)
[13:30:01] OK (respuesta enviada correctamente)
[13:35:01] OK (respuesta enviada correctamente)
[13:40:01] OK (respuesta enviada correctamente)
[13:45:01] OK (respuesta enviada correctamente)
[13:50:02] OK (respuesta enviada correctamente)
[13:55:01] OK (respuesta enviada correctamente)
[14:00:01] OK (respuesta enviada correctamente)
[14:05:02] OK (respuesta enviada correctamente)
[14:10:01] OK (respuesta enviada correctamente)
[14:15:01] OK (respuesta enviada correctamente)
[14:20:01] OK (respuesta enviada correctamente)
[14:25:01] OK (respuesta enviada correctamente)
[14:30:01] OK (respuesta enviada correctamente)
[14:35:01] OK (respuesta enviada correctamente)
[14:40:01] OK (respuesta enviada correctamente)
[14:45:01] OK (respuesta enviada correctamente)
[14:50:01] OK (respuesta enviada correctamente)
[14:55:01] OK (respuesta enviada correctamente)
[15:00:01] OK (respuesta enviada correctamente)
[15:05:01] OK (respuesta enviada correctamente)
[15:10:01] OK (respuesta enviada correctamente)
[15:15:01] OK (respuesta enviada correctamente)
[15:20:01] OK (respuesta enviada correctamente)
[15:25:01] OK (respuesta enviada correctamente)
[15:30:01] OK (respuesta enviada correctamente)
[15:35:01] OK (respuesta enviada correctamente)
[15:40:01] OK (respuesta enviada correctamente)
[15:45:01] OK (respuesta enviada correctamente)
[15:50:01] OK (respuesta enviada correctamente)
[15:55:01] OK (respuesta enviada correctamente)
[16:00:01] OK (respuesta enviada correctamente)
[16:05:01] OK (respuesta enviada correctamente)
[16:10:01] OK (respuesta enviada correctamente)
[16:15:01] OK (respuesta enviada correctamente)
[16:20:01] OK (respuesta enviada correctamente)
[16:25:02] OK (respuesta enviada correctamente)
[16:30:01] OK (respuesta enviada correctamente)
[16:35:01] OK (respuesta enviada correctamente)
[16:40:01] OK (respuesta enviada correctamente)
[16:45:01] OK (respuesta enviada correctamente)
[16:50:01] OK (respuesta enviada correctamente)
[16:55:01] OK (respuesta enviada correctamente)
[17:00:01] OK (respuesta enviada correctamente)
[17:05:01] OK (respuesta enviada correctamente)
[17:10:01] OK (respuesta enviada correctamente)
[17:15:01] OK (respuesta enviada correctamente)
[17:20:01] OK (respuesta enviada correctamente)
[17:25:01] OK (respuesta enviada correctamente)
[17:30:01] OK (respuesta enviada correctamente)
[17:35:01] OK (respuesta enviada correctamente)
[17:40:01] OK (respuesta enviada correctamente)
[17:45:01] OK (respuesta enviada correctamente)
[17:50:01] OK (respuesta enviada correctamente)
[17:55:01] OK (respuesta enviada correctamente)
[18:00:01] OK (respuesta enviada correctamente)
[18:05:02] OK (respuesta enviada correctamente)
[18:10:01] OK (respuesta enviada correctamente)
[18:15:01] OK (respuesta enviada correctamente)
[18:20:01] OK (respuesta enviada correctamente)
[18:25:01] OK (respuesta enviada correctamente)
[18:30:01] OK (respuesta enviada correctamente)
[18:35:01] OK (respuesta enviada correctamente)
[18:40:01] OK (respuesta enviada correctamente)
[18:45:01] OK (respuesta enviada correctamente)
[18:50:01] OK (respuesta enviada correctamente)
[18:55:01] OK (respuesta enviada correctamente)
[19:00:01] OK (respuesta enviada correctamente)
[19:05:01] OK (respuesta enviada correctamente)
[19:10:01] OK (respuesta enviada correctamente)
[19:15:01] OK (respuesta enviada correctamente)
[19:20:01] OK (respuesta enviada correctamente)
[19:25:01] OK (respuesta enviada correctamente)
[19:30:01] OK (respuesta enviada correctamente)
[19:35:01] OK (respuesta enviada correctamente)
[19:40:01] OK (respuesta enviada correctamente)
[19:45:02] OK (respuesta enviada correctamente)
[19:50:01] OK (respuesta enviada correctamente)
[19:55:01] OK (respuesta enviada correctamente)
[20:00:01] OK (respuesta enviada correctamente)
[20:05:01] OK (respuesta enviada correctamente)
[20:10:01] OK (respuesta enviada correctamente)
[20:15:01] OK (respuesta enviada correctamente)
[20:20:01] OK (respuesta enviada correctamente)
[20:25:01] OK (respuesta enviada correctamente)
[20:30:01] OK (respuesta enviada correctamente)
[20:35:01] OK (respuesta enviada correctamente)
[20:40:01] OK (respuesta enviada correctamente)
[20:45:01] OK (respuesta enviada correctamente)
[20:50:01] OK (respuesta enviada correctamente)
[20:55:01] OK (respuesta enviada correctamente)
[21:00:02] OK (respuesta enviada correctamente)
[21:05:01] OK (respuesta enviada correctamente)
[21:10:02] OK (respuesta enviada correctamente)
[21:15:01] OK (respuesta enviada correctamente)
[21:20:01] OK (respuesta enviada correctamente)
[21:25:01] OK (respuesta enviada correctamente)
[21:30:01] OK (respuesta enviada correctamente)
[21:35:01] OK (respuesta enviada correctamente)
[21:40:01] OK (respuesta enviada correctamente)
[21:45:01] OK (respuesta enviada correctamente)
[21:50:01] OK (respuesta enviada correctamente)
[21:55:01] OK (respuesta enviada correctamente)
[22:00:01] OK (respuesta enviada correctamente)
[22:05:01] OK (respuesta enviada correctamente)
[22:10:01] OK (respuesta enviada correctamente)
[22:15:01] OK (respuesta enviada correctamente)
[22:20:01] OK (respuesta enviada correctamente)
[22:25:01] OK (respuesta enviada correctamente)
[22:30:01] OK (respuesta enviada correctamente)
[22:35:01] OK (respuesta enviada correctamente)
[22:40:01] OK (respuesta enviada correctamente)
[22:45:01] OK (respuesta enviada correctamente)
[22:50:01] OK (respuesta enviada correctamente)
[22:55:01] OK (respuesta enviada correctamente)
[23:00:01] OK (respuesta enviada correctamente)
[23:05:01] OK (respuesta enviada correctamente)
[23:10:01] OK (respuesta enviada correctamente)
[23:15:01] OK (respuesta enviada correctamente)
[23:20:01] OK (respuesta enviada correctamente)
[23:25:01] OK (respuesta enviada correctamente)
[23:30:01] OK (respuesta enviada correctamente)
[23:35:01] OK (respuesta enviada correctamente)
[23:40:01] OK (respuesta enviada correctamente)
[23:45:01] OK (respuesta enviada correctamente)
[23:50:01] OK (respuesta enviada correctamente)
[23:55:01] OK (respuesta enviada correctamente)
[00:00:01] OK (sin log hoy, sin mensajes pendientes)
[00:05:01] OK (sin log hoy, sin mensajes pendientes)
[00:10:01] OK (sin log hoy, sin mensajes pendientes)
[00:15:01] OK (sin log hoy, sin mensajes pendientes)
[00:20:01] OK (sin log hoy, sin mensajes pendientes)
[00:25:01] OK (sin log hoy, sin mensajes pendientes)
[00:30:01] OK (sin log hoy, sin mensajes pendientes)
[00:35:01] OK (sin log hoy, sin mensajes pendientes)
[00:40:01] OK (sin log hoy, sin mensajes pendientes)
[00:45:01] OK (sin log hoy, sin mensajes pendientes)
[00:50:01] OK (sin log hoy, sin mensajes pendientes)
[00:55:01] OK (sin log hoy, sin mensajes pendientes)
[01:00:01] OK (sin log hoy, sin mensajes pendientes)
[01:05:01] OK (sin log hoy, sin mensajes pendientes)
[01:10:01] OK (sin log hoy, sin mensajes pendientes)
[01:15:01] OK (sin log hoy, sin mensajes pendientes)
[01:20:01] OK (sin log hoy, sin mensajes pendientes)
[01:25:01] OK (sin log hoy, sin mensajes pendientes)
[01:30:01] OK (sin log hoy, sin mensajes pendientes)
[01:35:01] OK (sin log hoy, sin mensajes pendientes)
[01:40:01] OK (sin log hoy, sin mensajes pendientes)
[01:45:01] OK (sin log hoy, sin mensajes pendientes)
[01:50:01] OK (sin log hoy, sin mensajes pendientes)
[01:55:01] OK (sin log hoy, sin mensajes pendientes)
[02:00:01] OK (sin log hoy, sin mensajes pendientes)
[02:05:01] OK (sin log hoy, sin mensajes pendientes)
[02:10:01] OK (sin log hoy, sin mensajes pendientes)
[02:15:01] OK (sin log hoy, sin mensajes pendientes)
[02:20:01] OK (sin log hoy, sin mensajes pendientes)
[02:25:01] OK (sin log hoy, sin mensajes pendientes)
[02:30:01] OK (sin log hoy, sin mensajes pendientes)
[02:35:01] OK (sin log hoy, sin mensajes pendientes)
[02:40:01] OK (sin log hoy, sin mensajes pendientes)
[02:45:01] OK (sin log hoy, sin mensajes pendientes)
[02:50:01] OK (sin log hoy, sin mensajes pendientes)
[02:55:01] OK (sin log hoy, sin mensajes pendientes)
[03:00:01] OK (sin log hoy, sin mensajes pendientes)
[03:05:01] OK (sin log hoy, sin mensajes pendientes)
[03:10:01] OK (sin log hoy, sin mensajes pendientes)
[03:15:02] OK (sin log hoy, sin mensajes pendientes)
[03:20:01] OK (sin log hoy, sin mensajes pendientes)
[03:25:01] OK (sin log hoy, sin mensajes pendientes)
[03:30:01] OK (sin log hoy, sin mensajes pendientes)
[03:35:01] OK (sin log hoy, sin mensajes pendientes)
[03:40:01] OK (sin log hoy, sin mensajes pendientes)
[03:45:01] OK (sin log hoy, sin mensajes pendientes)
[03:50:01] OK (sin log hoy, sin mensajes pendientes)
[03:55:01] OK (sin log hoy, sin mensajes pendientes)
[04:00:01] OK (sin log hoy, sin mensajes pendientes)
[04:05:01] OK (sin log hoy, sin mensajes pendientes)
[04:10:01] OK (sin log hoy, sin mensajes pendientes)
[04:15:01] OK (sin log hoy, sin mensajes pendientes)
[04:20:01] OK (sin log hoy, sin mensajes pendientes)
[04:25:01] OK (sin log hoy, sin mensajes pendientes)
[04:30:01] OK (sin log hoy, sin mensajes pendientes)
[04:35:01] OK (sin log hoy, sin mensajes pendientes)
[04:40:01] OK (sin log hoy, sin mensajes pendientes)
[04:45:01] OK (sin log hoy, sin mensajes pendientes)
[04:50:01] OK (sin log hoy, sin mensajes pendientes)
[04:55:01] OK (sin log hoy, sin mensajes pendientes)
[05:00:01] OK (sin log hoy, sin mensajes pendientes)
[05:05:01] OK (sin log hoy, sin mensajes pendientes)
[05:10:01] OK (sin log hoy, sin mensajes pendientes)
[05:15:01] OK (sin log hoy, sin mensajes pendientes)
[05:20:01] OK (sin log hoy, sin mensajes pendientes)
[05:25:01] OK (sin log hoy, sin mensajes pendientes)
[05:30:01] OK (sin log hoy, sin mensajes pendientes)
[05:35:01] OK (sin log hoy, sin mensajes pendientes)
[05:40:01] OK (sin log hoy, sin mensajes pendientes)
[05:45:01] OK (sin log hoy, sin mensajes pendientes)
[05:50:01] OK (sin log hoy, sin mensajes pendientes)
[05:55:01] OK (sin log hoy, sin mensajes pendientes)
[06:00:01] OK (sin log hoy, sin mensajes pendientes)
[06:05:01] OK (sin log hoy, sin mensajes pendientes)
[06:10:01] OK (sin log hoy, sin mensajes pendientes)
[06:15:01] OK (sin log hoy, sin mensajes pendientes)
[06:20:01] OK (mensaje hace 3 min, dentro del límite)
[06:25:01] OK (mensaje hace 1 min, dentro del límite)
[06:30:01] OK (respuesta enviada correctamente)
[06:35:01] OK (mensaje hace 1 min, dentro del límite)
[06:40:01] OK (respuesta enviada correctamente)
[06:45:01] OK (respuesta enviada correctamente)
[06:50:01] OK (mensaje hace 1 min, dentro del límite)
[06:55:01] OK (respuesta enviada correctamente)
[07:00:01] OK (respuesta enviada correctamente)
[07:05:01] OK (mensaje hace 3 min, dentro del límite)
[07:10:02] OK (respuesta enviada correctamente)
[07:15:01] OK (respuesta enviada correctamente)
[07:20:01] OK (respuesta enviada correctamente)
[07:25:01] OK (respuesta enviada correctamente)
[07:30:01] OK (respuesta enviada correctamente)
[07:35:01] OK (respuesta enviada correctamente)
[07:40:01] OK (respuesta enviada correctamente)
[07:45:01] OK (respuesta enviada correctamente)
[07:50:01] OK (respuesta enviada correctamente)
[07:55:01] OK (respuesta enviada correctamente)
[08:00:02] OK (respuesta enviada correctamente)
[08:05:01] OK (respuesta enviada correctamente)
[08:10:01] OK (respuesta enviada correctamente)
[08:15:01] OK (respuesta enviada correctamente)
[08:20:02] OK (respuesta enviada correctamente)
[08:25:01] OK (respuesta enviada correctamente)
[08:30:01] OK (respuesta enviada correctamente)
[08:35:01] OK (respuesta enviada correctamente)
[08:40:01] OK (respuesta enviada correctamente)
[08:45:01] OK (respuesta enviada correctamente)
[08:50:01] OK (respuesta enviada correctamente)
[08:55:01] OK (respuesta enviada correctamente)
[09:00:01] OK (mensaje hace 1 min, dentro del límite)
[09:05:01] OK (respuesta enviada correctamente)
[09:10:01] OK (respuesta enviada correctamente)
[09:15:01] OK (respuesta enviada correctamente)
[09:20:01] OK (respuesta enviada correctamente)
[09:25:01] OK (respuesta enviada correctamente)
[09:30:01] REINICIO: mensaje sin respuesta hace 4 min — reiniciando sesión george
[09:30:01] REINICIO: sesión george recreada
[09:35:01] REINICIO: mensaje sin respuesta hace 9 min — reiniciando sesión george
[09:35:01] REINICIO: sesión george recreada
[09:40:01] REINICIO: mensaje sin respuesta hace 14 min — reiniciando sesión george
[09:40:01] REINICIO: sesión george recreada
[09:45:01] REINICIO: mensaje sin respuesta hace 19 min — reiniciando sesión george
[09:45:01] REINICIO: sesión george recreada
[09:50:01] REINICIO: mensaje sin respuesta hace 24 min — reiniciando sesión george
[09:50:01] REINICIO: sesión george recreada
[09:55:01] REINICIO: mensaje sin respuesta hace 29 min — reiniciando sesión george
[09:55:01] REINICIO: sesión george recreada
[10:00:01] REINICIO: mensaje sin respuesta hace 34 min — reiniciando sesión george
[10:00:01] REINICIO: sesión george recreada
[10:05:02] OK (respuesta enviada correctamente)
[10:10:01] OK (respuesta enviada correctamente)
[10:15:01] OK (respuesta enviada correctamente)
[10:20:01] OK (respuesta enviada correctamente)
[10:25:01] REINICIO: mensaje sin respuesta hace 5 min — reiniciando sesión george
[10:25:01] REINICIO: sesión george recreada
[10:30:01] REINICIO: mensaje sin respuesta hace 10 min — reiniciando sesión george
[10:30:01] REINICIO: sesión george recreada
[10:35:01] OK (respuesta enviada correctamente)
[10:40:01] OK (respuesta enviada correctamente)
[10:45:01] OK (respuesta enviada correctamente)
[10:50:01] OK (respuesta enviada correctamente)
[10:55:01] OK (respuesta enviada correctamente)
[11:00:01] OK (respuesta enviada correctamente)
[11:05:01] OK (mensaje hace 2 min, dentro del límite)
[11:10:01] OK (respuesta enviada correctamente)
[11:15:01] OK (respuesta enviada correctamente)
[11:20:01] OK (respuesta enviada correctamente)
[11:25:01] OK (mensaje hace 1 min, dentro del límite)
[11:30:01] OK (mensaje hace 1 min, dentro del límite)
[11:35:01] OK (respuesta enviada correctamente)
[11:40:01] OK (respuesta enviada correctamente)
[11:45:01] OK (respuesta enviada correctamente)
[11:50:01] OK (respuesta enviada correctamente)
[11:55:01] OK (respuesta enviada correctamente)
[12:00:01] OK (respuesta enviada correctamente)
[12:05:01] OK (respuesta enviada correctamente)
[12:10:01] OK (respuesta enviada correctamente)
[12:15:01] OK (respuesta enviada correctamente)
[12:20:01] OK (mensaje hace 1 min, dentro del límite)
[12:25:01] OK (respuesta enviada correctamente)
[12:30:01] OK (respuesta enviada correctamente)
[12:35:01] OK (respuesta enviada correctamente)
[12:40:01] OK (respuesta enviada correctamente)
[12:45:01] OK (respuesta enviada correctamente)
[12:50:01] OK (respuesta enviada correctamente)
[12:55:01] OK (respuesta enviada correctamente)
[13:00:01] OK (respuesta enviada correctamente)
[13:05:01] OK (respuesta enviada correctamente)
[13:10:01] OK (mensaje hace 1 min, dentro del límite)
[13:15:01] OK (mensaje hace 2 min, dentro del límite)
[13:20:01] OK (mensaje hace 1 min, dentro del límite)
[13:25:01] OK (respuesta enviada correctamente)
[13:30:01] OK (respuesta enviada correctamente)
[13:35:01] OK (respuesta enviada correctamente)
[13:40:01] OK (respuesta enviada correctamente)
[13:45:02] OK (respuesta enviada correctamente)
[13:50:01] OK (respuesta enviada correctamente)
[13:55:01] OK (respuesta enviada correctamente)
[14:00:01] OK (respuesta enviada correctamente)
[14:05:01] OK (respuesta enviada correctamente)
[14:10:01] OK (respuesta enviada correctamente)
[14:15:01] OK (mensaje hace 1 min, dentro del límite)
[14:20:01] OK (respuesta enviada correctamente)
[14:25:01] OK (respuesta enviada correctamente)
[14:30:02] OK (respuesta enviada correctamente)
[14:35:01] OK (respuesta enviada correctamente)
[14:40:01] OK (respuesta enviada correctamente)
[14:45:01] OK (respuesta enviada correctamente)
[14:50:01] OK (respuesta enviada correctamente)
[14:55:01] OK (respuesta enviada correctamente)
[15:00:01] OK (respuesta enviada correctamente)
[15:05:01] OK (respuesta enviada correctamente)
[15:10:01] OK (respuesta enviada correctamente)
[15:15:01] OK (respuesta enviada correctamente)
[15:20:01] OK (respuesta enviada correctamente)
[15:25:01] OK (respuesta enviada correctamente)
[15:30:01] OK (respuesta enviada correctamente)
[15:35:01] OK (respuesta enviada correctamente)
[15:40:01] OK (respuesta enviada correctamente)
[15:45:01] OK (respuesta enviada correctamente)
[15:50:01] OK (respuesta enviada correctamente)
[15:55:01] OK (respuesta enviada correctamente)
[16:00:02] OK (respuesta enviada correctamente)
[16:05:01] OK (respuesta enviada correctamente)
[16:10:01] OK (respuesta enviada correctamente)
[16:15:01] OK (respuesta enviada correctamente)
[16:20:01] OK (respuesta enviada correctamente)
[16:25:01] OK (respuesta enviada correctamente)
[16:30:01] OK (respuesta enviada correctamente)
[16:35:01] OK (respuesta enviada correctamente)
[16:40:01] OK (respuesta enviada correctamente)
[16:45:01] OK (respuesta enviada correctamente)
[16:50:01] OK (respuesta enviada correctamente)
[16:55:02] OK (respuesta enviada correctamente)
[17:00:01] OK (respuesta enviada correctamente)
[17:05:01] OK (respuesta enviada correctamente)
[17:10:01] OK (respuesta enviada correctamente)
[17:15:01] OK (respuesta enviada correctamente)
[17:20:01] OK (respuesta enviada correctamente)
[17:25:01] OK (respuesta enviada correctamente)
[17:30:01] OK (respuesta enviada correctamente)
[17:35:01] OK (respuesta enviada correctamente)
[17:40:01] OK (respuesta enviada correctamente)
[17:45:01] OK (respuesta enviada correctamente)
[17:50:01] OK (respuesta enviada correctamente)
[17:55:01] OK (respuesta enviada correctamente)
[18:00:01] OK (respuesta enviada correctamente)
[18:05:01] OK (respuesta enviada correctamente)
[18:10:01] OK (respuesta enviada correctamente)
[18:15:01] OK (respuesta enviada correctamente)
[18:20:01] OK (respuesta enviada correctamente)
[18:25:01] OK (respuesta enviada correctamente)
[18:30:01] OK (respuesta enviada correctamente)
[18:35:01] OK (respuesta enviada correctamente)
[18:40:01] OK (respuesta enviada correctamente)
[18:45:01] OK (respuesta enviada correctamente)
[18:50:01] OK (respuesta enviada correctamente)
[18:55:01] OK (respuesta enviada correctamente)
[19:00:01] OK (respuesta enviada correctamente)
[19:05:01] OK (respuesta enviada correctamente)
[19:10:01] OK (respuesta enviada correctamente)
[19:15:01] OK (respuesta enviada correctamente)
[19:20:01] OK (respuesta enviada correctamente)
[19:25:01] OK (respuesta enviada correctamente)
[19:30:01] OK (respuesta enviada correctamente)
[19:35:01] OK (respuesta enviada correctamente)
[19:40:01] OK (respuesta enviada correctamente)
[19:45:01] OK (respuesta enviada correctamente)
[19:50:01] OK (respuesta enviada correctamente)
[19:55:01] OK (respuesta enviada correctamente)
[20:00:01] OK (respuesta enviada correctamente)
[20:05:01] OK (respuesta enviada correctamente)
[20:10:01] OK (respuesta enviada correctamente)
[20:15:01] OK (respuesta enviada correctamente)
[20:20:01] OK (respuesta enviada correctamente)
[20:25:01] OK (respuesta enviada correctamente)
[20:30:01] OK (respuesta enviada correctamente)
[20:35:01] OK (respuesta enviada correctamente)
[20:40:01] OK (respuesta enviada correctamente)
[20:45:01] OK (respuesta enviada correctamente)
[20:50:01] OK (respuesta enviada correctamente)
[20:55:01] OK (respuesta enviada correctamente)
[21:00:01] ALERTA: sesión tmux 'george' no encontrada — reiniciando
[21:00:01] REINICIO: sesión george creada
[2026-07-31 06:46:07] ALERTA: sesión tmux 'george' no encontrada — reiniciando
[2026-07-31 06:46:07] REINICIO: sesión george creada
[2026-07-31 06:50:01] REINICIO: mensaje sin respuesta hace 6 min — reiniciando sesión george
[2026-07-31 06:50:01] REINICIO: sesión george recreada
[2026-07-31 06:55:02] REINICIO: mensaje sin respuesta hace 11 min — reiniciando sesión george
[2026-07-31 06:55:02] REINICIO: sesión george recreada
[2026-07-31 07:00:01] REINICIO: mensaje sin respuesta hace 16 min — reiniciando sesión george
[2026-07-31 07:00:01] REINICIO: sesión george recreada
[2026-07-31 07:05:01] REINICIO: mensaje sin respuesta hace 21 min — reiniciando sesión george
[2026-07-31 07:05:01] REINICIO: sesión george recreada
[2026-07-31 07:10:01] REINICIO: mensaje sin respuesta hace 26 min — reiniciando sesión george
[2026-07-31 07:10:01] REINICIO: sesión george recreada
[2026-07-31 07:15:01] REINICIO: mensaje sin respuesta hace 31 min — reiniciando sesión george
[2026-07-31 07:15:01] REINICIO: sesión george recreada
[2026-07-31 07:20:01] REINICIO: mensaje sin respuesta hace 36 min — reiniciando sesión george
[2026-07-31 07:20:01] REINICIO: sesión george recreada
[2026-07-31 07:25:01] REINICIO: mensaje sin respuesta hace 41 min — reiniciando sesión george
[2026-07-31 07:25:01] REINICIO: sesión george recreada
[2026-07-31 07:30:01] REINICIO: mensaje sin respuesta hace 46 min — reiniciando sesión george
[2026-07-31 07:30:01] REINICIO: sesión george recreada
[2026-07-31 07:35:01] REINICIO: mensaje sin respuesta hace 51 min — reiniciando sesión george
[2026-07-31 07:35:01] REINICIO: sesión george recreada
[2026-07-31 07:40:01] REINICIO: mensaje sin respuesta hace 56 min — reiniciando sesión george
[2026-07-31 07:40:01] REINICIO: sesión george recreada
[2026-07-31 07:45:01] REINICIO: mensaje sin respuesta hace 61 min — reiniciando sesión george
[2026-07-31 07:45:01] REINICIO: sesión george recreada
[2026-07-31 07:50:01] REINICIO: mensaje sin respuesta hace 66 min — reiniciando sesión george
[2026-07-31 07:50:01] REINICIO: sesión george recreada
[2026-07-31 07:55:01] REINICIO: mensaje sin respuesta hace 71 min — reiniciando sesión george
[2026-07-31 07:55:01] REINICIO: sesión george recreada
[2026-07-31 08:00:01] REINICIO: mensaje sin respuesta hace 76 min — reiniciando sesión george
[2026-07-31 08:00:01] REINICIO: sesión george recreada
[2026-07-31 08:05:01] REINICIO: mensaje sin respuesta hace 81 min — reiniciando sesión george
[2026-07-31 08:05:01] REINICIO: sesión george recreada
[2026-07-31 08:10:01] REINICIO: mensaje sin respuesta hace 86 min — reiniciando sesión george
[2026-07-31 08:10:01] REINICIO: sesión george recreada
[2026-07-31 08:15:01] REINICIO: mensaje sin respuesta hace 91 min — reiniciando sesión george
[2026-07-31 08:15:01] REINICIO: sesión george recreada
[2026-07-31 08:20:01] REINICIO: mensaje sin respuesta hace 96 min — reiniciando sesión george
[2026-07-31 08:20:01] REINICIO: sesión george recreada
[2026-07-31 08:25:01] REINICIO: mensaje sin respuesta hace 101 min — reiniciando sesión george
[2026-07-31 08:25:01] REINICIO: sesión george recreada
[2026-07-31 08:30:01] REINICIO: mensaje sin respuesta hace 106 min — reiniciando sesión george
[2026-07-31 08:30:01] REINICIO: sesión george recreada
[2026-07-31 08:35:01] REINICIO: mensaje sin respuesta hace 111 min — reiniciando sesión george
[2026-07-31 08:35:01] REINICIO: sesión george recreada
[2026-07-31 08:40:01] REINICIO: mensaje sin respuesta hace 116 min — reiniciando sesión george
[2026-07-31 08:40:01] REINICIO: sesión george recreada
[2026-07-31 08:45:02] REINICIO: mensaje sin respuesta hace 121 min — reiniciando sesión george
[2026-07-31 08:45:02] REINICIO: sesión george recreada
[2026-07-31 08:50:01] REINICIO: mensaje sin respuesta hace 126 min — reiniciando sesión george
[2026-07-31 08:50:01] REINICIO: sesión george recreada
[2026-07-31 08:55:01] REINICIO: mensaje sin respuesta hace 131 min — reiniciando sesión george
[2026-07-31 08:55:01] REINICIO: sesión george recreada
[2026-07-31 09:00:01] REINICIO: mensaje sin respuesta hace 136 min — reiniciando sesión george
[2026-07-31 09:00:01] REINICIO: sesión george recreada
[2026-07-31 09:05:01] REINICIO: mensaje sin respuesta hace 141 min — reiniciando sesión george
[2026-07-31 09:05:01] REINICIO: sesión george recreada
[2026-07-31 09:10:01] REINICIO: mensaje sin respuesta hace 146 min — reiniciando sesión george
[2026-07-31 09:10:01] REINICIO: sesión george recreada
[2026-07-31 09:15:01] REINICIO: mensaje sin respuesta hace 151 min — reiniciando sesión george
[2026-07-31 09:15:01] REINICIO: sesión george recreada
[2026-07-31 09:20:01] REINICIO: mensaje sin respuesta hace 156 min — reiniciando sesión george
[2026-07-31 09:20:01] REINICIO: sesión george recreada
[2026-07-31 09:25:01] REINICIO: mensaje sin respuesta hace 161 min — reiniciando sesión george
[2026-07-31 09:25:01] REINICIO: sesión george recreada
[2026-07-31 09:30:01] REINICIO: mensaje sin respuesta hace 166 min — reiniciando sesión george
[2026-07-31 09:30:01] REINICIO: sesión george recreada
[2026-07-31 09:35:01] REINICIO: mensaje sin respuesta hace 171 min — reiniciando sesión george
[2026-07-31 09:35:01] REINICIO: sesión george recreada
[2026-07-31 09:40:01] REINICIO: mensaje sin respuesta hace 176 min — reiniciando sesión george
[2026-07-31 09:40:01] REINICIO: sesión george recreada
[2026-07-31 09:45:01] REINICIO: mensaje sin respuesta hace 181 min — reiniciando sesión george
[2026-07-31 09:45:01] REINICIO: sesión george recreada
[2026-07-31 09:50:02] REINICIO: mensaje sin respuesta hace 186 min — reiniciando sesión george
[2026-07-31 09:50:02] REINICIO: sesión george recreada
[2026-07-31 09:55:01] REINICIO: mensaje sin respuesta hace 191 min — reiniciando sesión george
[2026-07-31 09:55:01] REINICIO: sesión george recreada
[2026-07-31 10:00:01] REINICIO: mensaje sin respuesta hace 196 min — reiniciando sesión george
[2026-07-31 10:00:01] REINICIO: sesión george recreada
[2026-07-31 10:05:01] REINICIO: mensaje sin respuesta hace 201 min — reiniciando sesión george
[2026-07-31 10:05:01] REINICIO: sesión george recreada
[2026-07-31 10:10:02] ALERTA: sesión tmux 'george' no encontrada — reiniciando
[2026-07-31 10:10:02] REINICIO: sesión george creada
[2026-07-31 10:15:01] REINICIO: mensaje sin respuesta hace 211 min — reiniciando sesión george
[2026-07-31 10:15:01] REINICIO: sesión george recreada
[2026-07-31 10:20:01] OK (respuesta enviada correctamente)
[2026-07-31 10:25:01] OK (respuesta enviada correctamente)
[2026-07-31 10:30:01] OK (respuesta enviada correctamente)
[2026-07-31 10:35:01] OK (respuesta enviada correctamente)
[2026-07-31 10:40:02] OK (respuesta enviada correctamente)
[2026-07-31 10:45:01] OK (respuesta enviada correctamente)
[2026-07-31 10:50:01] OK (respuesta enviada correctamente)
[2026-07-31 10:55:01] OK (respuesta enviada correctamente)
[2026-07-31 11:00:01] OK (respuesta enviada correctamente)
[2026-07-31 11:05:01] OK (respuesta enviada correctamente)
[2026-07-31 11:10:02] OK (respuesta enviada correctamente)
[2026-07-31 11:15:01] OK (respuesta enviada correctamente)
[2026-07-31 11:20:01] OK (respuesta enviada correctamente)
[2026-07-31 11:25:01] OK (respuesta enviada correctamente)
[2026-07-31 11:30:01] OK (respuesta enviada correctamente)
[2026-07-31 11:35:01] OK (respuesta enviada correctamente)
[2026-07-31 11:40:01] OK (respuesta enviada correctamente)
[2026-07-31 11:45:01] OK (respuesta enviada correctamente)
[2026-07-31 11:50:01] OK (respuesta enviada correctamente)
[2026-07-31 11:55:01] OK (respuesta enviada correctamente)
[2026-07-31 12:00:01] OK (respuesta enviada correctamente)
[2026-07-31 12:05:01] OK (respuesta enviada correctamente)
[2026-07-31 12:10:01] OK (respuesta enviada correctamente)
[2026-07-31 12:15:01] OK (respuesta enviada correctamente)
[2026-07-31 12:20:01] OK (respuesta enviada correctamente)
[2026-07-31 12:25:01] OK (respuesta enviada correctamente)
[2026-07-31 12:30:01] OK (respuesta enviada correctamente)
[2026-07-31 12:35:01] OK (respuesta enviada correctamente)
[2026-07-31 12:40:01] OK (respuesta enviada correctamente)
[2026-07-31 12:45:01] OK (respuesta enviada correctamente)
[2026-07-31 12:50:02] OK (respuesta enviada correctamente)
[2026-07-31 12:55:01] OK (respuesta enviada correctamente)
[2026-07-31 13:00:01] OK (respuesta enviada correctamente)
[2026-07-31 13:05:01] OK (respuesta enviada correctamente)
[2026-07-31 13:10:01] OK (respuesta enviada correctamente)
[2026-07-31 13:15:02] OK (respuesta enviada correctamente)
[2026-07-31 13:20:01] OK (respuesta enviada correctamente)
[2026-07-31 13:25:01] OK (respuesta enviada correctamente)
[2026-07-31 13:30:01] OK (respuesta enviada correctamente)
[2026-07-31 13:35:01] OK (respuesta enviada correctamente)
[2026-07-31 13:40:01] OK (respuesta enviada correctamente)
[2026-07-31 13:45:01] OK (respuesta enviada correctamente)
[2026-07-31 13:50:02] OK (respuesta enviada correctamente)
[2026-07-31 13:55:01] OK (respuesta enviada correctamente)
[2026-07-31 14:00:01] OK (respuesta enviada correctamente)
[2026-07-31 14:05:01] OK (respuesta enviada correctamente)
[2026-07-31 14:10:01] OK (respuesta enviada correctamente)
[2026-07-31 14:15:01] OK (respuesta enviada correctamente)
[2026-07-31 14:20:01] OK (respuesta enviada correctamente)
[2026-07-31 14:25:01] OK (respuesta enviada correctamente)
[2026-07-31 14:30:01] OK (respuesta enviada correctamente)
[2026-07-31 14:35:01] OK (respuesta enviada correctamente)
[2026-07-31 14:40:01] OK (respuesta enviada correctamente)
[2026-07-31 14:45:02] OK (respuesta enviada correctamente)
[2026-07-31 14:50:01] OK (respuesta enviada correctamente)
[2026-07-31 14:55:01] OK (respuesta enviada correctamente)
[2026-07-31 15:00:01] OK (respuesta enviada correctamente)
[2026-07-31 15:05:01] OK (respuesta enviada correctamente)
[2026-07-31 15:10:01] OK (respuesta enviada correctamente)
[2026-07-31 15:15:01] OK (respuesta enviada correctamente)
[2026-07-31 15:20:01] OK (respuesta enviada correctamente)
[2026-07-31 15:25:01] OK (respuesta enviada correctamente)
[2026-07-31 15:30:02] OK (respuesta enviada correctamente)
[2026-07-31 15:35:01] OK (respuesta enviada correctamente)
[2026-07-31 15:40:01] OK (respuesta enviada correctamente)
[2026-07-31 15:45:01] OK (respuesta enviada correctamente)
[2026-07-31 15:50:01] OK (respuesta enviada correctamente)
[2026-07-31 15:55:01] OK (respuesta enviada correctamente)
[2026-07-31 16:00:01] OK (respuesta enviada correctamente)
[2026-07-31 16:05:01] OK (respuesta enviada correctamente)
[2026-07-31 16:10:01] OK (respuesta enviada correctamente)
[2026-07-31 16:15:01] OK (respuesta enviada correctamente)
[2026-07-31 16:20:01] OK (respuesta enviada correctamente)
[2026-07-31 16:25:01] OK (respuesta enviada correctamente)
[2026-07-31 16:30:01] OK (respuesta enviada correctamente)
[2026-07-31 16:35:01] OK (respuesta enviada correctamente)
[2026-07-31 16:40:01] OK (respuesta enviada correctamente)
[2026-07-31 16:45:01] OK (respuesta enviada correctamente)
[2026-07-31 16:50:01] OK (respuesta enviada correctamente)
[2026-07-31 16:55:01] OK (respuesta enviada correctamente)
[2026-07-31 17:00:01] OK (respuesta enviada correctamente)
[2026-07-31 17:05:01] OK (respuesta enviada correctamente)
[2026-07-31 17:10:01] OK (respuesta enviada correctamente)
[2026-07-31 17:15:01] OK (respuesta enviada correctamente)
[2026-07-31 17:20:01] OK (respuesta enviada correctamente)
[2026-07-31 17:25:01] OK (respuesta enviada correctamente)
[2026-07-31 17:30:01] OK (respuesta enviada correctamente)
[2026-07-31 17:35:01] OK (respuesta enviada correctamente)
[2026-07-31 17:40:01] OK (respuesta enviada correctamente)
[2026-07-31 17:45:01] OK (respuesta enviada correctamente)
[2026-07-31 17:50:01] OK (respuesta enviada correctamente)
[2026-07-31 17:55:01] OK (respuesta enviada correctamente)
[2026-07-31 18:00:01] OK (respuesta enviada correctamente)
[2026-07-31 18:05:01] OK (respuesta enviada correctamente)
[2026-07-31 18:10:01] OK (respuesta enviada correctamente)
[2026-07-31 18:15:01] OK (respuesta enviada correctamente)
[2026-07-31 18:20:02] OK (respuesta enviada correctamente)
[2026-07-31 18:25:02] OK (mensaje hace 1 min, dentro del límite)
[2026-07-31 18:30:01] OK (respuesta enviada correctamente)
[2026-07-31 18:35:01] OK (respuesta enviada correctamente)
[2026-07-31 18:40:01] OK (respuesta enviada correctamente)
[2026-07-31 18:45:01] OK (respuesta enviada correctamente)
[2026-07-31 18:50:01] OK (respuesta enviada correctamente)
[2026-07-31 18:55:01] OK (respuesta enviada correctamente)
[2026-07-31 19:00:01] OK (respuesta enviada correctamente)
[2026-07-31 19:05:01] OK (respuesta enviada correctamente)
[2026-07-31 19:10:01] OK (respuesta enviada correctamente)
[2026-07-31 19:15:01] OK (respuesta enviada correctamente)
[2026-07-31 19:20:01] OK (respuesta enviada correctamente)
[2026-07-31 19:25:01] OK (respuesta enviada correctamente)
[2026-07-31 19:30:01] OK (respuesta enviada correctamente)
[2026-07-31 19:35:02] OK (respuesta enviada correctamente)
[2026-07-31 19:40:01] OK (respuesta enviada correctamente)
[2026-07-31 19:45:01] OK (respuesta enviada correctamente)
[2026-07-31 19:50:02] OK (respuesta enviada correctamente)
[2026-07-31 19:55:01] OK (respuesta enviada correctamente)
[2026-07-31 20:00:01] OK (respuesta enviada correctamente)
[2026-07-31 20:05:01] OK (respuesta enviada correctamente)
[2026-07-31 20:10:01] OK (respuesta enviada correctamente)
[2026-07-31 20:15:01] OK (respuesta enviada correctamente)
[2026-07-31 20:20:01] OK (respuesta enviada correctamente)
[2026-07-31 20:25:01] OK (respuesta enviada correctamente)
[2026-07-31 20:30:01] OK (respuesta enviada correctamente)
[2026-07-31 20:35:01] OK (respuesta enviada correctamente)
[2026-07-31 20:40:01] OK (respuesta enviada correctamente)
[2026-07-31 20:45:01] OK (respuesta enviada correctamente)
[2026-07-31 20:50:01] OK (respuesta enviada correctamente)
[2026-07-31 20:55:01] OK (respuesta enviada correctamente)
[2026-07-31 21:00:01] OK (respuesta enviada correctamente)
[2026-07-31 21:05:01] OK (respuesta enviada correctamente)
[2026-07-31 21:10:01] OK (respuesta enviada correctamente)
[2026-07-31 21:15:02] OK (respuesta enviada correctamente)
[2026-07-31 21:20:01] OK (respuesta enviada correctamente)
[2026-07-31 21:25:01] OK (respuesta enviada correctamente)
[2026-07-31 21:30:02] OK (respuesta enviada correctamente)
[2026-07-31 21:35:01] OK (respuesta enviada correctamente)
[2026-07-31 21:40:01] OK (respuesta enviada correctamente)
[2026-07-31 21:45:01] OK (respuesta enviada correctamente)
[2026-07-31 21:50:01] OK (respuesta enviada correctamente)
[2026-07-31 21:55:01] OK (respuesta enviada correctamente)
[2026-07-31 22:00:01] OK (respuesta enviada correctamente)
[2026-07-31 22:05:01] OK (respuesta enviada correctamente)
[2026-07-31 22:10:01] OK (respuesta enviada correctamente)
[2026-07-31 22:15:01] OK (respuesta enviada correctamente)
[2026-07-31 22:20:02] OK (respuesta enviada correctamente)
[2026-07-31 22:25:01] OK (respuesta enviada correctamente)
[2026-07-31 22:30:01] OK (respuesta enviada correctamente)
[2026-07-31 22:35:01] OK (respuesta enviada correctamente)
[2026-07-31 22:40:02] OK (respuesta enviada correctamente)
[2026-07-31 22:45:01] OK (respuesta enviada correctamente)
[2026-07-31 22:50:01] OK (respuesta enviada correctamente)
[2026-07-31 22:55:01] OK (respuesta enviada correctamente)
[2026-07-31 23:00:02] OK (respuesta enviada correctamente)
[2026-07-31 23:05:01] OK (respuesta enviada correctamente)
[2026-07-31 23:10:01] OK (respuesta enviada correctamente)
[2026-07-31 23:15:01] OK (respuesta enviada correctamente)
[2026-07-31 23:20:01] OK (respuesta enviada correctamente)
[2026-07-31 23:25:01] OK (respuesta enviada correctamente)
[2026-07-31 23:30:01] OK (respuesta enviada correctamente)
[2026-07-31 23:35:01] OK (respuesta enviada correctamente)
[2026-07-31 23:40:01] OK (respuesta enviada correctamente)
[2026-07-31 23:45:01] OK (respuesta enviada correctamente)
[2026-07-31 23:50:01] OK (respuesta enviada correctamente)
[2026-07-31 23:55:01] OK (respuesta enviada correctamente)
[2026-08-01 00:00:01] OK (sin log hoy, sin mensajes pendientes)
[2026-08-01 00:05:01] OK (sin log hoy, sin mensajes pendientes)
[2026-08-01 00:10:01] OK (sin log hoy, sin mensajes pendientes)
[2026-08-01 00:15:01] OK (sin log hoy, sin mensajes pendientes)
[2026-08-01 00:20:01] OK (sin log hoy, sin mensajes pendientes)
[2026-08-01 00:25:01] OK (sin log hoy, sin mensajes pendientes)
[2026-08-01 00:30:01] OK (sin log hoy, sin mensajes pendientes)
[2026-08-01 00:35:01] OK (sin log hoy, sin mensajes pendientes)
[2026-08-01 00:40:01] OK (sin log hoy, sin mensajes pendientes)
[2026-08-01 00:45:01] OK (sin log hoy, sin mensajes pendientes)
[2026-08-01 00:50:01] OK (sin log hoy, sin mensajes pendientes)
[2026-08-01 00:55:01] OK (sin log hoy, sin mensajes pendientes)
[2026-08-01 01:00:01] OK (sin log hoy, sin mensajes pendientes)
[2026-08-01 01:05:01] OK (sin log hoy, sin mensajes pendientes)
[2026-08-01 01:10:01] OK (sin log hoy, sin mensajes pendientes)
[2026-08-01 01:15:01] OK (sin log hoy, sin mensajes pendientes)
[2026-08-01 01:20:01] OK (sin log hoy, sin mensajes pendientes)
[2026-08-01 01:25:01] OK (sin log hoy, sin mensajes pendientes)
[2026-08-01 01:30:01] OK (sin log hoy, sin mensajes pendientes)
[2026-08-01 01:35:01] OK (sin log hoy, sin mensajes pendientes)
[2026-08-01 01:40:01] OK (sin log hoy, sin mensajes pendientes)
[2026-08-01 01:45:01] OK (sin log hoy, sin mensajes pendientes)
[2026-08-01 01:50:01] OK (sin log hoy, sin mensajes pendientes)
[2026-08-01 01:55:01] OK (sin log hoy, sin mensajes pendientes)
[2026-08-01 02:00:01] OK (sin log hoy, sin mensajes pendientes)
[2026-08-01 02:05:01] OK (sin log hoy, sin mensajes pendientes)
[2026-08-01 02:10:01] OK (sin log hoy, sin mensajes pendientes)
[2026-08-01 02:15:02] OK (sin log hoy, sin mensajes pendientes)
[2026-08-01 02:20:01] OK (sin log hoy, sin mensajes pendientes)
[2026-08-01 02:25:01] OK (sin log hoy, sin mensajes pendientes)
[2026-08-01 02:30:01] OK (sin log hoy, sin mensajes pendientes)
[2026-08-01 02:35:01] OK (sin log hoy, sin mensajes pendientes)
[2026-08-01 02:40:01] OK (sin log hoy, sin mensajes pendientes)
[2026-08-01 02:45:01] OK (sin log hoy, sin mensajes pendientes)
[2026-08-01 02:50:01] OK (sin log hoy, sin mensajes pendientes)
[2026-08-01 02:55:01] OK (sin log hoy, sin mensajes pendientes)
[2026-08-01 03:00:01] OK (sin log hoy, sin mensajes pendientes)
[2026-08-01 03:05:01] OK (sin log hoy, sin mensajes pendientes)
[2026-08-01 03:10:01] OK (sin log hoy, sin mensajes pendientes)
[2026-08-01 03:15:01] OK (sin log hoy, sin mensajes pendientes)
[2026-08-01 03:20:01] OK (sin log hoy, sin mensajes pendientes)
[2026-08-01 03:25:01] OK (sin log hoy, sin mensajes pendientes)
[2026-08-01 03:30:01] OK (sin log hoy, sin mensajes pendientes)
[2026-08-01 03:35:01] OK (sin log hoy, sin mensajes pendientes)
[2026-08-01 03:40:01] OK (sin log hoy, sin mensajes pendientes)
[2026-08-01 03:45:01] OK (sin log hoy, sin mensajes pendientes)
[2026-08-01 03:50:01] OK (sin log hoy, sin mensajes pendientes)
[2026-08-01 03:55:01] OK (sin log hoy, sin mensajes pendientes)
[2026-08-01 04:00:01] OK (sin log hoy, sin mensajes pendientes)
[2026-08-01 04:05:02] OK (sin log hoy, sin mensajes pendientes)
[2026-08-01 04:10:01] OK (sin log hoy, sin mensajes pendientes)
[2026-08-01 04:15:01] OK (sin log hoy, sin mensajes pendientes)
[2026-08-01 04:20:01] OK (sin log hoy, sin mensajes pendientes)
[2026-08-01 04:25:01] OK (sin log hoy, sin mensajes pendientes)
[2026-08-01 04:30:01] OK (sin log hoy, sin mensajes pendientes)
[2026-08-01 04:35:01] OK (sin log hoy, sin mensajes pendientes)
[2026-08-01 04:40:01] OK (sin log hoy, sin mensajes pendientes)
[2026-08-01 04:45:01] OK (sin log hoy, sin mensajes pendientes)
[2026-08-01 04:50:02] OK (sin log hoy, sin mensajes pendientes)
[2026-08-01 04:55:01] OK (sin log hoy, sin mensajes pendientes)
[2026-08-01 05:00:01] OK (sin log hoy, sin mensajes pendientes)
[2026-08-01 05:05:01] OK (sin log hoy, sin mensajes pendientes)
[2026-08-01 05:10:01] OK (sin log hoy, sin mensajes pendientes)
[2026-08-01 05:15:01] OK (sin log hoy, sin mensajes pendientes)
[2026-08-01 05:20:01] OK (sin log hoy, sin mensajes pendientes)
[2026-08-01 05:25:01] OK (sin log hoy, sin mensajes pendientes)
[2026-08-01 05:30:01] OK (sin log hoy, sin mensajes pendientes)
[2026-08-01 05:35:01] OK (sin log hoy, sin mensajes pendientes)
[2026-08-01 05:40:01] OK (sin log hoy, sin mensajes pendientes)
[2026-08-01 05:45:01] OK (sin log hoy, sin mensajes pendientes)
[2026-08-01 05:50:01] OK (sin log hoy, sin mensajes pendientes)
[2026-08-01 05:55:01] OK (sin log hoy, sin mensajes pendientes)
[2026-08-01 06:00:01] OK (sin log hoy, sin mensajes pendientes)
[2026-08-01 06:05:01] OK (sin log hoy, sin mensajes pendientes)
[2026-08-01 06:10:01] OK (sin log hoy, sin mensajes pendientes)
[2026-08-01 06:15:01] OK (sin log hoy, sin mensajes pendientes)
[2026-08-01 06:20:01] OK (sin log hoy, sin mensajes pendientes)
[2026-08-01 06:25:01] OK (sin log hoy, sin mensajes pendientes)
[2026-08-01 06:30:01] OK (sin log hoy, sin mensajes pendientes)
[2026-08-01 06:35:01] OK (sin log hoy, sin mensajes pendientes)
[2026-08-01 06:40:01] OK (sin log hoy, sin mensajes pendientes)
[2026-08-01 06:45:01] OK (sin log hoy, sin mensajes pendientes)
[2026-08-01 06:50:01] OK (sin log hoy, sin mensajes pendientes)
[2026-08-01 06:55:01] OK (sin log hoy, sin mensajes pendientes)
[2026-08-01 07:00:01] OK (sin log hoy, sin mensajes pendientes)
[2026-08-01 07:05:01] OK (sin log hoy, sin mensajes pendientes)
[2026-08-01 07:10:01] OK (sin log hoy, sin mensajes pendientes)
[2026-08-01 07:15:01] OK (sin log hoy, sin mensajes pendientes)
[2026-08-01 07:20:01] OK (sin log hoy, sin mensajes pendientes)
[2026-08-01 07:25:01] OK (sin log hoy, sin mensajes pendientes)
[2026-08-01 07:30:01] OK (sin log hoy, sin mensajes pendientes)
[2026-08-01 07:35:01] OK (sin log hoy, sin mensajes pendientes)
[2026-08-01 07:40:01] OK (sin log hoy, sin mensajes pendientes)
[2026-08-01 07:45:02] OK (sin log hoy, sin mensajes pendientes)
[2026-08-01 07:50:01] OK (sin log hoy, sin mensajes pendientes)
[2026-08-01 07:55:01] OK (sin log hoy, sin mensajes pendientes)
[2026-08-01 08:00:01] OK (sin log hoy, sin mensajes pendientes)
[2026-08-01 08:05:01] OK (sin mensajes del usuario hoy)
[2026-08-01 08:10:01] OK (sin mensajes del usuario hoy)
[2026-08-01 08:15:01] OK (sin mensajes del usuario hoy)
[2026-08-01 08:20:01] OK (sin mensajes del usuario hoy)
[2026-08-01 08:25:01] OK (sin mensajes del usuario hoy)
[2026-08-01 08:30:01] OK (sin mensajes del usuario hoy)
[2026-08-01 08:35:01] OK (sin mensajes del usuario hoy)
[2026-08-01 08:40:01] OK (sin mensajes del usuario hoy)
[2026-08-01 08:45:01] OK (sin mensajes del usuario hoy)
[2026-08-01 08:50:01] OK (sin mensajes del usuario hoy)
[2026-08-01 08:55:01] OK (sin mensajes del usuario hoy)
[2026-08-01 09:00:01] OK (sin mensajes del usuario hoy)
[2026-08-01 09:05:01] OK (sin mensajes del usuario hoy)
[2026-08-01 09:10:01] OK (sin mensajes del usuario hoy)
[2026-08-01 09:15:01] OK (sin mensajes del usuario hoy)
[2026-08-01 09:20:01] OK (sin mensajes del usuario hoy)
[2026-08-01 09:25:01] OK (sin mensajes del usuario hoy)
[2026-08-01 09:30:01] OK (sin mensajes del usuario hoy)
[2026-08-01 09:35:01] OK (sin mensajes del usuario hoy)
[2026-08-01 09:40:01] OK (sin mensajes del usuario hoy)
[2026-08-01 09:45:01] OK (sin mensajes del usuario hoy)
[2026-08-01 09:50:01] OK (sin mensajes del usuario hoy)
[2026-08-01 09:55:01] OK (sin mensajes del usuario hoy)
[2026-08-01 10:00:01] OK (sin mensajes del usuario hoy)
[2026-08-01 10:05:01] OK (sin mensajes del usuario hoy)
[2026-08-01 10:10:01] OK (sin mensajes del usuario hoy)
[2026-08-01 10:15:01] OK (sin mensajes del usuario hoy)
[2026-08-01 10:20:01] OK (sin mensajes del usuario hoy)
[2026-08-01 10:25:01] OK (sin mensajes del usuario hoy)
[2026-08-01 10:30:01] OK (sin mensajes del usuario hoy)
[2026-08-01 10:35:01] OK (sin mensajes del usuario hoy)
[2026-08-01 10:40:01] OK (sin mensajes del usuario hoy)
[2026-08-01 10:45:01] OK (sin mensajes del usuario hoy)
[2026-08-01 10:50:01] OK (sin mensajes del usuario hoy)
[2026-08-01 10:55:01] OK (sin mensajes del usuario hoy)
[2026-08-01 11:00:01] OK (sin mensajes del usuario hoy)
[2026-08-01 11:05:01] OK (sin mensajes del usuario hoy)
[2026-08-01 11:10:01] OK (sin mensajes del usuario hoy)
[2026-08-01 11:15:01] OK (sin mensajes del usuario hoy)
[2026-08-01 11:20:01] OK (sin mensajes del usuario hoy)
[2026-08-01 11:25:01] OK (sin mensajes del usuario hoy)
[2026-08-01 11:30:01] OK (sin mensajes del usuario hoy)
[2026-08-01 11:35:01] OK (sin mensajes del usuario hoy)
[2026-08-01 11:40:01] OK (sin mensajes del usuario hoy)
[2026-08-01 11:45:01] OK (respuesta enviada correctamente)
[2026-08-01 11:50:01] OK (respuesta enviada correctamente)
[2026-08-01 11:55:01] OK (respuesta enviada correctamente)
[2026-08-01 12:00:01] OK (respuesta enviada correctamente)
[2026-08-01 12:05:01] OK (respuesta enviada correctamente)
[2026-08-01 12:10:02] OK (respuesta enviada correctamente)
[2026-08-01 12:15:01] OK (respuesta enviada correctamente)
[2026-08-01 12:20:01] OK (respuesta enviada correctamente)
[2026-08-01 12:25:01] OK (respuesta enviada correctamente)
[2026-08-01 12:30:01] OK (respuesta enviada correctamente)
[2026-08-01 12:35:01] OK (respuesta enviada correctamente)
[2026-08-01 12:40:01] OK (respuesta enviada correctamente)
[2026-08-01 12:45:01] OK (respuesta enviada correctamente)
[2026-08-01 12:50:01] OK (respuesta enviada correctamente)
[2026-08-01 12:55:01] OK (respuesta enviada correctamente)
[2026-08-01 13:00:01] OK (respuesta enviada correctamente)
[2026-08-01 13:05:01] OK (respuesta enviada correctamente)
[2026-08-01 13:10:01] OK (respuesta enviada correctamente)
[2026-08-01 13:15:01] OK (respuesta enviada correctamente)
[2026-08-01 13:20:01] OK (respuesta enviada correctamente)
[2026-08-01 13:25:01] OK (respuesta enviada correctamente)
[2026-08-01 13:30:01] OK (respuesta enviada correctamente)
[2026-08-01 13:35:01] OK (respuesta enviada correctamente)
[2026-08-01 13:40:01] OK (respuesta enviada correctamente)
[2026-08-01 13:45:01] OK (respuesta enviada correctamente)
[2026-08-01 13:50:01] OK (respuesta enviada correctamente)
[2026-08-01 13:55:01] OK (respuesta enviada correctamente)
[2026-08-01 14:00:01] OK (respuesta enviada correctamente)
[2026-08-01 14:05:01] OK (respuesta enviada correctamente)
[2026-08-01 14:10:01] OK (respuesta enviada correctamente)
[2026-08-01 14:15:01] OK (respuesta enviada correctamente)
[2026-08-01 14:20:02] OK (respuesta enviada correctamente)
[2026-08-01 14:25:01] OK (respuesta enviada correctamente)
[2026-08-01 14:30:01] OK (respuesta enviada correctamente)
[2026-08-01 14:35:01] OK (respuesta enviada correctamente)
[2026-08-01 14:40:02] OK (respuesta enviada correctamente)
[2026-08-01 14:45:01] OK (respuesta enviada correctamente)
[2026-08-01 14:50:01] OK (respuesta enviada correctamente)
[2026-08-01 14:55:01] OK (respuesta enviada correctamente)
[2026-08-01 15:00:02] OK (respuesta enviada correctamente)
[2026-08-01 15:05:01] OK (respuesta enviada correctamente)
[2026-08-01 15:10:01] OK (respuesta enviada correctamente)
[2026-08-01 15:15:01] OK (respuesta enviada correctamente)
[2026-08-01 15:20:01] OK (respuesta enviada correctamente)
[2026-08-01 15:25:01] OK (respuesta enviada correctamente)
[2026-08-01 15:30:01] OK (respuesta enviada correctamente)
[2026-08-01 15:35:01] OK (respuesta enviada correctamente)
[2026-08-01 15:40:01] OK (respuesta enviada correctamente)
[2026-08-01 15:45:01] OK (respuesta enviada correctamente)
[2026-08-01 15:50:01] OK (respuesta enviada correctamente)
[2026-08-01 15:55:01] OK (respuesta enviada correctamente)
[2026-08-01 16:00:01] OK (respuesta enviada correctamente)
[2026-08-01 16:05:01] OK (respuesta enviada correctamente)
[2026-08-01 16:10:01] OK (respuesta enviada correctamente)
[2026-08-01 16:15:02] OK (respuesta enviada correctamente)
[2026-08-01 16:20:01] OK (respuesta enviada correctamente)
[2026-08-01 16:25:01] OK (respuesta enviada correctamente)
[2026-08-01 16:30:01] OK (respuesta enviada correctamente)
[2026-08-01 16:35:01] OK (respuesta enviada correctamente)
[2026-08-01 16:40:01] OK (respuesta enviada correctamente)
[2026-08-01 16:45:01] OK (respuesta enviada correctamente)
[2026-08-01 16:50:01] OK (respuesta enviada correctamente)
[2026-08-01 16:55:01] OK (respuesta enviada correctamente)
[2026-08-01 17:00:01] OK (respuesta enviada correctamente)
[2026-08-01 17:05:01] OK (respuesta enviada correctamente)
[2026-08-01 17:10:02] OK (respuesta enviada correctamente)
[2026-08-01 17:15:01] OK (respuesta enviada correctamente)
[2026-08-01 17:20:01] OK (respuesta enviada correctamente)
[2026-08-01 17:25:01] OK (respuesta enviada correctamente)
[2026-08-01 17:30:02] OK (respuesta enviada correctamente)
[2026-08-01 17:35:01] OK (respuesta enviada correctamente)
[2026-08-01 17:40:01] OK (mensaje hace 3 min, dentro del límite)
[2026-08-01 17:45:01] OK (respuesta enviada correctamente)
[2026-08-01 17:50:01] OK (respuesta enviada correctamente)
[2026-08-01 17:55:01] OK (respuesta enviada correctamente)
[2026-08-01 18:00:01] OK (respuesta enviada correctamente)
[2026-08-01 18:05:01] OK (respuesta enviada correctamente)
[2026-08-01 18:10:01] OK (respuesta enviada correctamente)
[2026-08-01 18:15:01] OK (respuesta enviada correctamente)
[2026-08-01 18:20:01] OK (respuesta enviada correctamente)
[2026-08-01 18:25:01] OK (respuesta enviada correctamente)
[2026-08-01 18:30:01] OK (respuesta enviada correctamente)
[2026-08-01 18:35:02] OK (respuesta enviada correctamente)
[2026-08-01 18:40:01] OK (respuesta enviada correctamente)
[2026-08-01 18:45:01] OK (respuesta enviada correctamente)
[2026-08-01 18:50:01] OK (respuesta enviada correctamente)
[2026-08-01 18:55:01] OK (respuesta enviada correctamente)
[2026-08-01 19:00:02] OK (respuesta enviada correctamente)
[2026-08-01 19:05:01] OK (respuesta enviada correctamente)
[2026-08-01 19:10:01] OK (respuesta enviada correctamente)
[2026-08-01 19:15:02] OK (respuesta enviada correctamente)
[2026-08-01 19:20:01] OK (respuesta enviada correctamente)
[2026-08-01 19:25:01] OK (respuesta enviada correctamente)
[2026-08-01 19:30:01] OK (respuesta enviada correctamente)
[2026-08-01 19:35:01] OK (respuesta enviada correctamente)
[2026-08-01 19:40:01] OK (respuesta enviada correctamente)
[2026-08-01 19:45:01] OK (respuesta enviada correctamente)
[2026-08-01 19:50:01] OK (respuesta enviada correctamente)
[2026-08-01 19:55:01] OK (respuesta enviada correctamente)
[2026-08-01 20:00:02] OK (respuesta enviada correctamente)
[2026-08-01 20:05:01] OK (respuesta enviada correctamente)
[2026-08-01 20:10:01] OK (respuesta enviada correctamente)
[2026-08-01 20:15:01] OK (respuesta enviada correctamente)
[2026-08-01 20:20:01] OK (respuesta enviada correctamente)
[2026-08-01 20:25:01] OK (respuesta enviada correctamente)
[2026-08-01 20:30:01] OK (respuesta enviada correctamente)
[2026-08-01 20:35:01] OK (respuesta enviada correctamente)
[2026-08-01 20:40:01] OK (respuesta enviada correctamente)
[2026-08-01 20:45:01] OK (respuesta enviada correctamente)
[2026-08-01 20:50:01] OK (respuesta enviada correctamente)
[2026-08-01 20:55:01] OK (respuesta enviada correctamente)
[2026-08-01 21:00:01] OK (respuesta enviada correctamente)
[2026-08-01 21:05:01] OK (respuesta enviada correctamente)
[2026-08-01 21:10:01] OK (respuesta enviada correctamente)
[2026-08-01 21:15:01] OK (respuesta enviada correctamente)
[2026-08-01 21:20:01] OK (respuesta enviada correctamente)
[2026-08-01 21:25:01] OK (respuesta enviada correctamente)
[2026-08-01 21:30:01] OK (respuesta enviada correctamente)
[2026-08-01 21:35:01] OK (respuesta enviada correctamente)
[2026-08-01 21:40:01] OK (respuesta enviada correctamente)
[2026-08-01 21:45:01] OK (respuesta enviada correctamente)
[2026-08-01 21:50:01] OK (respuesta enviada correctamente)
[2026-08-01 21:55:01] OK (respuesta enviada correctamente)
[2026-08-01 22:00:01] OK (respuesta enviada correctamente)
[2026-08-01 22:05:01] OK (respuesta enviada correctamente)
[2026-08-01 22:10:01] OK (respuesta enviada correctamente)
[2026-08-01 22:15:01] OK (respuesta enviada correctamente)
[2026-08-01 22:20:01] OK (respuesta enviada correctamente)
[2026-08-01 22:25:01] OK (respuesta enviada correctamente)
[2026-08-01 22:30:01] OK (respuesta enviada correctamente)
[2026-08-01 22:35:01] OK (respuesta enviada correctamente)
[2026-08-01 22:40:01] OK (respuesta enviada correctamente)
[2026-08-01 22:45:02] OK (respuesta enviada correctamente)
[2026-08-01 22:50:01] OK (respuesta enviada correctamente)
[2026-08-01 22:55:01] OK (respuesta enviada correctamente)
[2026-08-01 23:00:01] OK (respuesta enviada correctamente)
[2026-08-01 23:05:01] OK (respuesta enviada correctamente)
[2026-08-01 23:10:01] OK (respuesta enviada correctamente)
[2026-08-01 23:15:01] OK (respuesta enviada correctamente)
[2026-08-01 23:20:01] OK (respuesta enviada correctamente)
[2026-08-01 23:25:01] OK (respuesta enviada correctamente)
[2026-08-01 23:30:01] OK (respuesta enviada correctamente)
[2026-08-01 23:35:02] OK (respuesta enviada correctamente)
[2026-08-01 23:40:01] OK (respuesta enviada correctamente)
[2026-08-01 23:45:01] OK (respuesta enviada correctamente)
[2026-08-01 23:50:01] OK (respuesta enviada correctamente)
[2026-08-01 23:55:01] OK (respuesta enviada correctamente)
[2026-08-02 00:00:02] OK (sin log hoy, sin mensajes pendientes)
[2026-08-02 00:05:01] OK (sin log hoy, sin mensajes pendientes)
[2026-08-02 00:10:01] OK (sin log hoy, sin mensajes pendientes)
[2026-08-02 00:15:01] OK (sin log hoy, sin mensajes pendientes)
[2026-08-02 00:20:01] OK (sin log hoy, sin mensajes pendientes)
[2026-08-02 00:25:01] OK (sin log hoy, sin mensajes pendientes)
[2026-08-02 00:30:01] OK (sin log hoy, sin mensajes pendientes)
[2026-08-02 00:35:01] OK (sin log hoy, sin mensajes pendientes)
[2026-08-02 00:40:01] OK (sin log hoy, sin mensajes pendientes)
[2026-08-02 00:45:01] OK (sin log hoy, sin mensajes pendientes)
[2026-08-02 00:50:01] OK (sin log hoy, sin mensajes pendientes)
[2026-08-02 00:55:01] OK (sin log hoy, sin mensajes pendientes)
[2026-08-02 01:00:01] OK (sin log hoy, sin mensajes pendientes)
[2026-08-02 01:05:01] OK (sin log hoy, sin mensajes pendientes)
[2026-08-02 01:10:01] OK (sin log hoy, sin mensajes pendientes)
[2026-08-02 01:15:02] OK (sin log hoy, sin mensajes pendientes)
[2026-08-02 01:20:01] OK (sin log hoy, sin mensajes pendientes)
[2026-08-02 01:25:01] OK (sin log hoy, sin mensajes pendientes)
[2026-08-02 01:30:01] OK (sin log hoy, sin mensajes pendientes)
[2026-08-02 01:35:01] OK (sin log hoy, sin mensajes pendientes)
[2026-08-02 01:40:02] OK (sin log hoy, sin mensajes pendientes)
[2026-08-02 01:45:01] OK (sin log hoy, sin mensajes pendientes)
[2026-08-02 01:50:01] OK (sin log hoy, sin mensajes pendientes)
[2026-08-02 01:55:01] OK (sin log hoy, sin mensajes pendientes)
[2026-08-02 02:00:01] OK (sin log hoy, sin mensajes pendientes)
[2026-08-02 02:05:01] OK (sin log hoy, sin mensajes pendientes)
[2026-08-02 02:10:01] OK (sin log hoy, sin mensajes pendientes)
[2026-08-02 02:15:01] OK (sin log hoy, sin mensajes pendientes)
[2026-08-02 02:20:01] OK (sin log hoy, sin mensajes pendientes)
[2026-08-02 02:25:01] OK (sin log hoy, sin mensajes pendientes)
[2026-08-02 02:30:02] OK (sin log hoy, sin mensajes pendientes)
[2026-08-02 02:35:01] OK (sin log hoy, sin mensajes pendientes)
[2026-08-02 02:40:01] OK (sin log hoy, sin mensajes pendientes)
[2026-08-02 02:45:01] OK (sin log hoy, sin mensajes pendientes)
[2026-08-02 02:50:01] OK (sin log hoy, sin mensajes pendientes)
[2026-08-02 02:55:01] OK (sin log hoy, sin mensajes pendientes)
[2026-08-02 03:00:01] OK (sin log hoy, sin mensajes pendientes)
[2026-08-02 03:05:01] OK (sin log hoy, sin mensajes pendientes)
[2026-08-02 03:10:01] OK (sin log hoy, sin mensajes pendientes)
[2026-08-02 03:15:01] OK (sin log hoy, sin mensajes pendientes)
[2026-08-02 03:20:01] OK (sin log hoy, sin mensajes pendientes)
[2026-08-02 03:25:01] OK (sin log hoy, sin mensajes pendientes)
[2026-08-02 03:30:01] OK (sin log hoy, sin mensajes pendientes)
[2026-08-02 03:35:02] OK (sin log hoy, sin mensajes pendientes)
[2026-08-02 03:40:01] OK (sin log hoy, sin mensajes pendientes)
[2026-08-02 03:45:01] OK (sin log hoy, sin mensajes pendientes)
[2026-08-02 03:50:01] OK (sin log hoy, sin mensajes pendientes)
[2026-08-02 03:55:01] OK (sin log hoy, sin mensajes pendientes)
[2026-08-02 04:00:02] OK (sin log hoy, sin mensajes pendientes)
[2026-08-02 04:05:01] OK (sin log hoy, sin mensajes pendientes)
[2026-08-02 04:10:01] OK (sin log hoy, sin mensajes pendientes)
[2026-08-02 04:15:02] OK (sin log hoy, sin mensajes pendientes)
[2026-08-02 04:20:01] OK (sin log hoy, sin mensajes pendientes)
[2026-08-02 04:25:01] OK (sin log hoy, sin mensajes pendientes)
[2026-08-02 04:30:01] OK (sin log hoy, sin mensajes pendientes)
[2026-08-02 04:35:01] OK (sin log hoy, sin mensajes pendientes)
[2026-08-02 04:40:01] OK (sin log hoy, sin mensajes pendientes)
[2026-08-02 04:45:01] OK (sin log hoy, sin mensajes pendientes)
[2026-08-02 04:50:02] OK (sin log hoy, sin mensajes pendientes)
[2026-08-02 04:55:01] OK (sin log hoy, sin mensajes pendientes)
[2026-08-02 05:00:01] OK (sin log hoy, sin mensajes pendientes)
[2026-08-02 05:05:01] OK (sin log hoy, sin mensajes pendientes)
[2026-08-02 05:10:01] OK (sin log hoy, sin mensajes pendientes)
[2026-08-02 05:15:01] OK (sin log hoy, sin mensajes pendientes)
[2026-08-02 05:20:01] OK (sin log hoy, sin mensajes pendientes)
[2026-08-02 05:25:01] OK (sin log hoy, sin mensajes pendientes)
[2026-08-02 05:30:01] OK (sin log hoy, sin mensajes pendientes)
[2026-08-02 05:35:01] OK (sin log hoy, sin mensajes pendientes)
[2026-08-02 05:40:01] OK (sin log hoy, sin mensajes pendientes)
[2026-08-02 05:45:01] OK (sin log hoy, sin mensajes pendientes)
[2026-08-02 05:50:01] OK (sin log hoy, sin mensajes pendientes)
[2026-08-02 05:55:01] OK (sin log hoy, sin mensajes pendientes)
[2026-08-02 06:00:01] OK (sin log hoy, sin mensajes pendientes)
[2026-08-02 06:05:01] OK (sin log hoy, sin mensajes pendientes)
[2026-08-02 06:10:01] OK (sin log hoy, sin mensajes pendientes)
[2026-08-02 06:15:01] OK (sin log hoy, sin mensajes pendientes)
[2026-08-02 06:20:01] OK (sin log hoy, sin mensajes pendientes)
[2026-08-02 06:25:01] OK (sin log hoy, sin mensajes pendientes)
[2026-08-02 06:30:01] OK (sin log hoy, sin mensajes pendientes)
[2026-08-02 06:35:01] OK (sin log hoy, sin mensajes pendientes)
[2026-08-02 06:40:01] OK (sin log hoy, sin mensajes pendientes)
[2026-08-02 06:45:01] OK (sin log hoy, sin mensajes pendientes)
[2026-08-02 06:50:01] OK (sin log hoy, sin mensajes pendientes)
[2026-08-02 06:55:02] OK (sin log hoy, sin mensajes pendientes)
[2026-08-02 07:00:01] OK (sin log hoy, sin mensajes pendientes)
[2026-08-02 07:05:01] OK (sin log hoy, sin mensajes pendientes)
[2026-08-02 07:10:01] OK (sin log hoy, sin mensajes pendientes)
[2026-08-02 07:15:01] OK (sin log hoy, sin mensajes pendientes)
[2026-08-02 07:20:02] OK (sin log hoy, sin mensajes pendientes)
[2026-08-02 07:25:01] OK (sin log hoy, sin mensajes pendientes)
[2026-08-02 07:30:01] OK (sin log hoy, sin mensajes pendientes)
[2026-08-02 07:35:01] OK (sin log hoy, sin mensajes pendientes)
[2026-08-02 07:40:02] OK (sin log hoy, sin mensajes pendientes)
[2026-08-02 07:45:01] OK (sin log hoy, sin mensajes pendientes)
[2026-08-02 07:50:01] OK (sin log hoy, sin mensajes pendientes)
[2026-08-02 07:55:01] OK (sin log hoy, sin mensajes pendientes)
[2026-08-02 08:00:02] OK (sin log hoy, sin mensajes pendientes)
[2026-08-02 08:05:01] OK (sin mensajes del usuario hoy)
[2026-08-02 08:10:01] OK (sin mensajes del usuario hoy)
[2026-08-02 08:15:01] OK (sin mensajes del usuario hoy)
[2026-08-02 08:20:01] OK (sin mensajes del usuario hoy)
[2026-08-02 08:25:01] OK (sin mensajes del usuario hoy)
[2026-08-02 08:30:01] OK (sin mensajes del usuario hoy)
[2026-08-02 08:35:01] OK (sin mensajes del usuario hoy)
[2026-08-02 08:40:01] OK (sin mensajes del usuario hoy)
[2026-08-02 08:45:01] OK (sin mensajes del usuario hoy)
[2026-08-02 08:50:01] OK (sin mensajes del usuario hoy)
[2026-08-02 08:55:01] OK (sin mensajes del usuario hoy)
[2026-08-02 09:00:02] OK (sin mensajes del usuario hoy)
[2026-08-02 09:05:01] OK (sin mensajes del usuario hoy)
[2026-08-02 09:10:01] OK (sin mensajes del usuario hoy)
[2026-08-02 09:15:01] OK (sin mensajes del usuario hoy)
[2026-08-02 09:20:01] OK (sin mensajes del usuario hoy)
[2026-08-02 09:25:02] OK (sin mensajes del usuario hoy)
[2026-08-02 09:30:01] OK (sin mensajes del usuario hoy)
[2026-08-02 09:35:01] OK (sin mensajes del usuario hoy)
[2026-08-02 09:40:01] OK (sin mensajes del usuario hoy)
[2026-08-02 09:45:02] OK (sin mensajes del usuario hoy)
[2026-08-02 09:50:01] OK (sin mensajes del usuario hoy)
[2026-08-02 09:55:01] OK (sin mensajes del usuario hoy)
[2026-08-02 10:00:01] OK (sin mensajes del usuario hoy)
[2026-08-02 10:05:01] OK (sin mensajes del usuario hoy)
[2026-08-02 10:10:01] OK (sin mensajes del usuario hoy)
[2026-08-02 10:15:01] OK (sin mensajes del usuario hoy)
[2026-08-02 10:20:01] OK (sin mensajes del usuario hoy)
[2026-08-02 10:25:01] OK (sin mensajes del usuario hoy)
[2026-08-02 10:30:02] OK (sin mensajes del usuario hoy)
[2026-08-02 10:35:01] OK (sin mensajes del usuario hoy)
[2026-08-02 10:40:01] OK (sin mensajes del usuario hoy)
[2026-08-02 10:45:02] OK (sin mensajes del usuario hoy)
[2026-08-02 10:50:01] OK (sin mensajes del usuario hoy)
[2026-08-02 10:55:01] OK (sin mensajes del usuario hoy)
[2026-08-02 11:00:01] OK (sin mensajes del usuario hoy)
[2026-08-02 11:05:01] OK (sin mensajes del usuario hoy)
[2026-08-02 11:10:01] OK (sin mensajes del usuario hoy)
[2026-08-02 11:15:01] OK (respuesta enviada correctamente)
[2026-08-02 11:20:01] OK (respuesta enviada correctamente)
[2026-08-02 11:25:01] OK (respuesta enviada correctamente)
[2026-08-02 11:30:01] OK (respuesta enviada correctamente)
[2026-08-02 11:35:02] OK (respuesta enviada correctamente)
[2026-08-02 11:40:01] OK (respuesta enviada correctamente)
[2026-08-02 11:45:01] OK (respuesta enviada correctamente)
[2026-08-02 11:50:01] OK (respuesta enviada correctamente)
[2026-08-02 11:55:01] OK (respuesta enviada correctamente)
[2026-08-02 12:00:02] OK (respuesta enviada correctamente)
[2026-08-02 12:05:01] OK (respuesta enviada correctamente)
[2026-08-02 12:10:01] OK (respuesta enviada correctamente)
[2026-08-02 12:15:01] OK (respuesta enviada correctamente)
[2026-08-02 12:20:01] OK (respuesta enviada correctamente)
[2026-08-02 12:25:01] OK (respuesta enviada correctamente)
[2026-08-02 12:30:01] OK (respuesta enviada correctamente)
[2026-08-02 12:35:02] OK (respuesta enviada correctamente)
[2026-08-02 12:40:01] OK (respuesta enviada correctamente)
[2026-08-02 12:45:01] OK (respuesta enviada correctamente)
[2026-08-02 12:50:01] OK (respuesta enviada correctamente)
[2026-08-02 12:55:01] OK (respuesta enviada correctamente)
[2026-08-02 13:00:01] OK (respuesta enviada correctamente)
[2026-08-02 13:05:01] OK (respuesta enviada correctamente)
[2026-08-02 13:10:01] OK (respuesta enviada correctamente)
[2026-08-02 13:15:01] OK (respuesta enviada correctamente)
[2026-08-02 13:20:01] OK (respuesta enviada correctamente)
[2026-08-02 13:25:01] OK (respuesta enviada correctamente)
[2026-08-02 13:30:01] OK (respuesta enviada correctamente)
[2026-08-02 13:35:01] OK (respuesta enviada correctamente)
[2026-08-02 13:40:01] OK (respuesta enviada correctamente)
[2026-08-02 13:45:01] OK (respuesta enviada correctamente)
[2026-08-02 13:50:01] OK (respuesta enviada correctamente)
[2026-08-02 13:55:01] OK (respuesta enviada correctamente)
[2026-08-02 14:00:01] OK (respuesta enviada correctamente)
[2026-08-02 14:05:01] OK (respuesta enviada correctamente)
[2026-08-02 14:10:01] OK (respuesta enviada correctamente)
[2026-08-02 14:15:01] OK (respuesta enviada correctamente)
[2026-08-02 14:20:01] OK (respuesta enviada correctamente)
[2026-08-02 14:25:02] OK (respuesta enviada correctamente)
[2026-08-02 14:30:01] OK (respuesta enviada correctamente)
[2026-08-02 14:35:01] OK (respuesta enviada correctamente)
[2026-08-02 14:40:01] OK (respuesta enviada correctamente)
[2026-08-02 14:45:01] OK (respuesta enviada correctamente)
[2026-08-02 14:50:01] OK (respuesta enviada correctamente)
[2026-08-02 14:55:01] OK (respuesta enviada correctamente)
[2026-08-02 15:00:01] OK (respuesta enviada correctamente)
[2026-08-02 15:05:01] OK (respuesta enviada correctamente)
[2026-08-02 15:10:01] OK (respuesta enviada correctamente)
[2026-08-02 15:15:02] OK (respuesta enviada correctamente)
[2026-08-02 15:20:01] OK (respuesta enviada correctamente)
[2026-08-02 15:25:01] OK (respuesta enviada correctamente)
[2026-08-02 15:30:01] OK (respuesta enviada correctamente)
[2026-08-02 15:35:01] OK (respuesta enviada correctamente)
[2026-08-02 15:40:01] OK (respuesta enviada correctamente)
[2026-08-02 15:45:01] OK (respuesta enviada correctamente)
[2026-08-02 15:50:01] OK (respuesta enviada correctamente)
[2026-08-02 15:55:01] OK (respuesta enviada correctamente)
[2026-08-02 16:00:01] OK (respuesta enviada correctamente)
[2026-08-02 16:05:01] OK (respuesta enviada correctamente)
[2026-08-02 16:10:01] OK (respuesta enviada correctamente)
[2026-08-02 16:15:02] OK (respuesta enviada correctamente)
[2026-08-02 16:20:01] OK (respuesta enviada correctamente)
[2026-08-02 16:25:01] OK (respuesta enviada correctamente)
[2026-08-02 16:30:01] OK (respuesta enviada correctamente)
[2026-08-02 16:35:01] OK (respuesta enviada correctamente)
[2026-08-02 16:40:02] OK (respuesta enviada correctamente)
[2026-08-02 16:45:01] OK (respuesta enviada correctamente)
[2026-08-02 16:50:01] OK (respuesta enviada correctamente)
[2026-08-02 16:55:01] OK (respuesta enviada correctamente)
[2026-08-02 17:00:01] OK (respuesta enviada correctamente)
[2026-08-02 17:05:01] OK (respuesta enviada correctamente)
[2026-08-02 17:10:01] OK (respuesta enviada correctamente)
[2026-08-02 17:15:01] OK (respuesta enviada correctamente)
[2026-08-02 17:20:01] OK (respuesta enviada correctamente)
[2026-08-02 17:25:01] OK (respuesta enviada correctamente)
[2026-08-02 17:30:01] OK (respuesta enviada correctamente)
[2026-08-02 17:35:01] OK (respuesta enviada correctamente)
[2026-08-02 17:40:01] OK (respuesta enviada correctamente)
[2026-08-02 17:45:01] OK (respuesta enviada correctamente)
[2026-08-02 17:50:01] OK (respuesta enviada correctamente)
[2026-08-02 17:55:01] OK (respuesta enviada correctamente)
[2026-08-02 18:00:01] OK (respuesta enviada correctamente)
[2026-08-02 18:05:02] OK (respuesta enviada correctamente)
[2026-08-02 18:10:01] OK (respuesta enviada correctamente)
[2026-08-02 18:15:01] OK (respuesta enviada correctamente)
[2026-08-02 18:20:01] OK (respuesta enviada correctamente)
[2026-08-02 18:25:01] OK (respuesta enviada correctamente)
[2026-08-02 18:30:01] OK (respuesta enviada correctamente)
[2026-08-02 18:35:01] OK (respuesta enviada correctamente)
[2026-08-02 18:40:01] OK (respuesta enviada correctamente)
[2026-08-02 18:45:01] OK (respuesta enviada correctamente)
[2026-08-02 18:50:01] OK (respuesta enviada correctamente)
[2026-08-02 18:55:01] OK (respuesta enviada correctamente)
[2026-08-02 19:00:01] OK (respuesta enviada correctamente)
[2026-08-02 19:05:01] OK (respuesta enviada correctamente)
[2026-08-02 19:10:01] OK (respuesta enviada correctamente)
[2026-08-02 19:15:01] OK (respuesta enviada correctamente)
[2026-08-02 19:20:01] OK (respuesta enviada correctamente)
[2026-08-02 19:25:01] OK (respuesta enviada correctamente)
[2026-08-02 19:30:01] OK (respuesta enviada correctamente)
[2026-08-02 19:35:01] OK (respuesta enviada correctamente)
[2026-08-02 19:40:01] OK (respuesta enviada correctamente)
[2026-08-02 19:45:01] OK (respuesta enviada correctamente)
[2026-08-02 19:50:01] OK (respuesta enviada correctamente)
[2026-08-02 19:55:02] OK (respuesta enviada correctamente)
[2026-08-02 20:00:01] OK (respuesta enviada correctamente)
[2026-08-02 20:05:01] OK (respuesta enviada correctamente)
[2026-08-02 20:10:01] OK (respuesta enviada correctamente)
[2026-08-02 20:15:02] OK (respuesta enviada correctamente)
[2026-08-02 20:20:01] OK (respuesta enviada correctamente)
[2026-08-02 20:25:01] OK (respuesta enviada correctamente)
[2026-08-02 20:30:02] OK (respuesta enviada correctamente)
[2026-08-02 20:35:01] OK (respuesta enviada correctamente)
[2026-08-02 20:40:01] OK (respuesta enviada correctamente)
[2026-08-02 20:45:01] OK (respuesta enviada correctamente)
[2026-08-02 20:50:01] OK (respuesta enviada correctamente)
[2026-08-02 20:55:01] OK (respuesta enviada correctamente)
[2026-08-02 21:00:01] OK (respuesta enviada correctamente)
[2026-08-02 21:05:01] OK (respuesta enviada correctamente)
[2026-08-02 21:10:01] OK (respuesta enviada correctamente)
[2026-08-02 21:15:01] OK (respuesta enviada correctamente)
[2026-08-02 21:20:01] OK (respuesta enviada correctamente)
[2026-08-02 21:25:01] OK (respuesta enviada correctamente)
[2026-08-02 21:30:01] OK (respuesta enviada correctamente)
[2026-08-02 21:35:01] OK (respuesta enviada correctamente)
[2026-08-02 21:40:01] OK (respuesta enviada correctamente)
[2026-08-02 21:45:01] OK (respuesta enviada correctamente)
[2026-08-02 21:50:01] OK (respuesta enviada correctamente)
[2026-08-02 21:55:01] OK (respuesta enviada correctamente)
[2026-08-02 22:00:02] OK (respuesta enviada correctamente)
[2026-08-02 22:05:01] OK (respuesta enviada correctamente)
[2026-08-02 22:10:01] OK (respuesta enviada correctamente)
[2026-08-02 22:15:01] OK (respuesta enviada correctamente)
[2026-08-02 22:20:01] OK (respuesta enviada correctamente)
[2026-08-02 22:25:02] OK (respuesta enviada correctamente)
[2026-08-02 22:30:01] OK (respuesta enviada correctamente)
[2026-08-02 22:35:01] OK (respuesta enviada correctamente)
[2026-08-02 22:40:01] OK (respuesta enviada correctamente)
[2026-08-02 22:45:01] OK (respuesta enviada correctamente)
[2026-08-02 22:50:01] OK (respuesta enviada correctamente)
[2026-08-02 22:55:01] OK (respuesta enviada correctamente)
[2026-08-02 23:00:01] OK (respuesta enviada correctamente)
[2026-08-02 23:05:01] OK (respuesta enviada correctamente)
[2026-08-02 23:10:01] OK (respuesta enviada correctamente)
[2026-08-02 23:15:01] OK (respuesta enviada correctamente)
[2026-08-02 23:20:01] OK (respuesta enviada correctamente)
[2026-08-02 23:25:01] OK (respuesta enviada correctamente)
[2026-08-02 23:30:01] OK (respuesta enviada correctamente)
[2026-08-02 23:35:01] OK (respuesta enviada correctamente)
[2026-08-02 23:40:01] OK (respuesta enviada correctamente)
[2026-08-02 23:45:01] OK (respuesta enviada correctamente)
[2026-08-02 23:50:01] OK (respuesta enviada correctamente)
[2026-08-02 23:55:01] OK (respuesta enviada correctamente)
[2026-08-03 00:00:01] OK (sin log hoy, sin mensajes pendientes)
[2026-08-03 00:05:01] OK (sin log hoy, sin mensajes pendientes)
[2026-08-03 00:10:01] OK (sin log hoy, sin mensajes pendientes)
[2026-08-03 00:15:01] OK (sin log hoy, sin mensajes pendientes)
[2026-08-03 00:20:01] OK (sin log hoy, sin mensajes pendientes)
[2026-08-03 00:25:01] OK (sin log hoy, sin mensajes pendientes)
[2026-08-03 00:30:01] OK (sin log hoy, sin mensajes pendientes)
[2026-08-03 00:35:01] OK (sin log hoy, sin mensajes pendientes)
[2026-08-03 00:40:01] OK (sin log hoy, sin mensajes pendientes)
[2026-08-03 00:45:01] OK (sin log hoy, sin mensajes pendientes)
[2026-08-03 00:50:01] OK (sin log hoy, sin mensajes pendientes)
[2026-08-03 00:55:01] OK (sin log hoy, sin mensajes pendientes)
[2026-08-03 01:00:01] OK (sin log hoy, sin mensajes pendientes)
[2026-08-03 01:05:01] OK (sin log hoy, sin mensajes pendientes)
[2026-08-03 01:10:01] OK (sin log hoy, sin mensajes pendientes)
[2026-08-03 01:15:01] OK (sin log hoy, sin mensajes pendientes)
[2026-08-03 01:20:01] OK (sin log hoy, sin mensajes pendientes)
[2026-08-03 01:25:01] OK (sin log hoy, sin mensajes pendientes)
[2026-08-03 01:30:01] OK (sin log hoy, sin mensajes pendientes)
[2026-08-03 01:35:01] OK (sin log hoy, sin mensajes pendientes)
[2026-08-03 01:40:01] OK (sin log hoy, sin mensajes pendientes)
[2026-08-03 01:45:01] OK (sin log hoy, sin mensajes pendientes)
[2026-08-03 01:50:01] OK (sin log hoy, sin mensajes pendientes)
[2026-08-03 01:55:01] OK (sin log hoy, sin mensajes pendientes)
[2026-08-03 02:00:01] OK (sin log hoy, sin mensajes pendientes)
[2026-08-03 02:05:01] OK (sin log hoy, sin mensajes pendientes)
[2026-08-03 02:10:01] OK (sin log hoy, sin mensajes pendientes)
[2026-08-03 02:15:01] OK (sin log hoy, sin mensajes pendientes)
[2026-08-03 02:20:01] OK (sin log hoy, sin mensajes pendientes)
[2026-08-03 02:25:01] OK (sin log hoy, sin mensajes pendientes)
[2026-08-03 02:30:01] OK (sin log hoy, sin mensajes pendientes)
[2026-08-03 02:35:01] OK (sin log hoy, sin mensajes pendientes)
[2026-08-03 02:40:01] OK (sin log hoy, sin mensajes pendientes)
[2026-08-03 02:45:01] OK (sin log hoy, sin mensajes pendientes)
[2026-08-03 02:50:01] OK (sin log hoy, sin mensajes pendientes)
[2026-08-03 02:55:01] OK (sin log hoy, sin mensajes pendientes)
[2026-08-03 03:00:02] OK (sin log hoy, sin mensajes pendientes)
[2026-08-03 03:05:01] OK (sin log hoy, sin mensajes pendientes)
[2026-08-03 03:10:01] OK (sin log hoy, sin mensajes pendientes)
[2026-08-03 03:15:01] OK (sin log hoy, sin mensajes pendientes)
[2026-08-03 03:20:01] OK (sin log hoy, sin mensajes pendientes)
[2026-08-03 03:25:01] OK (sin log hoy, sin mensajes pendientes)
[2026-08-03 03:30:01] OK (sin log hoy, sin mensajes pendientes)
[2026-08-03 03:35:01] OK (sin log hoy, sin mensajes pendientes)
[2026-08-03 03:40:02] OK (sin log hoy, sin mensajes pendientes)
[2026-08-03 03:45:01] OK (sin log hoy, sin mensajes pendientes)
[2026-08-03 03:50:01] OK (sin log hoy, sin mensajes pendientes)
[2026-08-03 03:55:01] OK (sin log hoy, sin mensajes pendientes)
[2026-08-03 04:00:01] OK (sin log hoy, sin mensajes pendientes)
[2026-08-03 04:05:01] OK (sin log hoy, sin mensajes pendientes)
[2026-08-03 04:10:02] OK (sin log hoy, sin mensajes pendientes)
[2026-08-03 04:15:01] OK (sin log hoy, sin mensajes pendientes)
[2026-08-03 04:20:01] OK (sin log hoy, sin mensajes pendientes)
[2026-08-03 04:25:01] OK (sin log hoy, sin mensajes pendientes)
[2026-08-03 04:30:01] OK (sin log hoy, sin mensajes pendientes)
[2026-08-03 04:35:01] OK (sin log hoy, sin mensajes pendientes)
[2026-08-03 04:40:01] OK (sin log hoy, sin mensajes pendientes)
[2026-08-03 04:45:01] OK (sin log hoy, sin mensajes pendientes)
[2026-08-03 04:50:01] OK (sin log hoy, sin mensajes pendientes)
[2026-08-03 04:55:01] OK (sin log hoy, sin mensajes pendientes)
[2026-08-03 05:00:01] OK (sin log hoy, sin mensajes pendientes)
[2026-08-03 05:05:01] OK (sin log hoy, sin mensajes pendientes)
[2026-08-03 05:10:01] OK (sin log hoy, sin mensajes pendientes)
[2026-08-03 05:15:01] OK (sin log hoy, sin mensajes pendientes)
[2026-08-03 05:20:01] OK (sin log hoy, sin mensajes pendientes)
[2026-08-03 05:25:01] OK (sin log hoy, sin mensajes pendientes)
[2026-08-03 05:30:01] OK (sin log hoy, sin mensajes pendientes)
[2026-08-03 05:35:01] OK (sin log hoy, sin mensajes pendientes)
[2026-08-03 05:40:01] OK (sin log hoy, sin mensajes pendientes)
[2026-08-03 05:45:01] OK (sin log hoy, sin mensajes pendientes)
[2026-08-03 05:50:01] OK (sin log hoy, sin mensajes pendientes)
[2026-08-03 05:55:01] OK (sin log hoy, sin mensajes pendientes)
[2026-08-03 06:00:01] OK (sin log hoy, sin mensajes pendientes)
[2026-08-03 06:05:01] OK (sin log hoy, sin mensajes pendientes)
[2026-08-03 06:10:01] OK (sin log hoy, sin mensajes pendientes)
[2026-08-03 06:15:01] OK (sin log hoy, sin mensajes pendientes)
[2026-08-03 06:20:01] OK (sin log hoy, sin mensajes pendientes)
[2026-08-03 06:25:01] OK (sin log hoy, sin mensajes pendientes)
[2026-08-03 06:30:01] OK (sin log hoy, sin mensajes pendientes)
[2026-08-03 06:35:01] OK (sin log hoy, sin mensajes pendientes)
[2026-08-03 06:40:01] OK (sin log hoy, sin mensajes pendientes)
[2026-08-03 06:45:01] OK (sin log hoy, sin mensajes pendientes)
[2026-08-03 06:50:01] OK (sin log hoy, sin mensajes pendientes)
[2026-08-03 06:55:01] OK (sin log hoy, sin mensajes pendientes)
[2026-08-03 07:00:01] OK (sin log hoy, sin mensajes pendientes)
[2026-08-03 07:05:01] OK (sin log hoy, sin mensajes pendientes)
[2026-08-03 07:10:01] OK (sin log hoy, sin mensajes pendientes)
[2026-08-03 07:15:01] OK (sin log hoy, sin mensajes pendientes)
[2026-08-03 07:20:01] OK (sin log hoy, sin mensajes pendientes)
[2026-08-03 07:25:01] OK (sin log hoy, sin mensajes pendientes)
[2026-08-03 07:30:02] OK (sin log hoy, sin mensajes pendientes)
[2026-08-03 07:35:01] OK (sin log hoy, sin mensajes pendientes)
[2026-08-03 07:40:01] OK (sin log hoy, sin mensajes pendientes)
[2026-08-03 07:45:01] OK (sin log hoy, sin mensajes pendientes)
[2026-08-03 07:50:01] OK (sin log hoy, sin mensajes pendientes)
[2026-08-03 07:55:01] OK (sin log hoy, sin mensajes pendientes)
[2026-08-03 08:00:01] OK (sin log hoy, sin mensajes pendientes)
[2026-08-03 08:05:01] OK (sin mensajes del usuario hoy)
[2026-08-03 08:10:01] OK (sin mensajes del usuario hoy)
[2026-08-03 08:15:01] OK (sin mensajes del usuario hoy)
[2026-08-03 08:20:01] OK (sin mensajes del usuario hoy)
[2026-08-03 08:25:01] OK (sin mensajes del usuario hoy)
[2026-08-03 08:30:02] OK (sin mensajes del usuario hoy)
[2026-08-03 08:35:01] OK (sin mensajes del usuario hoy)
[2026-08-03 08:40:01] OK (sin mensajes del usuario hoy)
[2026-08-03 08:45:01] OK (sin mensajes del usuario hoy)
[2026-08-03 08:50:01] OK (sin mensajes del usuario hoy)
[2026-08-03 08:55:01] OK (sin mensajes del usuario hoy)
[2026-08-03 09:00:02] OK (sin mensajes del usuario hoy)
[2026-08-03 09:05:01] OK (sin mensajes del usuario hoy)
[2026-08-03 09:10:01] OK (sin mensajes del usuario hoy)
[2026-08-03 09:15:01] OK (sin mensajes del usuario hoy)
[2026-08-03 09:20:01] OK (sin mensajes del usuario hoy)
[2026-08-03 09:25:01] OK (sin mensajes del usuario hoy)
[2026-08-03 09:30:01] OK (sin mensajes del usuario hoy)
[2026-08-03 09:35:01] OK (sin mensajes del usuario hoy)
[2026-08-03 09:40:01] OK (sin mensajes del usuario hoy)
[2026-08-03 09:45:01] OK (sin mensajes del usuario hoy)
[2026-08-03 09:50:01] OK (sin mensajes del usuario hoy)
[2026-08-03 09:55:01] OK (sin mensajes del usuario hoy)
[2026-08-03 10:00:01] OK (sin mensajes del usuario hoy)
[2026-08-03 10:05:01] OK (sin mensajes del usuario hoy)
[2026-08-03 10:10:01] OK (sin mensajes del usuario hoy)
[2026-08-03 10:15:01] OK (sin mensajes del usuario hoy)
[2026-08-03 10:20:01] OK (sin mensajes del usuario hoy)
[2026-08-03 10:25:01] OK (sin mensajes del usuario hoy)
[2026-08-03 10:30:01] OK (sin mensajes del usuario hoy)
[2026-08-03 10:35:02] OK (sin mensajes del usuario hoy)
[2026-08-03 10:40:01] OK (sin mensajes del usuario hoy)
[2026-08-03 10:45:01] OK (sin mensajes del usuario hoy)
[2026-08-03 10:50:01] OK (sin mensajes del usuario hoy)
[2026-08-03 10:55:01] OK (sin mensajes del usuario hoy)
[2026-08-03 11:00:01] OK (sin mensajes del usuario hoy)
[2026-08-03 11:05:01] OK (sin mensajes del usuario hoy)
[2026-08-03 11:10:01] OK (sin mensajes del usuario hoy)
[2026-08-03 11:15:01] OK (sin mensajes del usuario hoy)
[2026-08-03 11:20:01] OK (sin mensajes del usuario hoy)
[2026-08-03 11:25:01] OK (sin mensajes del usuario hoy)
[2026-08-03 11:30:01] OK (sin mensajes del usuario hoy)
[2026-08-03 11:35:01] OK (sin mensajes del usuario hoy)
[2026-08-03 11:40:01] OK (sin mensajes del usuario hoy)
[2026-08-03 11:45:01] OK (sin mensajes del usuario hoy)
[2026-08-03 11:50:01] OK (sin mensajes del usuario hoy)
[2026-08-03 11:55:01] OK (sin mensajes del usuario hoy)
[2026-08-03 12:00:01] OK (sin mensajes del usuario hoy)
[2026-08-03 12:05:01] OK (sin mensajes del usuario hoy)
[2026-08-03 12:10:01] OK (sin mensajes del usuario hoy)
[2026-08-03 12:15:02] OK (sin mensajes del usuario hoy)
[2026-08-03 12:20:01] OK (sin mensajes del usuario hoy)
[2026-08-03 12:25:01] OK (sin mensajes del usuario hoy)
[2026-08-03 12:30:02] OK (sin mensajes del usuario hoy)
[2026-08-03 12:35:01] OK (sin mensajes del usuario hoy)
[2026-08-03 12:40:01] OK (sin mensajes del usuario hoy)
[2026-08-03 12:45:01] OK (sin mensajes del usuario hoy)
[2026-08-03 12:50:01] OK (sin mensajes del usuario hoy)
[2026-08-03 12:55:01] OK (sin mensajes del usuario hoy)
[2026-08-03 13:00:01] OK (sin mensajes del usuario hoy)
[2026-08-03 13:05:01] OK (sin mensajes del usuario hoy)
[2026-08-03 13:10:01] OK (sin mensajes del usuario hoy)
[2026-08-03 13:15:01] OK (sin mensajes del usuario hoy)
[2026-08-03 13:20:01] OK (sin mensajes del usuario hoy)
[2026-08-03 13:25:01] OK (sin mensajes del usuario hoy)
[2026-08-03 13:30:01] OK (sin mensajes del usuario hoy)
[2026-08-03 13:35:01] OK (sin mensajes del usuario hoy)
[2026-08-03 13:40:01] OK (respuesta enviada correctamente)
[2026-08-03 13:45:01] OK (mensaje hace 2 min, dentro del límite)
[2026-08-03 13:50:01] REINICIO: mensaje sin respuesta hace 7 min — reiniciando sesión george
[2026-08-03 13:50:01] REINICIO: sesión george recreada
[2026-08-03 13:55:01] OK (respuesta enviada correctamente)
[2026-08-03 14:00:01] OK (mensaje hace 1 min, dentro del límite)
[2026-08-03 14:05:01] REINICIO: mensaje sin respuesta hace 5 min — reiniciando sesión george
[2026-08-03 14:05:01] REINICIO: sesión george recreada
[2026-08-03 14:10:01] OK (respuesta enviada correctamente)
[2026-08-03 14:15:01] OK (respuesta enviada correctamente)
[2026-08-03 14:20:01] OK (respuesta enviada correctamente)
[2026-08-03 14:25:01] OK (respuesta enviada correctamente)
[2026-08-03 14:30:01] OK (respuesta enviada correctamente)
[2026-08-03 14:35:01] OK (respuesta enviada correctamente)
[2026-08-03 14:40:01] OK (respuesta enviada correctamente)
[2026-08-03 14:45:01] OK (respuesta enviada correctamente)
[2026-08-03 14:50:01] OK (respuesta enviada correctamente)
[2026-08-03 14:55:01] OK (respuesta enviada correctamente)
[2026-08-03 15:00:01] OK (respuesta enviada correctamente)
[2026-08-03 15:05:01] OK (respuesta enviada correctamente)
[2026-08-03 15:10:01] OK (respuesta enviada correctamente)
[2026-08-03 15:15:01] OK (respuesta enviada correctamente)
[2026-08-03 15:20:01] OK (respuesta enviada correctamente)
[2026-08-03 15:25:01] OK (respuesta enviada correctamente)
[2026-08-03 15:30:01] OK (respuesta enviada correctamente)
[2026-08-03 15:35:01] OK (respuesta enviada correctamente)
[2026-08-03 15:40:01] OK (respuesta enviada correctamente)
[2026-08-03 15:45:01] OK (respuesta enviada correctamente)
[2026-08-03 15:50:01] OK (respuesta enviada correctamente)
[2026-08-03 15:55:01] OK (respuesta enviada correctamente)
[2026-08-03 16:00:01] OK (respuesta enviada correctamente)
[2026-08-03 16:05:01] OK (respuesta enviada correctamente)
[2026-08-03 16:10:02] OK (respuesta enviada correctamente)
[2026-08-03 16:15:01] OK (respuesta enviada correctamente)
[2026-08-03 16:20:01] OK (respuesta enviada correctamente)
[2026-08-03 16:25:01] OK (respuesta enviada correctamente)
[2026-08-03 16:30:01] OK (respuesta enviada correctamente)
[2026-08-03 16:35:01] OK (respuesta enviada correctamente)
[2026-08-03 16:40:02] OK (respuesta enviada correctamente)
[2026-08-03 16:45:01] OK (respuesta enviada correctamente)
[2026-08-03 16:50:01] OK (respuesta enviada correctamente)
[2026-08-03 16:55:01] OK (respuesta enviada correctamente)
[2026-08-03 17:00:01] OK (respuesta enviada correctamente)
[2026-08-03 17:05:01] OK (respuesta enviada correctamente)
[2026-08-03 17:10:01] OK (respuesta enviada correctamente)
[2026-08-03 17:15:01] OK (respuesta enviada correctamente)
[2026-08-03 17:20:01] OK (respuesta enviada correctamente)
[2026-08-03 17:25:02] OK (respuesta enviada correctamente)
[2026-08-03 17:30:01] OK (respuesta enviada correctamente)
[2026-08-03 17:35:01] OK (respuesta enviada correctamente)
[2026-08-03 17:40:01] OK (respuesta enviada correctamente)
[2026-08-03 17:45:01] OK (respuesta enviada correctamente)
[2026-08-03 17:50:01] OK (respuesta enviada correctamente)
[2026-08-03 17:55:01] OK (respuesta enviada correctamente)
[2026-08-03 18:00:01] OK (respuesta enviada correctamente)
[2026-08-03 18:05:01] OK (respuesta enviada correctamente)
[2026-08-03 18:10:01] OK (respuesta enviada correctamente)
[2026-08-03 18:15:01] OK (respuesta enviada correctamente)
[2026-08-03 18:20:01] OK (respuesta enviada correctamente)
[2026-08-03 18:25:01] OK (respuesta enviada correctamente)
[2026-08-03 18:30:02] OK (respuesta enviada correctamente)
[2026-08-03 18:35:01] OK (respuesta enviada correctamente)
[2026-08-03 18:40:01] OK (respuesta enviada correctamente)
[2026-08-03 18:45:02] OK (respuesta enviada correctamente)
[2026-08-03 18:50:01] OK (respuesta enviada correctamente)
[2026-08-03 18:55:01] OK (respuesta enviada correctamente)
[2026-08-03 19:00:01] OK (respuesta enviada correctamente)
[2026-08-03 19:05:01] OK (respuesta enviada correctamente)
[2026-08-03 19:10:01] OK (respuesta enviada correctamente)
[2026-08-03 19:15:01] OK (respuesta enviada correctamente)
[2026-08-03 19:20:01] OK (respuesta enviada correctamente)
[2026-08-03 19:25:01] OK (respuesta enviada correctamente)
[2026-08-03 19:30:01] OK (respuesta enviada correctamente)
[2026-08-03 19:35:01] OK (respuesta enviada correctamente)
[2026-08-03 19:40:01] OK (respuesta enviada correctamente)
[2026-08-03 19:45:01] OK (respuesta enviada correctamente)
[2026-08-03 19:50:01] OK (respuesta enviada correctamente)
[2026-08-03 19:55:01] OK (respuesta enviada correctamente)
[2026-08-03 20:00:01] OK (respuesta enviada correctamente)
[2026-08-03 20:05:01] OK (respuesta enviada correctamente)
[2026-08-03 20:10:01] OK (respuesta enviada correctamente)
[2026-08-03 20:15:01] OK (respuesta enviada correctamente)
[2026-08-03 20:20:01] OK (respuesta enviada correctamente)
[2026-08-03 20:25:01] OK (respuesta enviada correctamente)
[2026-08-03 20:30:01] OK (respuesta enviada correctamente)
[2026-08-03 20:35:01] OK (respuesta enviada correctamente)
[2026-08-03 20:40:01] OK (respuesta enviada correctamente)
[2026-08-03 20:45:01] OK (respuesta enviada correctamente)
[2026-08-03 20:50:01] OK (respuesta enviada correctamente)
[2026-08-03 20:55:01] OK (respuesta enviada correctamente)
[2026-08-03 21:00:01] OK (respuesta enviada correctamente)
[2026-08-03 21:05:01] OK (respuesta enviada correctamente)
[2026-08-03 21:10:01] OK (respuesta enviada correctamente)
[2026-08-03 21:15:01] OK (respuesta enviada correctamente)
[2026-08-03 21:20:01] OK (respuesta enviada correctamente)
[2026-08-03 21:25:01] OK (respuesta enviada correctamente)
[2026-08-03 21:30:01] OK (respuesta enviada correctamente)
[2026-08-03 21:35:01] OK (respuesta enviada correctamente)
[2026-08-03 21:40:01] OK (respuesta enviada correctamente)
[2026-08-03 21:45:01] OK (respuesta enviada correctamente)
[2026-08-03 21:50:01] OK (respuesta enviada correctamente)
[2026-08-03 21:55:01] OK (respuesta enviada correctamente)
[2026-08-03 22:00:01] OK (respuesta enviada correctamente)
[2026-08-03 22:05:01] OK (respuesta enviada correctamente)
[2026-08-03 22:10:01] OK (respuesta enviada correctamente)
[2026-08-03 22:15:01] OK (respuesta enviada correctamente)
[2026-08-03 22:20:01] OK (respuesta enviada correctamente)
[2026-08-03 22:25:02] OK (respuesta enviada correctamente)
[2026-08-03 22:30:01] OK (respuesta enviada correctamente)
[2026-08-03 22:35:01] OK (respuesta enviada correctamente)
[2026-08-03 22:40:01] OK (respuesta enviada correctamente)
[2026-08-03 22:45:02] OK (respuesta enviada correctamente)
[2026-08-03 22:50:01] OK (respuesta enviada correctamente)
[2026-08-03 22:55:01] OK (respuesta enviada correctamente)
[2026-08-03 23:00:01] OK (respuesta enviada correctamente)
[2026-08-03 23:05:01] OK (respuesta enviada correctamente)
[2026-08-03 23:10:01] OK (respuesta enviada correctamente)
[2026-08-03 23:15:01] OK (respuesta enviada correctamente)
[2026-08-03 23:20:01] OK (respuesta enviada correctamente)
[2026-08-03 23:25:01] OK (respuesta enviada correctamente)
[2026-08-03 23:30:01] OK (respuesta enviada correctamente)
[2026-08-03 23:35:01] OK (respuesta enviada correctamente)
[2026-08-03 23:40:02] OK (respuesta enviada correctamente)
[2026-08-03 23:45:01] OK (respuesta enviada correctamente)
[2026-08-03 23:50:01] OK (respuesta enviada correctamente)
[2026-08-03 23:55:01] OK (respuesta enviada correctamente)
[2026-08-04 00:00:02] OK (sin log hoy, sin mensajes pendientes)
[2026-08-04 00:05:01] OK (sin log hoy, sin mensajes pendientes)
[2026-08-04 00:10:01] OK (sin log hoy, sin mensajes pendientes)
[2026-08-04 00:15:01] OK (sin log hoy, sin mensajes pendientes)
[2026-08-04 00:20:01] OK (sin log hoy, sin mensajes pendientes)
[2026-08-04 00:25:01] OK (sin log hoy, sin mensajes pendientes)
[2026-08-04 00:30:01] OK (sin log hoy, sin mensajes pendientes)
[2026-08-04 00:35:01] OK (sin log hoy, sin mensajes pendientes)
[2026-08-04 00:40:01] OK (sin log hoy, sin mensajes pendientes)
[2026-08-04 00:45:01] OK (sin log hoy, sin mensajes pendientes)
[2026-08-04 00:50:01] OK (sin log hoy, sin mensajes pendientes)
[2026-08-04 00:55:01] OK (sin log hoy, sin mensajes pendientes)
[2026-08-04 01:00:01] OK (sin log hoy, sin mensajes pendientes)
[2026-08-04 01:05:01] OK (sin log hoy, sin mensajes pendientes)
[2026-08-04 01:10:01] OK (sin log hoy, sin mensajes pendientes)
[2026-08-04 01:15:01] OK (sin log hoy, sin mensajes pendientes)
[2026-08-04 01:20:02] OK (sin log hoy, sin mensajes pendientes)
[2026-08-04 01:25:01] OK (sin log hoy, sin mensajes pendientes)
[2026-08-04 01:30:01] OK (sin log hoy, sin mensajes pendientes)
[2026-08-04 01:35:01] OK (sin log hoy, sin mensajes pendientes)
[2026-08-04 01:40:01] OK (sin log hoy, sin mensajes pendientes)
[2026-08-04 01:45:01] OK (sin log hoy, sin mensajes pendientes)
[2026-08-04 01:50:01] OK (sin log hoy, sin mensajes pendientes)
[2026-08-04 01:55:01] OK (sin log hoy, sin mensajes pendientes)
[2026-08-04 02:00:01] OK (sin log hoy, sin mensajes pendientes)
[2026-08-04 02:05:01] OK (sin log hoy, sin mensajes pendientes)
[2026-08-04 02:10:01] OK (sin log hoy, sin mensajes pendientes)
[2026-08-04 02:15:01] OK (sin log hoy, sin mensajes pendientes)
[2026-08-04 02:20:01] OK (sin log hoy, sin mensajes pendientes)
[2026-08-04 02:25:01] OK (sin log hoy, sin mensajes pendientes)
[2026-08-04 02:30:01] OK (sin log hoy, sin mensajes pendientes)
[2026-08-04 02:35:01] OK (sin log hoy, sin mensajes pendientes)
[2026-08-04 02:40:02] OK (sin log hoy, sin mensajes pendientes)
[2026-08-04 02:45:01] OK (sin log hoy, sin mensajes pendientes)
[2026-08-04 02:50:01] OK (sin log hoy, sin mensajes pendientes)
[2026-08-04 02:55:01] OK (sin log hoy, sin mensajes pendientes)
[2026-08-04 03:00:01] OK (sin log hoy, sin mensajes pendientes)
[2026-08-04 03:05:01] OK (sin log hoy, sin mensajes pendientes)
[2026-08-04 03:10:01] OK (sin log hoy, sin mensajes pendientes)
[2026-08-04 03:15:01] OK (sin log hoy, sin mensajes pendientes)
[2026-08-04 03:20:01] OK (sin log hoy, sin mensajes pendientes)
[2026-08-04 03:25:01] OK (sin log hoy, sin mensajes pendientes)
[2026-08-04 03:30:01] OK (sin log hoy, sin mensajes pendientes)
[2026-08-04 03:35:01] OK (sin log hoy, sin mensajes pendientes)
[2026-08-04 03:40:01] OK (sin log hoy, sin mensajes pendientes)
[2026-08-04 03:45:01] OK (sin log hoy, sin mensajes pendientes)
[2026-08-04 03:50:01] OK (sin log hoy, sin mensajes pendientes)
[2026-08-04 03:55:01] OK (sin log hoy, sin mensajes pendientes)
[2026-08-04 04:00:02] OK (sin log hoy, sin mensajes pendientes)
[2026-08-04 04:05:01] OK (sin log hoy, sin mensajes pendientes)
[2026-08-04 04:10:02] OK (sin log hoy, sin mensajes pendientes)
[2026-08-04 04:15:01] OK (sin log hoy, sin mensajes pendientes)
[2026-08-04 04:20:01] OK (sin log hoy, sin mensajes pendientes)
[2026-08-04 04:25:01] OK (sin log hoy, sin mensajes pendientes)
[2026-08-04 04:30:01] OK (sin log hoy, sin mensajes pendientes)
[2026-08-04 04:35:01] OK (sin log hoy, sin mensajes pendientes)
[2026-08-04 04:40:01] OK (sin log hoy, sin mensajes pendientes)
[2026-08-04 04:45:01] OK (sin log hoy, sin mensajes pendientes)
[2026-08-04 04:50:01] OK (sin log hoy, sin mensajes pendientes)
[2026-08-04 04:55:01] OK (sin log hoy, sin mensajes pendientes)
[2026-08-04 05:00:01] OK (sin log hoy, sin mensajes pendientes)
[2026-08-04 05:05:01] OK (sin log hoy, sin mensajes pendientes)
[2026-08-04 05:10:01] OK (sin log hoy, sin mensajes pendientes)
[2026-08-04 05:15:01] OK (sin log hoy, sin mensajes pendientes)
[2026-08-04 05:20:01] OK (sin log hoy, sin mensajes pendientes)
[2026-08-04 05:25:01] OK (sin log hoy, sin mensajes pendientes)
[2026-08-04 05:30:01] OK (sin log hoy, sin mensajes pendientes)
[2026-08-04 05:35:01] OK (sin log hoy, sin mensajes pendientes)
[2026-08-04 05:40:01] OK (sin log hoy, sin mensajes pendientes)
[2026-08-04 05:45:01] OK (sin log hoy, sin mensajes pendientes)
[2026-08-04 05:50:01] OK (sin log hoy, sin mensajes pendientes)
[2026-08-04 05:55:01] OK (sin log hoy, sin mensajes pendientes)
[2026-08-04 06:00:01] OK (sin log hoy, sin mensajes pendientes)
[2026-08-04 06:05:01] OK (sin log hoy, sin mensajes pendientes)
[2026-08-04 06:10:01] OK (sin log hoy, sin mensajes pendientes)
[2026-08-04 06:15:02] OK (sin log hoy, sin mensajes pendientes)
[2026-08-04 06:20:01] OK (sin log hoy, sin mensajes pendientes)
[2026-08-04 06:25:01] OK (sin log hoy, sin mensajes pendientes)
[2026-08-04 06:30:01] OK (sin log hoy, sin mensajes pendientes)
[2026-08-04 06:35:01] OK (sin log hoy, sin mensajes pendientes)
[2026-08-04 06:40:01] OK (sin log hoy, sin mensajes pendientes)
[2026-08-04 06:45:01] OK (sin log hoy, sin mensajes pendientes)
[2026-08-04 06:50:01] OK (sin log hoy, sin mensajes pendientes)
[2026-08-04 06:55:01] OK (sin log hoy, sin mensajes pendientes)
[2026-08-04 07:00:01] OK (sin log hoy, sin mensajes pendientes)
[2026-08-04 07:05:01] OK (sin log hoy, sin mensajes pendientes)
[2026-08-04 07:10:01] OK (sin log hoy, sin mensajes pendientes)
[2026-08-04 07:15:01] OK (sin log hoy, sin mensajes pendientes)
[2026-08-04 07:20:01] OK (sin log hoy, sin mensajes pendientes)
[2026-08-04 07:25:01] OK (sin log hoy, sin mensajes pendientes)
[2026-08-04 07:30:01] OK (sin log hoy, sin mensajes pendientes)
[2026-08-04 07:35:01] OK (sin log hoy, sin mensajes pendientes)
[2026-08-04 07:40:01] OK (sin log hoy, sin mensajes pendientes)
[2026-08-04 07:45:01] OK (sin log hoy, sin mensajes pendientes)
[2026-08-04 07:50:01] OK (sin log hoy, sin mensajes pendientes)
[2026-08-04 07:55:02] OK (sin log hoy, sin mensajes pendientes)
[2026-08-04 08:00:01] OK (sin log hoy, sin mensajes pendientes)
[2026-08-04 08:05:01] OK (sin mensajes del usuario hoy)
[2026-08-04 08:10:01] OK (sin mensajes del usuario hoy)
[2026-08-04 08:15:02] OK (sin mensajes del usuario hoy)
[2026-08-04 08:20:01] OK (sin mensajes del usuario hoy)
[2026-08-04 08:25:01] OK (sin mensajes del usuario hoy)
[2026-08-04 08:30:02] OK (sin mensajes del usuario hoy)
[2026-08-04 08:35:01] OK (sin mensajes del usuario hoy)
[2026-08-04 08:40:01] OK (sin mensajes del usuario hoy)
[2026-08-04 08:45:01] OK (sin mensajes del usuario hoy)
[2026-08-04 08:50:01] OK (sin mensajes del usuario hoy)
[2026-08-04 08:55:01] OK (mensaje hace 1 min, dentro del límite)
[2026-08-04 09:00:01] OK (respuesta enviada correctamente)
[2026-08-04 09:05:01] OK (respuesta enviada correctamente)
[2026-08-04 09:10:01] OK (respuesta enviada correctamente)
[2026-08-04 09:15:01] OK (respuesta enviada correctamente)
[2026-08-04 09:20:01] OK (respuesta enviada correctamente)
[2026-08-04 09:25:01] OK (respuesta enviada correctamente)
[2026-08-04 09:30:01] OK (respuesta enviada correctamente)
[2026-08-04 09:35:01] OK (respuesta enviada correctamente)
[2026-08-04 09:40:01] OK (respuesta enviada correctamente)
[2026-08-04 09:45:01] OK (respuesta enviada correctamente)
[2026-08-04 09:50:01] OK (respuesta enviada correctamente)
[2026-08-04 09:55:01] OK (respuesta enviada correctamente)
[2026-08-04 10:00:02] OK (respuesta enviada correctamente)
[2026-08-04 10:05:01] OK (respuesta enviada correctamente)
[2026-08-04 10:10:01] OK (respuesta enviada correctamente)
[2026-08-04 10:15:01] OK (respuesta enviada correctamente)
[2026-08-04 10:20:01] OK (respuesta enviada correctamente)
[2026-08-04 10:25:01] OK (respuesta enviada correctamente)
[2026-08-04 10:30:01] OK (respuesta enviada correctamente)
[2026-08-04 10:35:01] OK (respuesta enviada correctamente)
[2026-08-04 10:40:01] OK (respuesta enviada correctamente)
[2026-08-04 10:45:02] OK (respuesta enviada correctamente)
[2026-08-04 10:50:01] OK (respuesta enviada correctamente)
[2026-08-04 10:55:01] OK (respuesta enviada correctamente)
[2026-08-04 11:00:01] OK (respuesta enviada correctamente)
[2026-08-04 11:05:01] OK (respuesta enviada correctamente)
[2026-08-04 11:10:01] OK (respuesta enviada correctamente)
[2026-08-04 11:15:01] OK (respuesta enviada correctamente)
[2026-08-04 11:20:02] OK (respuesta enviada correctamente)
[2026-08-04 11:25:02] OK (respuesta enviada correctamente)
[2026-08-04 11:30:01] OK (respuesta enviada correctamente)
[2026-08-04 11:35:01] OK (respuesta enviada correctamente)
[2026-08-04 11:40:01] OK (respuesta enviada correctamente)
[2026-08-04 11:45:01] OK (respuesta enviada correctamente)
[2026-08-04 11:50:01] OK (respuesta enviada correctamente)
[2026-08-04 11:55:02] OK (respuesta enviada correctamente)
[2026-08-04 12:00:01] OK (respuesta enviada correctamente)
[2026-08-04 12:05:01] OK (respuesta enviada correctamente)
[2026-08-04 12:10:01] OK (respuesta enviada correctamente)
[2026-08-04 12:15:02] OK (respuesta enviada correctamente)
[2026-08-04 12:20:01] OK (respuesta enviada correctamente)
[2026-08-04 12:25:01] OK (respuesta enviada correctamente)
[2026-08-04 12:30:01] OK (respuesta enviada correctamente)
[2026-08-04 12:35:01] OK (respuesta enviada correctamente)
[2026-08-04 12:40:02] OK (respuesta enviada correctamente)
[2026-08-04 12:45:01] OK (respuesta enviada correctamente)
[2026-08-04 12:50:01] OK (respuesta enviada correctamente)
[2026-08-04 12:55:01] OK (respuesta enviada correctamente)
[2026-08-04 13:00:01] OK (respuesta enviada correctamente)
[2026-08-04 13:05:01] OK (respuesta enviada correctamente)
[2026-08-04 13:10:02] OK (respuesta enviada correctamente)
[2026-08-04 13:15:01] OK (respuesta enviada correctamente)
[2026-08-04 13:20:01] OK (respuesta enviada correctamente)
[2026-08-04 13:25:01] OK (respuesta enviada correctamente)
[2026-08-04 13:30:01] OK (respuesta enviada correctamente)
[2026-08-04 13:35:02] OK (respuesta enviada correctamente)
[2026-08-04 13:40:01] OK (respuesta enviada correctamente)
[2026-08-04 13:45:01] OK (respuesta enviada correctamente)
[2026-08-04 13:50:01] OK (respuesta enviada correctamente)
[2026-08-04 13:55:01] OK (respuesta enviada correctamente)
[2026-08-04 14:00:01] OK (respuesta enviada correctamente)
[2026-08-04 14:05:01] OK (respuesta enviada correctamente)
[2026-08-04 14:10:01] OK (respuesta enviada correctamente)
[2026-08-04 14:15:01] OK (respuesta enviada correctamente)
[2026-08-04 14:20:02] OK (respuesta enviada correctamente)
[2026-08-04 14:25:02] OK (respuesta enviada correctamente)
[2026-08-04 14:30:01] OK (respuesta enviada correctamente)
[2026-08-04 14:35:01] OK (respuesta enviada correctamente)
[2026-08-04 14:40:01] OK (respuesta enviada correctamente)
[2026-08-04 14:45:01] OK (respuesta enviada correctamente)
[2026-08-04 14:50:01] OK (respuesta enviada correctamente)
[2026-08-04 14:55:01] OK (respuesta enviada correctamente)
[2026-08-04 15:00:01] OK (respuesta enviada correctamente)
[2026-08-04 15:05:01] OK (respuesta enviada correctamente)
[2026-08-04 15:10:01] OK (respuesta enviada correctamente)
[2026-08-04 15:15:01] OK (respuesta enviada correctamente)
[2026-08-04 15:20:01] OK (respuesta enviada correctamente)
[2026-08-04 15:25:01] OK (respuesta enviada correctamente)
[2026-08-04 15:30:01] OK (respuesta enviada correctamente)
[2026-08-04 15:35:02] OK (respuesta enviada correctamente)
[2026-08-04 15:40:01] OK (respuesta enviada correctamente)
[2026-08-04 15:45:01] OK (respuesta enviada correctamente)
[2026-08-04 15:50:01] OK (respuesta enviada correctamente)
[2026-08-04 15:55:01] OK (respuesta enviada correctamente)
[2026-08-04 16:00:01] OK (respuesta enviada correctamente)
[2026-08-04 16:05:01] OK (respuesta enviada correctamente)
[2026-08-04 16:10:01] OK (respuesta enviada correctamente)
[2026-08-04 16:15:01] OK (respuesta enviada correctamente)
[2026-08-04 16:20:01] OK (respuesta enviada correctamente)
[2026-08-04 16:25:01] OK (respuesta enviada correctamente)
[2026-08-04 16:30:01] OK (respuesta enviada correctamente)
[2026-08-04 16:35:01] OK (respuesta enviada correctamente)
[2026-08-04 16:40:01] OK (respuesta enviada correctamente)
[2026-08-04 16:45:01] OK (respuesta enviada correctamente)
[2026-08-04 16:50:01] OK (respuesta enviada correctamente)
[2026-08-04 16:55:01] OK (respuesta enviada correctamente)
[2026-08-04 17:00:02] OK (respuesta enviada correctamente)
[2026-08-04 17:05:01] OK (respuesta enviada correctamente)
[2026-08-04 17:10:01] OK (mensaje hace 2 min, dentro del límite)
[2026-08-04 17:15:01] OK (respuesta enviada correctamente)
[2026-08-04 17:20:01] OK (respuesta enviada correctamente)
[2026-08-04 17:25:01] OK (respuesta enviada correctamente)
[2026-08-04 17:30:01] OK (respuesta enviada correctamente)
[2026-08-04 17:35:01] OK (respuesta enviada correctamente)
[2026-08-04 17:40:01] OK (respuesta enviada correctamente)
[2026-08-04 17:45:01] OK (respuesta enviada correctamente)
[2026-08-04 17:50:01] OK (respuesta enviada correctamente)
[2026-08-04 17:55:01] OK (respuesta enviada correctamente)
[2026-08-04 18:00:02] OK (respuesta enviada correctamente)
[2026-08-04 18:05:01] OK (respuesta enviada correctamente)
[2026-08-04 18:10:01] OK (respuesta enviada correctamente)
[2026-08-04 18:15:01] OK (respuesta enviada correctamente)
[2026-08-04 18:20:01] OK (respuesta enviada correctamente)
[2026-08-04 18:25:01] OK (respuesta enviada correctamente)
[2026-08-04 18:30:01] OK (respuesta enviada correctamente)
[2026-08-04 18:35:01] OK (respuesta enviada correctamente)
[2026-08-04 18:40:01] OK (respuesta enviada correctamente)
[2026-08-04 18:45:01] OK (respuesta enviada correctamente)
[2026-08-04 18:50:01] OK (respuesta enviada correctamente)
[2026-08-04 18:55:01] OK (respuesta enviada correctamente)
[2026-08-04 19:00:01] OK (respuesta enviada correctamente)
[2026-08-04 19:05:01] OK (respuesta enviada correctamente)
[2026-08-04 19:10:01] OK (respuesta enviada correctamente)
[2026-08-04 19:15:01] OK (respuesta enviada correctamente)
[2026-08-04 19:20:01] OK (respuesta enviada correctamente)
[2026-08-04 19:25:01] OK (respuesta enviada correctamente)
[2026-08-04 19:30:01] OK (respuesta enviada correctamente)
[2026-08-04 19:35:01] OK (respuesta enviada correctamente)
[2026-08-04 19:40:01] OK (respuesta enviada correctamente)
[2026-08-04 19:45:01] OK (respuesta enviada correctamente)
[2026-08-04 19:50:02] OK (respuesta enviada correctamente)
[2026-08-04 19:55:01] OK (respuesta enviada correctamente)
[2026-08-04 20:00:01] OK (respuesta enviada correctamente)
[2026-08-04 20:05:01] OK (respuesta enviada correctamente)
[2026-08-04 20:10:01] OK (respuesta enviada correctamente)
[2026-08-04 20:15:01] OK (respuesta enviada correctamente)
[2026-08-04 20:20:01] OK (respuesta enviada correctamente)
[2026-08-04 20:25:01] OK (respuesta enviada correctamente)
[2026-08-04 20:30:01] OK (respuesta enviada correctamente)
[2026-08-04 20:35:01] OK (respuesta enviada correctamente)
[2026-08-04 20:40:01] OK (respuesta enviada correctamente)
[2026-08-04 20:45:01] OK (respuesta enviada correctamente)
[2026-08-04 20:50:01] OK (respuesta enviada correctamente)
[2026-08-04 20:55:01] OK (respuesta enviada correctamente)
[2026-08-04 21:00:01] OK (respuesta enviada correctamente)
[2026-08-04 21:05:01] OK (respuesta enviada correctamente)
[2026-08-04 21:10:01] OK (respuesta enviada correctamente)
[2026-08-04 21:15:01] OK (respuesta enviada correctamente)
[2026-08-04 21:20:02] OK (respuesta enviada correctamente)
[2026-08-04 21:25:01] OK (respuesta enviada correctamente)
[2026-08-04 21:30:01] OK (respuesta enviada correctamente)
[2026-08-04 21:35:02] OK (respuesta enviada correctamente)
[2026-08-04 21:40:01] OK (respuesta enviada correctamente)
[2026-08-04 21:45:01] OK (respuesta enviada correctamente)
[2026-08-04 21:50:01] OK (respuesta enviada correctamente)
[2026-08-04 21:55:01] OK (respuesta enviada correctamente)
[2026-08-04 22:00:01] OK (respuesta enviada correctamente)
[2026-08-04 22:05:01] OK (respuesta enviada correctamente)
[2026-08-04 22:10:01] OK (respuesta enviada correctamente)
[2026-08-04 22:15:01] OK (respuesta enviada correctamente)
[2026-08-04 22:20:01] OK (respuesta enviada correctamente)
[2026-08-04 22:25:01] OK (respuesta enviada correctamente)
[2026-08-04 22:30:01] OK (respuesta enviada correctamente)
[2026-08-04 22:35:01] OK (respuesta enviada correctamente)
[2026-08-04 22:40:01] OK (respuesta enviada correctamente)
[2026-08-04 22:45:01] OK (respuesta enviada correctamente)
[2026-08-04 22:50:01] OK (respuesta enviada correctamente)
[2026-08-04 22:55:01] OK (respuesta enviada correctamente)
[2026-08-04 23:00:01] OK (respuesta enviada correctamente)
[2026-08-04 23:05:01] OK (respuesta enviada correctamente)
[2026-08-04 23:10:01] OK (respuesta enviada correctamente)
[2026-08-04 23:15:01] OK (respuesta enviada correctamente)
[2026-08-04 23:20:01] OK (respuesta enviada correctamente)
[2026-08-04 23:25:01] OK (respuesta enviada correctamente)
[2026-08-04 23:30:01] OK (respuesta enviada correctamente)
[2026-08-04 23:35:01] OK (respuesta enviada correctamente)
[2026-08-04 23:40:02] OK (respuesta enviada correctamente)
[2026-08-04 23:45:01] OK (respuesta enviada correctamente)
[2026-08-04 23:50:01] OK (respuesta enviada correctamente)
[2026-08-04 23:55:01] OK (respuesta enviada correctamente)
[2026-08-05 00:00:02] OK (sin log hoy, sin mensajes pendientes)
[2026-08-05 00:05:01] OK (sin log hoy, sin mensajes pendientes)
[2026-08-05 00:10:01] OK (sin log hoy, sin mensajes pendientes)
[2026-08-05 00:15:01] OK (sin log hoy, sin mensajes pendientes)
[2026-08-05 00:20:02] OK (sin log hoy, sin mensajes pendientes)
[2026-08-05 00:25:01] OK (sin log hoy, sin mensajes pendientes)
[2026-08-05 00:30:01] OK (sin log hoy, sin mensajes pendientes)
[2026-08-05 00:35:01] OK (sin log hoy, sin mensajes pendientes)
[2026-08-05 00:40:01] OK (sin log hoy, sin mensajes pendientes)
[2026-08-05 00:45:01] OK (sin log hoy, sin mensajes pendientes)
[2026-08-05 00:50:01] OK (sin log hoy, sin mensajes pendientes)
[2026-08-05 00:55:01] OK (sin log hoy, sin mensajes pendientes)
[2026-08-05 01:00:01] OK (sin log hoy, sin mensajes pendientes)
[2026-08-05 01:05:01] OK (sin log hoy, sin mensajes pendientes)
[2026-08-05 01:10:01] OK (sin log hoy, sin mensajes pendientes)
[2026-08-05 01:15:01] OK (sin log hoy, sin mensajes pendientes)
[2026-08-05 01:20:01] OK (sin log hoy, sin mensajes pendientes)
[2026-08-05 01:25:01] OK (sin log hoy, sin mensajes pendientes)
[2026-08-05 01:30:01] OK (sin log hoy, sin mensajes pendientes)
[2026-08-05 01:35:01] OK (sin log hoy, sin mensajes pendientes)
[2026-08-05 01:40:02] OK (sin log hoy, sin mensajes pendientes)
[2026-08-05 01:45:01] OK (sin log hoy, sin mensajes pendientes)
[2026-08-05 01:50:01] OK (sin log hoy, sin mensajes pendientes)
[2026-08-05 01:55:01] OK (sin log hoy, sin mensajes pendientes)
[2026-08-05 02:00:01] OK (sin log hoy, sin mensajes pendientes)
[2026-08-05 02:05:01] OK (sin log hoy, sin mensajes pendientes)
[2026-08-05 02:10:01] OK (sin log hoy, sin mensajes pendientes)
[2026-08-05 02:15:01] OK (sin log hoy, sin mensajes pendientes)
[2026-08-05 02:20:01] OK (sin log hoy, sin mensajes pendientes)
[2026-08-05 02:25:02] OK (sin log hoy, sin mensajes pendientes)
[2026-08-05 02:30:01] OK (sin log hoy, sin mensajes pendientes)
[2026-08-05 02:35:01] OK (sin log hoy, sin mensajes pendientes)
[2026-08-05 02:40:01] OK (sin log hoy, sin mensajes pendientes)
[2026-08-05 02:45:01] OK (sin log hoy, sin mensajes pendientes)
[2026-08-05 02:50:01] OK (sin log hoy, sin mensajes pendientes)
[2026-08-05 02:55:01] OK (sin log hoy, sin mensajes pendientes)
[2026-08-05 03:00:01] OK (sin log hoy, sin mensajes pendientes)
[2026-08-05 03:05:01] OK (sin log hoy, sin mensajes pendientes)
[2026-08-05 03:10:01] OK (sin log hoy, sin mensajes pendientes)
[2026-08-05 03:15:02] OK (sin log hoy, sin mensajes pendientes)
[2026-08-05 03:20:01] OK (sin log hoy, sin mensajes pendientes)
[2026-08-05 03:25:01] OK (sin log hoy, sin mensajes pendientes)
[2026-08-05 03:30:01] OK (sin log hoy, sin mensajes pendientes)
[2026-08-05 03:35:01] OK (sin log hoy, sin mensajes pendientes)
[2026-08-05 03:40:01] OK (sin log hoy, sin mensajes pendientes)
[2026-08-05 03:45:01] OK (sin log hoy, sin mensajes pendientes)
[2026-08-05 03:50:01] OK (sin log hoy, sin mensajes pendientes)
[2026-08-05 03:55:01] OK (sin log hoy, sin mensajes pendientes)
[2026-08-05 04:00:01] OK (sin log hoy, sin mensajes pendientes)
[2026-08-05 04:05:01] OK (sin log hoy, sin mensajes pendientes)
[2026-08-05 04:10:01] OK (sin log hoy, sin mensajes pendientes)
[2026-08-05 04:15:01] OK (sin log hoy, sin mensajes pendientes)
[2026-08-05 04:20:01] OK (sin log hoy, sin mensajes pendientes)
[2026-08-05 04:25:01] OK (sin log hoy, sin mensajes pendientes)
[2026-08-05 04:30:01] OK (sin log hoy, sin mensajes pendientes)
[2026-08-05 04:35:01] OK (sin log hoy, sin mensajes pendientes)
[2026-08-05 04:40:01] OK (sin log hoy, sin mensajes pendientes)
[2026-08-05 04:45:01] OK (sin log hoy, sin mensajes pendientes)
[2026-08-05 04:50:01] OK (sin log hoy, sin mensajes pendientes)
[2026-08-05 04:55:01] OK (sin log hoy, sin mensajes pendientes)
[2026-08-05 05:00:01] OK (sin log hoy, sin mensajes pendientes)
[2026-08-05 05:05:01] OK (sin log hoy, sin mensajes pendientes)
[2026-08-05 05:10:02] OK (sin log hoy, sin mensajes pendientes)
[2026-08-05 05:15:01] OK (sin log hoy, sin mensajes pendientes)
[2026-08-05 05:20:01] OK (sin log hoy, sin mensajes pendientes)
[2026-08-05 05:25:01] OK (sin log hoy, sin mensajes pendientes)
[2026-08-05 05:30:01] OK (sin log hoy, sin mensajes pendientes)
[2026-08-05 05:35:01] OK (sin log hoy, sin mensajes pendientes)
[2026-08-05 05:40:01] OK (sin log hoy, sin mensajes pendientes)
[2026-08-05 05:45:01] OK (sin log hoy, sin mensajes pendientes)
[2026-08-05 05:50:01] OK (sin log hoy, sin mensajes pendientes)
[2026-08-05 05:55:01] OK (sin log hoy, sin mensajes pendientes)
[2026-08-05 06:00:01] OK (sin log hoy, sin mensajes pendientes)
[2026-08-05 06:05:01] OK (sin log hoy, sin mensajes pendientes)
[2026-08-05 06:10:01] OK (sin log hoy, sin mensajes pendientes)
[2026-08-05 06:15:01] OK (sin log hoy, sin mensajes pendientes)
[2026-08-05 06:20:02] OK (sin log hoy, sin mensajes pendientes)
[2026-08-05 06:25:02] OK (sin log hoy, sin mensajes pendientes)
[2026-08-05 06:30:01] OK (sin log hoy, sin mensajes pendientes)
[2026-08-05 06:35:01] OK (sin log hoy, sin mensajes pendientes)
[2026-08-05 06:40:01] OK (sin log hoy, sin mensajes pendientes)
[2026-08-05 06:45:01] OK (sin log hoy, sin mensajes pendientes)
[2026-08-05 06:50:01] OK (sin log hoy, sin mensajes pendientes)
[2026-08-05 06:55:01] OK (sin log hoy, sin mensajes pendientes)
[2026-08-05 07:00:01] OK (sin log hoy, sin mensajes pendientes)
[2026-08-05 07:05:01] OK (sin log hoy, sin mensajes pendientes)
[2026-08-05 07:10:01] OK (sin log hoy, sin mensajes pendientes)
[2026-08-05 07:15:01] OK (sin log hoy, sin mensajes pendientes)
[2026-08-05 07:20:01] OK (sin log hoy, sin mensajes pendientes)
[2026-08-05 07:25:01] OK (sin log hoy, sin mensajes pendientes)
[2026-08-05 07:30:02] OK (sin log hoy, sin mensajes pendientes)
[2026-08-05 07:35:01] OK (sin log hoy, sin mensajes pendientes)
[2026-08-05 07:40:01] OK (sin log hoy, sin mensajes pendientes)
[2026-08-05 07:45:02] OK (sin log hoy, sin mensajes pendientes)
[2026-08-05 07:50:01] OK (sin log hoy, sin mensajes pendientes)
[2026-08-05 07:55:01] OK (sin log hoy, sin mensajes pendientes)
[2026-08-05 08:00:01] OK (sin log hoy, sin mensajes pendientes)
[2026-08-05 08:05:01] OK (sin mensajes del usuario hoy)
[2026-08-05 08:10:01] OK (sin mensajes del usuario hoy)
[2026-08-05 08:15:01] OK (sin mensajes del usuario hoy)
[2026-08-05 08:20:01] OK (sin mensajes del usuario hoy)
[2026-08-05 08:25:01] OK (sin mensajes del usuario hoy)
[2026-08-05 08:30:01] OK (sin mensajes del usuario hoy)
[2026-08-05 08:35:01] OK (sin mensajes del usuario hoy)
[2026-08-05 08:40:01] OK (sin mensajes del usuario hoy)
[2026-08-05 08:45:01] OK (sin mensajes del usuario hoy)
[2026-08-05 08:50:01] OK (sin mensajes del usuario hoy)
[2026-08-05 08:55:01] OK (sin mensajes del usuario hoy)
[2026-08-05 09:00:01] OK (sin mensajes del usuario hoy)
[2026-08-05 09:05:01] OK (sin mensajes del usuario hoy)
[2026-08-05 09:10:02] OK (sin mensajes del usuario hoy)
[2026-08-05 09:15:01] OK (sin mensajes del usuario hoy)
[2026-08-05 09:20:01] OK (sin mensajes del usuario hoy)
[2026-08-05 09:25:01] OK (sin mensajes del usuario hoy)
[2026-08-05 09:30:01] OK (sin mensajes del usuario hoy)
[2026-08-05 09:35:02] OK (sin mensajes del usuario hoy)
[2026-08-05 09:40:01] OK (sin mensajes del usuario hoy)
[2026-08-05 09:45:01] OK (sin mensajes del usuario hoy)
[2026-08-05 09:50:01] OK (sin mensajes del usuario hoy)
[2026-08-05 09:55:01] OK (sin mensajes del usuario hoy)
[2026-08-05 10:00:02] OK (sin mensajes del usuario hoy)
[2026-08-05 10:05:01] OK (sin mensajes del usuario hoy)
[2026-08-05 10:10:01] OK (sin mensajes del usuario hoy)
[2026-08-05 10:15:01] OK (sin mensajes del usuario hoy)
[2026-08-05 10:20:01] OK (sin mensajes del usuario hoy)
[2026-08-05 10:25:01] OK (sin mensajes del usuario hoy)
[2026-08-05 10:30:01] OK (sin mensajes del usuario hoy)
[2026-08-05 10:35:01] OK (sin mensajes del usuario hoy)
[2026-08-05 10:40:01] OK (sin mensajes del usuario hoy)
[2026-08-05 10:45:01] OK (sin mensajes del usuario hoy)
[2026-08-05 10:50:01] OK (sin mensajes del usuario hoy)
[2026-08-05 10:55:01] OK (sin mensajes del usuario hoy)
[2026-08-05 11:00:01] OK (sin mensajes del usuario hoy)
[2026-08-05 11:05:01] OK (sin mensajes del usuario hoy)
[2026-08-05 11:10:01] OK (sin mensajes del usuario hoy)
[2026-08-05 11:15:01] OK (sin mensajes del usuario hoy)
[2026-08-05 11:20:01] OK (sin mensajes del usuario hoy)
[2026-08-05 11:25:01] OK (sin mensajes del usuario hoy)
[2026-08-05 11:30:01] OK (sin mensajes del usuario hoy)
[2026-08-05 11:35:01] OK (sin mensajes del usuario hoy)
[2026-08-05 11:40:01] OK (sin mensajes del usuario hoy)
[2026-08-05 11:45:01] OK (sin mensajes del usuario hoy)
[2026-08-05 11:50:01] OK (sin mensajes del usuario hoy)
[2026-08-05 11:55:01] OK (sin mensajes del usuario hoy)
[2026-08-05 12:00:01] OK (sin mensajes del usuario hoy)
[2026-08-05 12:05:01] OK (sin mensajes del usuario hoy)
[2026-08-05 12:10:01] OK (sin mensajes del usuario hoy)
[2026-08-05 12:15:01] OK (sin mensajes del usuario hoy)
[2026-08-05 12:20:02] OK (sin mensajes del usuario hoy)
[2026-08-05 12:25:01] OK (sin mensajes del usuario hoy)
[2026-08-05 12:30:01] OK (sin mensajes del usuario hoy)
[2026-08-05 12:35:01] OK (sin mensajes del usuario hoy)
[2026-08-05 12:40:01] OK (sin mensajes del usuario hoy)
[2026-08-05 12:45:01] OK (sin mensajes del usuario hoy)
[2026-08-05 12:50:01] OK (sin mensajes del usuario hoy)
[2026-08-05 12:55:01] OK (sin mensajes del usuario hoy)
[2026-08-05 13:00:01] OK (sin mensajes del usuario hoy)
[2026-08-05 13:05:01] OK (sin mensajes del usuario hoy)
[2026-08-05 13:10:01] OK (sin mensajes del usuario hoy)
[2026-08-05 13:15:01] OK (sin mensajes del usuario hoy)
[2026-08-05 13:20:01] OK (sin mensajes del usuario hoy)
[2026-08-05 13:25:01] OK (sin mensajes del usuario hoy)
[2026-08-05 13:30:01] OK (sin mensajes del usuario hoy)
[2026-08-05 13:35:01] OK (sin mensajes del usuario hoy)
[2026-08-05 13:40:02] OK (sin mensajes del usuario hoy)
[2026-08-05 13:45:01] OK (sin mensajes del usuario hoy)
[2026-08-05 13:50:01] OK (sin mensajes del usuario hoy)
[2026-08-05 13:55:01] OK (sin mensajes del usuario hoy)
[2026-08-05 14:00:02] OK (sin mensajes del usuario hoy)
[2026-08-05 14:05:01] OK (sin mensajes del usuario hoy)
[2026-08-05 14:10:01] OK (sin mensajes del usuario hoy)
[2026-08-05 14:15:01] OK (sin mensajes del usuario hoy)
[2026-08-05 14:20:01] OK (sin mensajes del usuario hoy)
[2026-08-05 14:25:01] OK (sin mensajes del usuario hoy)
[2026-08-05 14:30:01] OK (sin mensajes del usuario hoy)
[2026-08-05 14:35:01] OK (sin mensajes del usuario hoy)
[2026-08-05 14:40:01] OK (sin mensajes del usuario hoy)
[2026-08-05 14:45:01] OK (sin mensajes del usuario hoy)
[2026-08-05 14:50:01] OK (sin mensajes del usuario hoy)
[2026-08-05 14:55:01] OK (sin mensajes del usuario hoy)
[2026-08-05 15:00:01] OK (sin mensajes del usuario hoy)
[2026-08-05 15:05:01] OK (sin mensajes del usuario hoy)
[2026-08-05 15:10:01] OK (sin mensajes del usuario hoy)
[2026-08-05 15:15:01] OK (sin mensajes del usuario hoy)
[2026-08-05 15:20:01] OK (sin mensajes del usuario hoy)
[2026-08-05 15:25:01] OK (sin mensajes del usuario hoy)
[2026-08-05 15:30:02] OK (sin mensajes del usuario hoy)
[2026-08-05 15:35:01] OK (sin mensajes del usuario hoy)
[2026-08-05 15:40:01] OK (sin mensajes del usuario hoy)
[2026-08-05 15:45:02] OK (sin mensajes del usuario hoy)
[2026-08-05 15:50:01] OK (sin mensajes del usuario hoy)
[2026-08-05 15:55:01] OK (sin mensajes del usuario hoy)
[2026-08-05 16:00:01] OK (sin mensajes del usuario hoy)
[2026-08-05 16:05:01] OK (sin mensajes del usuario hoy)
[2026-08-05 16:10:01] OK (sin mensajes del usuario hoy)
[2026-08-05 16:15:01] OK (sin mensajes del usuario hoy)
[2026-08-05 16:20:01] OK (sin mensajes del usuario hoy)
[2026-08-05 16:25:01] OK (sin mensajes del usuario hoy)
[2026-08-05 16:30:02] OK (sin mensajes del usuario hoy)
[2026-08-05 16:35:01] OK (sin mensajes del usuario hoy)
[2026-08-05 16:40:01] OK (sin mensajes del usuario hoy)
[2026-08-05 16:45:01] OK (sin mensajes del usuario hoy)
[2026-08-05 16:50:01] OK (sin mensajes del usuario hoy)
[2026-08-05 16:55:01] OK (sin mensajes del usuario hoy)
[2026-08-05 17:00:01] OK (sin mensajes del usuario hoy)
[2026-08-05 17:05:01] OK (sin mensajes del usuario hoy)
[2026-08-05 17:10:01] OK (sin mensajes del usuario hoy)
[2026-08-05 17:15:01] OK (sin mensajes del usuario hoy)
[2026-08-05 17:20:01] OK (sin mensajes del usuario hoy)
[2026-08-05 17:25:01] OK (sin mensajes del usuario hoy)
[2026-08-05 17:30:01] OK (sin mensajes del usuario hoy)
[2026-08-05 17:35:01] OK (sin mensajes del usuario hoy)
[2026-08-05 17:40:01] OK (sin mensajes del usuario hoy)
[2026-08-05 17:45:01] OK (sin mensajes del usuario hoy)
[2026-08-05 17:50:01] OK (sin mensajes del usuario hoy)
[2026-08-05 17:55:01] OK (sin mensajes del usuario hoy)
[2026-08-05 18:00:01] OK (sin mensajes del usuario hoy)
[2026-08-05 18:05:01] OK (sin mensajes del usuario hoy)
[2026-08-05 18:10:01] OK (sin mensajes del usuario hoy)
[2026-08-05 18:15:01] OK (sin mensajes del usuario hoy)
[2026-08-05 18:20:01] OK (sin mensajes del usuario hoy)
[2026-08-05 18:25:01] OK (sin mensajes del usuario hoy)
[2026-08-05 18:30:01] OK (sin mensajes del usuario hoy)
[2026-08-05 18:35:01] OK (sin mensajes del usuario hoy)
[2026-08-05 18:40:01] OK (sin mensajes del usuario hoy)
[2026-08-05 18:45:01] OK (sin mensajes del usuario hoy)
[2026-08-05 18:50:01] OK (sin mensajes del usuario hoy)
[2026-08-05 18:55:01] OK (sin mensajes del usuario hoy)
[2026-08-05 19:00:01] OK (sin mensajes del usuario hoy)
[2026-08-05 19:05:01] OK (sin mensajes del usuario hoy)
[2026-08-05 19:10:01] OK (sin mensajes del usuario hoy)
[2026-08-05 19:15:01] OK (sin mensajes del usuario hoy)
[2026-08-05 19:20:02] OK (sin mensajes del usuario hoy)
[2026-08-05 19:25:01] OK (sin mensajes del usuario hoy)
[2026-08-05 19:30:01] OK (sin mensajes del usuario hoy)
[2026-08-05 19:35:01] OK (sin mensajes del usuario hoy)
[2026-08-05 19:40:01] OK (sin mensajes del usuario hoy)
[2026-08-05 19:45:01] OK (sin mensajes del usuario hoy)
[2026-08-05 19:50:01] OK (sin mensajes del usuario hoy)
[2026-08-05 19:55:02] OK (sin mensajes del usuario hoy)
[2026-08-05 20:00:01] OK (sin mensajes del usuario hoy)
[2026-08-05 20:05:01] OK (sin mensajes del usuario hoy)
[2026-08-05 20:10:02] OK (sin mensajes del usuario hoy)
[2026-08-05 20:15:01] OK (sin mensajes del usuario hoy)
[2026-08-05 20:20:01] OK (sin mensajes del usuario hoy)
[2026-08-05 20:25:01] OK (sin mensajes del usuario hoy)
[2026-08-05 20:30:02] OK (sin mensajes del usuario hoy)
[2026-08-05 20:35:01] OK (sin mensajes del usuario hoy)
[2026-08-05 20:40:01] OK (sin mensajes del usuario hoy)
[2026-08-05 20:45:01] OK (sin mensajes del usuario hoy)
[2026-08-05 20:50:01] OK (sin mensajes del usuario hoy)
[2026-08-05 20:55:01] OK (sin mensajes del usuario hoy)
[2026-08-05 21:00:01] OK (sin mensajes del usuario hoy)
[2026-08-05 21:05:01] OK (sin mensajes del usuario hoy)
[2026-08-05 21:10:01] OK (sin mensajes del usuario hoy)
[2026-08-05 21:15:01] OK (sin mensajes del usuario hoy)
[2026-08-05 21:20:01] OK (sin mensajes del usuario hoy)
[2026-08-05 21:25:01] OK (respuesta enviada correctamente)
[2026-08-05 21:30:01] OK (mensaje hace 1 min, dentro del límite)
[2026-08-05 21:35:01] OK (respuesta enviada correctamente)
[2026-08-05 21:40:02] OK (respuesta enviada correctamente)
[2026-08-05 21:45:01] OK (respuesta enviada correctamente)
[2026-08-05 21:50:01] OK (respuesta enviada correctamente)
[2026-08-05 21:55:01] OK (respuesta enviada correctamente)
[2026-08-05 22:00:01] OK (respuesta enviada correctamente)
[2026-08-05 22:05:01] OK (respuesta enviada correctamente)
[2026-08-05 22:10:01] OK (respuesta enviada correctamente)
[2026-08-05 22:15:01] OK (respuesta enviada correctamente)
[2026-08-05 22:20:01] OK (respuesta enviada correctamente)
[2026-08-05 22:25:01] OK (respuesta enviada correctamente)
[2026-08-05 22:30:01] OK (respuesta enviada correctamente)
[2026-08-05 22:35:01] OK (respuesta enviada correctamente)
[2026-08-05 22:40:01] OK (respuesta enviada correctamente)
[2026-08-05 22:45:01] OK (respuesta enviada correctamente)
[2026-08-05 22:50:01] OK (respuesta enviada correctamente)
[2026-08-05 22:55:01] OK (respuesta enviada correctamente)
[2026-08-05 23:00:01] OK (respuesta enviada correctamente)
[2026-08-05 23:05:01] OK (respuesta enviada correctamente)
[2026-08-05 23:10:01] OK (respuesta enviada correctamente)
[2026-08-05 23:15:01] OK (respuesta enviada correctamente)
[2026-08-05 23:20:02] OK (respuesta enviada correctamente)
[2026-08-05 23:25:01] OK (respuesta enviada correctamente)
[2026-08-05 23:30:01] OK (respuesta enviada correctamente)
[2026-08-05 23:35:01] OK (respuesta enviada correctamente)
[2026-08-05 23:40:02] OK (respuesta enviada correctamente)
[2026-08-05 23:45:01] OK (respuesta enviada correctamente)
[2026-08-05 23:50:01] OK (respuesta enviada correctamente)
[2026-08-05 23:55:01] OK (respuesta enviada correctamente)
[2026-08-06 00:00:03] OK (sin log hoy, sin mensajes pendientes)
[2026-08-06 00:05:01] OK (sin log hoy, sin mensajes pendientes)
[2026-08-06 00:10:01] OK (sin log hoy, sin mensajes pendientes)
[2026-08-06 00:15:01] OK (sin log hoy, sin mensajes pendientes)
[2026-08-06 00:20:01] OK (sin log hoy, sin mensajes pendientes)
[2026-08-06 00:25:02] OK (sin log hoy, sin mensajes pendientes)
[2026-08-06 00:30:01] OK (sin log hoy, sin mensajes pendientes)
[2026-08-06 00:35:01] OK (sin log hoy, sin mensajes pendientes)
[2026-08-06 00:40:01] OK (sin log hoy, sin mensajes pendientes)
[2026-08-06 00:45:01] OK (sin log hoy, sin mensajes pendientes)
[2026-08-06 00:50:01] OK (sin log hoy, sin mensajes pendientes)
[2026-08-06 00:55:01] OK (sin log hoy, sin mensajes pendientes)
[2026-08-06 01:00:01] OK (sin log hoy, sin mensajes pendientes)
[2026-08-06 01:05:01] OK (sin log hoy, sin mensajes pendientes)
[2026-08-06 01:10:02] OK (sin log hoy, sin mensajes pendientes)
[2026-08-06 01:15:01] OK (sin log hoy, sin mensajes pendientes)
[2026-08-06 01:20:01] OK (sin log hoy, sin mensajes pendientes)
[2026-08-06 01:25:01] OK (sin log hoy, sin mensajes pendientes)
[2026-08-06 01:30:01] OK (sin log hoy, sin mensajes pendientes)
[2026-08-06 01:35:01] OK (sin log hoy, sin mensajes pendientes)
[2026-08-06 01:40:02] OK (sin log hoy, sin mensajes pendientes)
[2026-08-06 01:45:01] OK (sin log hoy, sin mensajes pendientes)
[2026-08-06 01:50:01] OK (sin log hoy, sin mensajes pendientes)
[2026-08-06 01:55:01] OK (sin log hoy, sin mensajes pendientes)
[2026-08-06 02:00:01] OK (sin log hoy, sin mensajes pendientes)
[2026-08-06 02:05:01] OK (sin log hoy, sin mensajes pendientes)
[2026-08-06 02:10:01] OK (sin log hoy, sin mensajes pendientes)
[2026-08-06 02:15:01] OK (sin log hoy, sin mensajes pendientes)
[2026-08-06 02:20:01] OK (sin log hoy, sin mensajes pendientes)
[2026-08-06 02:25:01] OK (sin log hoy, sin mensajes pendientes)
[2026-08-06 02:30:01] OK (sin log hoy, sin mensajes pendientes)
[2026-08-06 02:35:01] OK (sin log hoy, sin mensajes pendientes)
[2026-08-06 02:40:01] OK (sin log hoy, sin mensajes pendientes)
[2026-08-06 02:45:01] OK (sin log hoy, sin mensajes pendientes)
[2026-08-06 02:50:01] OK (sin log hoy, sin mensajes pendientes)
[2026-08-06 02:55:01] OK (sin log hoy, sin mensajes pendientes)
[2026-08-06 03:00:01] OK (sin log hoy, sin mensajes pendientes)
[2026-08-06 03:05:01] OK (sin log hoy, sin mensajes pendientes)
[2026-08-06 03:10:01] OK (sin log hoy, sin mensajes pendientes)
[2026-08-06 03:15:02] OK (sin log hoy, sin mensajes pendientes)
[2026-08-06 03:20:01] OK (sin log hoy, sin mensajes pendientes)
[2026-08-06 03:25:01] OK (sin log hoy, sin mensajes pendientes)
[2026-08-06 03:30:01] OK (sin log hoy, sin mensajes pendientes)
[2026-08-06 03:35:01] OK (sin log hoy, sin mensajes pendientes)
[2026-08-06 03:40:01] OK (sin log hoy, sin mensajes pendientes)
[2026-08-06 03:45:01] OK (sin log hoy, sin mensajes pendientes)
[2026-08-06 03:50:01] OK (sin log hoy, sin mensajes pendientes)
[2026-08-06 03:55:01] OK (sin log hoy, sin mensajes pendientes)
[2026-08-06 04:00:01] OK (sin log hoy, sin mensajes pendientes)
[2026-08-06 04:05:01] OK (sin log hoy, sin mensajes pendientes)
[2026-08-06 04:10:01] OK (sin log hoy, sin mensajes pendientes)
[2026-08-06 04:15:01] OK (sin log hoy, sin mensajes pendientes)
[2026-08-06 04:20:01] OK (sin log hoy, sin mensajes pendientes)
[2026-08-06 04:25:01] OK (sin log hoy, sin mensajes pendientes)
[2026-08-06 04:30:01] OK (sin log hoy, sin mensajes pendientes)
[2026-08-06 04:35:02] OK (sin log hoy, sin mensajes pendientes)
[2026-08-06 04:40:01] OK (sin log hoy, sin mensajes pendientes)
[2026-08-06 04:45:01] OK (sin log hoy, sin mensajes pendientes)
[2026-08-06 04:50:01] OK (sin log hoy, sin mensajes pendientes)
[2026-08-06 04:55:01] OK (sin log hoy, sin mensajes pendientes)
[2026-08-06 05:00:01] OK (sin log hoy, sin mensajes pendientes)
[2026-08-06 05:05:01] OK (sin log hoy, sin mensajes pendientes)
[2026-08-06 05:10:01] OK (sin log hoy, sin mensajes pendientes)
[2026-08-06 05:15:01] OK (sin log hoy, sin mensajes pendientes)
[2026-08-06 05:20:02] OK (sin log hoy, sin mensajes pendientes)
[2026-08-06 05:25:01] OK (sin log hoy, sin mensajes pendientes)
[2026-08-06 05:30:01] OK (sin log hoy, sin mensajes pendientes)
[2026-08-06 05:35:01] OK (sin log hoy, sin mensajes pendientes)
[2026-08-06 05:40:01] OK (sin log hoy, sin mensajes pendientes)
[2026-08-06 05:45:01] OK (sin log hoy, sin mensajes pendientes)
[2026-08-06 05:50:01] OK (sin log hoy, sin mensajes pendientes)
[2026-08-06 05:55:01] OK (sin log hoy, sin mensajes pendientes)
[2026-08-06 06:00:01] OK (sin log hoy, sin mensajes pendientes)
[2026-08-06 06:05:01] OK (sin log hoy, sin mensajes pendientes)
[2026-08-06 06:10:01] OK (sin log hoy, sin mensajes pendientes)
[2026-08-06 06:15:01] OK (sin log hoy, sin mensajes pendientes)
[2026-08-06 06:20:01] OK (sin log hoy, sin mensajes pendientes)
[2026-08-06 06:25:02] OK (sin log hoy, sin mensajes pendientes)
[2026-08-06 06:30:01] OK (sin log hoy, sin mensajes pendientes)
[2026-08-06 06:35:01] OK (sin log hoy, sin mensajes pendientes)
[2026-08-06 06:40:01] OK (sin log hoy, sin mensajes pendientes)
[2026-08-06 06:45:02] OK (respuesta enviada correctamente)
[2026-08-06 06:50:01] OK (respuesta enviada correctamente)
[2026-08-06 06:55:01] OK (respuesta enviada correctamente)
[2026-08-06 07:00:01] OK (respuesta enviada correctamente)
[2026-08-06 07:05:01] OK (respuesta enviada correctamente)
[2026-08-06 07:10:01] OK (respuesta enviada correctamente)
[2026-08-06 07:15:01] OK (respuesta enviada correctamente)
[2026-08-06 07:20:01] OK (respuesta enviada correctamente)
[2026-08-06 07:25:01] OK (respuesta enviada correctamente)
[2026-08-06 07:30:01] OK (respuesta enviada correctamente)
[2026-08-06 07:35:01] OK (respuesta enviada correctamente)
[2026-08-06 07:40:01] REINICIO: mensaje sin respuesta hace 4 min — reiniciando sesión george
[2026-08-06 07:40:01] REINICIO: sesión george recreada
[2026-08-06 07:45:01] OK (respuesta enviada correctamente)
[2026-08-06 07:50:01] OK (respuesta enviada correctamente)
[2026-08-06 07:55:01] OK (respuesta enviada correctamente)
[2026-08-06 08:00:03] OK (respuesta enviada correctamente)
[2026-08-06 08:05:01] OK (respuesta enviada correctamente)
[2026-08-06 08:10:01] OK (respuesta enviada correctamente)
[2026-08-06 08:15:01] OK (respuesta enviada correctamente)
[2026-08-06 08:20:01] OK (respuesta enviada correctamente)
[2026-08-06 08:25:01] OK (respuesta enviada correctamente)
[2026-08-06 08:30:01] OK (respuesta enviada correctamente)
[2026-08-06 08:35:01] OK (respuesta enviada correctamente)
[2026-08-06 08:40:01] OK (respuesta enviada correctamente)
[2026-08-06 08:45:01] OK (respuesta enviada correctamente)
[2026-08-06 08:50:01] OK (respuesta enviada correctamente)
[2026-08-06 08:55:01] OK (respuesta enviada correctamente)
[2026-08-06 09:00:01] OK (respuesta enviada correctamente)
[2026-08-06 09:05:01] OK (respuesta enviada correctamente)
[2026-08-06 09:10:01] OK (respuesta enviada correctamente)
[2026-08-06 09:15:01] OK (respuesta enviada correctamente)
[2026-08-06 09:20:01] OK (respuesta enviada correctamente)
[2026-08-06 09:25:01] OK (respuesta enviada correctamente)
[2026-08-06 09:30:01] OK (respuesta enviada correctamente)
[2026-08-06 09:35:01] OK (respuesta enviada correctamente)
[2026-08-06 09:40:01] OK (respuesta enviada correctamente)
[2026-08-06 09:45:02] OK (respuesta enviada correctamente)
[2026-08-06 09:50:01] OK (respuesta enviada correctamente)
[2026-08-06 09:55:01] OK (respuesta enviada correctamente)
[2026-08-06 10:00:01] OK (respuesta enviada correctamente)
[2026-08-06 10:05:01] OK (respuesta enviada correctamente)
[2026-08-06 10:10:01] OK (respuesta enviada correctamente)
[2026-08-06 10:15:01] OK (respuesta enviada correctamente)
[2026-08-06 10:20:01] OK (respuesta enviada correctamente)
[2026-08-06 10:25:01] OK (respuesta enviada correctamente)
[2026-08-06 10:30:01] OK (respuesta enviada correctamente)
[2026-08-06 10:35:01] OK (respuesta enviada correctamente)
[2026-08-06 10:40:01] OK (respuesta enviada correctamente)
[2026-08-06 10:45:01] OK (respuesta enviada correctamente)
[2026-08-06 10:50:01] OK (respuesta enviada correctamente)
[2026-08-06 10:55:01] OK (respuesta enviada correctamente)
[2026-08-06 11:00:01] OK (respuesta enviada correctamente)
[2026-08-06 11:05:01] OK (respuesta enviada correctamente)
[2026-08-06 11:10:01] OK (respuesta enviada correctamente)
[2026-08-06 11:15:01] OK (respuesta enviada correctamente)
[2026-08-06 11:20:01] OK (respuesta enviada correctamente)
[2026-08-06 11:25:01] OK (respuesta enviada correctamente)
[2026-08-06 11:30:01] OK (respuesta enviada correctamente)
[2026-08-06 11:35:01] OK (respuesta enviada correctamente)
[2026-08-06 11:40:01] OK (respuesta enviada correctamente)
[2026-08-06 11:45:01] OK (respuesta enviada correctamente)
[2026-08-06 11:50:01] OK (respuesta enviada correctamente)
[2026-08-06 11:55:01] OK (respuesta enviada correctamente)
[2026-08-06 12:00:01] OK (respuesta enviada correctamente)
[2026-08-06 12:05:01] OK (respuesta enviada correctamente)
[2026-08-06 12:10:02] OK (respuesta enviada correctamente)
[2026-08-06 12:15:01] OK (respuesta enviada correctamente)
[2026-08-06 12:20:01] OK (respuesta enviada correctamente)
[2026-08-06 12:25:02] OK (respuesta enviada correctamente)
[2026-08-06 12:30:01] OK (respuesta enviada correctamente)
[2026-08-06 12:35:01] OK (respuesta enviada correctamente)
[2026-08-06 12:40:01] OK (respuesta enviada correctamente)
[2026-08-06 12:45:01] OK (respuesta enviada correctamente)
[2026-08-06 12:50:01] OK (respuesta enviada correctamente)
[2026-08-06 12:55:01] OK (respuesta enviada correctamente)
[2026-08-06 13:00:01] OK (respuesta enviada correctamente)
[2026-08-06 13:05:02] OK (respuesta enviada correctamente)
[2026-08-06 13:10:01] OK (respuesta enviada correctamente)
[2026-08-06 13:15:01] OK (respuesta enviada correctamente)
[2026-08-06 13:20:01] OK (respuesta enviada correctamente)
[2026-08-06 13:25:01] OK (respuesta enviada correctamente)
[2026-08-06 13:30:01] OK (respuesta enviada correctamente)
[2026-08-06 13:35:01] OK (respuesta enviada correctamente)
[2026-08-06 13:40:01] OK (respuesta enviada correctamente)
[2026-08-06 13:45:01] OK (respuesta enviada correctamente)
[2026-08-06 13:50:01] OK (respuesta enviada correctamente)
[2026-08-06 13:55:01] OK (respuesta enviada correctamente)
[2026-08-06 14:00:01] OK (respuesta enviada correctamente)
[2026-08-06 14:05:02] OK (respuesta enviada correctamente)
[2026-08-06 14:10:01] OK (respuesta enviada correctamente)
[2026-08-06 14:15:01] OK (respuesta enviada correctamente)
[2026-08-06 14:20:01] OK (respuesta enviada correctamente)
[2026-08-06 14:25:01] OK (respuesta enviada correctamente)
[2026-08-06 14:30:01] OK (respuesta enviada correctamente)
[2026-08-06 14:35:01] OK (respuesta enviada correctamente)
[2026-08-06 14:40:01] OK (respuesta enviada correctamente)
[2026-08-06 14:45:01] OK (respuesta enviada correctamente)
[2026-08-06 14:50:01] OK (respuesta enviada correctamente)
[2026-08-06 14:55:01] OK (respuesta enviada correctamente)
[2026-08-06 15:00:01] OK (respuesta enviada correctamente)
[2026-08-06 15:05:01] OK (respuesta enviada correctamente)
[2026-08-06 15:10:01] OK (respuesta enviada correctamente)
[2026-08-06 15:15:01] OK (respuesta enviada correctamente)
[2026-08-06 15:20:01] OK (respuesta enviada correctamente)
[2026-08-06 15:25:01] OK (respuesta enviada correctamente)
[2026-08-06 15:30:01] OK (respuesta enviada correctamente)
[2026-08-06 15:35:01] OK (respuesta enviada correctamente)
[2026-08-06 15:40:01] OK (respuesta enviada correctamente)
[2026-08-06 15:45:01] OK (respuesta enviada correctamente)
[2026-08-06 15:50:01] OK (respuesta enviada correctamente)
[2026-08-06 15:55:01] OK (respuesta enviada correctamente)
[2026-08-06 16:00:01] OK (respuesta enviada correctamente)
[2026-08-06 16:05:01] OK (respuesta enviada correctamente)
[2026-08-06 16:10:01] OK (respuesta enviada correctamente)
[2026-08-06 16:15:01] OK (respuesta enviada correctamente)
[2026-08-06 16:20:02] OK (respuesta enviada correctamente)
[2026-08-06 16:25:02] OK (respuesta enviada correctamente)
[2026-08-06 16:30:01] OK (respuesta enviada correctamente)
[2026-08-06 16:35:01] OK (respuesta enviada correctamente)
[2026-08-06 16:40:01] OK (respuesta enviada correctamente)
[2026-08-06 16:45:01] OK (respuesta enviada correctamente)
[2026-08-06 16:50:01] OK (respuesta enviada correctamente)
[2026-08-06 16:55:01] OK (respuesta enviada correctamente)
[2026-08-06 17:00:01] OK (respuesta enviada correctamente)
[2026-08-06 17:05:01] OK (respuesta enviada correctamente)
[2026-08-06 17:10:01] OK (respuesta enviada correctamente)
[2026-08-06 17:15:01] OK (respuesta enviada correctamente)
[2026-08-06 17:20:01] OK (respuesta enviada correctamente)
[2026-08-06 17:25:01] OK (respuesta enviada correctamente)
[2026-08-06 17:30:01] OK (respuesta enviada correctamente)
[2026-08-06 17:35:01] OK (respuesta enviada correctamente)
[2026-08-06 17:40:01] OK (respuesta enviada correctamente)
[2026-08-06 17:45:01] OK (respuesta enviada correctamente)
[2026-08-06 17:50:01] OK (respuesta enviada correctamente)
[2026-08-06 17:55:01] OK (respuesta enviada correctamente)
[2026-08-06 18:00:01] OK (respuesta enviada correctamente)
[2026-08-06 18:05:01] OK (respuesta enviada correctamente)
[2026-08-06 18:10:02] OK (respuesta enviada correctamente)
[2026-08-06 18:15:01] OK (respuesta enviada correctamente)
[2026-08-06 18:20:01] OK (respuesta enviada correctamente)
[2026-08-06 18:25:01] OK (respuesta enviada correctamente)
[2026-08-06 18:30:01] OK (respuesta enviada correctamente)
[2026-08-06 18:35:01] OK (respuesta enviada correctamente)
[2026-08-06 18:40:01] OK (respuesta enviada correctamente)
[2026-08-06 18:45:01] OK (respuesta enviada correctamente)
[2026-08-06 18:50:01] OK (respuesta enviada correctamente)
[2026-08-06 18:55:01] OK (respuesta enviada correctamente)
[2026-08-06 19:00:01] OK (respuesta enviada correctamente)
[2026-08-06 19:05:01] OK (respuesta enviada correctamente)
[2026-08-06 19:10:01] OK (respuesta enviada correctamente)
[2026-08-06 19:15:02] OK (respuesta enviada correctamente)
[2026-08-06 19:20:01] OK (respuesta enviada correctamente)
[2026-08-06 19:25:01] OK (respuesta enviada correctamente)
[2026-08-06 19:30:01] OK (respuesta enviada correctamente)
[2026-08-06 19:35:01] OK (respuesta enviada correctamente)
[2026-08-06 19:40:01] OK (respuesta enviada correctamente)
[2026-08-06 19:45:01] OK (respuesta enviada correctamente)
[2026-08-06 19:50:01] OK (respuesta enviada correctamente)
[2026-08-06 19:55:01] OK (respuesta enviada correctamente)
[2026-08-06 20:00:01] OK (respuesta enviada correctamente)
[2026-08-06 20:05:01] OK (respuesta enviada correctamente)
[2026-08-06 20:10:01] OK (respuesta enviada correctamente)
[2026-08-06 20:15:01] OK (respuesta enviada correctamente)
[2026-08-06 20:20:01] OK (respuesta enviada correctamente)
[2026-08-06 20:25:01] OK (respuesta enviada correctamente)
[2026-08-06 20:30:01] OK (respuesta enviada correctamente)
[2026-08-06 20:35:01] OK (respuesta enviada correctamente)
[2026-08-06 20:40:01] OK (respuesta enviada correctamente)
[2026-08-06 20:45:02] OK (respuesta enviada correctamente)
[2026-08-06 20:50:01] OK (respuesta enviada correctamente)
[2026-08-06 20:55:01] OK (respuesta enviada correctamente)
[2026-08-06 21:00:01] OK (respuesta enviada correctamente)
[2026-08-06 21:05:01] OK (respuesta enviada correctamente)
[2026-08-06 21:10:01] OK (respuesta enviada correctamente)
[2026-08-06 21:15:01] OK (respuesta enviada correctamente)
[2026-08-06 21:20:01] OK (respuesta enviada correctamente)
[2026-08-06 21:25:01] OK (respuesta enviada correctamente)
[2026-08-06 21:30:01] OK (respuesta enviada correctamente)
[2026-08-06 21:35:01] OK (respuesta enviada correctamente)
[2026-08-06 21:40:01] OK (respuesta enviada correctamente)
[2026-08-06 21:45:01] OK (respuesta enviada correctamente)
[2026-08-06 21:50:01] OK (respuesta enviada correctamente)
[2026-08-06 21:55:01] OK (respuesta enviada correctamente)
[2026-08-06 22:00:01] OK (respuesta enviada correctamente)
[2026-08-06 22:05:01] OK (respuesta enviada correctamente)
[2026-08-06 22:10:01] OK (respuesta enviada correctamente)
[2026-08-06 22:15:01] OK (respuesta enviada correctamente)
[2026-08-06 22:20:01] OK (respuesta enviada correctamente)
[2026-08-06 22:25:01] OK (respuesta enviada correctamente)
[2026-08-06 22:30:01] OK (respuesta enviada correctamente)
[2026-08-06 22:35:01] OK (respuesta enviada correctamente)
[2026-08-06 22:40:01] OK (respuesta enviada correctamente)
[2026-08-06 22:45:01] OK (respuesta enviada correctamente)
[2026-08-06 22:50:01] OK (respuesta enviada correctamente)
[2026-08-06 22:55:01] OK (respuesta enviada correctamente)
[2026-08-06 23:00:01] OK (respuesta enviada correctamente)
[2026-08-06 23:05:01] OK (respuesta enviada correctamente)
[2026-08-06 23:10:01] OK (respuesta enviada correctamente)
[2026-08-06 23:15:01] OK (respuesta enviada correctamente)
[2026-08-06 23:20:01] OK (respuesta enviada correctamente)
[2026-08-06 23:25:01] OK (respuesta enviada correctamente)
[2026-08-06 23:30:01] OK (respuesta enviada correctamente)
[2026-08-06 23:35:01] OK (respuesta enviada correctamente)
[2026-08-06 23:40:01] OK (respuesta enviada correctamente)
[2026-08-06 23:45:01] OK (respuesta enviada correctamente)
[2026-08-06 23:50:01] OK (respuesta enviada correctamente)
[2026-08-06 23:55:01] OK (respuesta enviada correctamente)
[2026-08-07 00:00:01] OK (sin log hoy, sin mensajes pendientes)
[2026-08-07 00:05:01] OK (sin log hoy, sin mensajes pendientes)
[2026-08-07 00:10:01] OK (sin log hoy, sin mensajes pendientes)
[2026-08-07 00:15:02] OK (sin log hoy, sin mensajes pendientes)
[2026-08-07 00:20:01] OK (sin log hoy, sin mensajes pendientes)
[2026-08-07 00:25:01] OK (sin log hoy, sin mensajes pendientes)
[2026-08-07 00:30:01] OK (sin log hoy, sin mensajes pendientes)
[2026-08-07 00:35:01] OK (sin log hoy, sin mensajes pendientes)
[2026-08-07 00:40:01] OK (sin log hoy, sin mensajes pendientes)
[2026-08-07 00:45:02] OK (sin log hoy, sin mensajes pendientes)
[2026-08-07 00:50:01] OK (sin log hoy, sin mensajes pendientes)
[2026-08-07 00:55:01] OK (sin log hoy, sin mensajes pendientes)
[2026-08-07 01:00:01] OK (sin log hoy, sin mensajes pendientes)
[2026-08-07 01:05:02] OK (sin log hoy, sin mensajes pendientes)
[2026-08-07 01:10:01] OK (sin log hoy, sin mensajes pendientes)
[2026-08-07 01:15:01] OK (sin log hoy, sin mensajes pendientes)
[2026-08-07 01:20:01] OK (sin log hoy, sin mensajes pendientes)
[2026-08-07 01:25:01] OK (sin log hoy, sin mensajes pendientes)
[2026-08-07 01:30:01] OK (sin log hoy, sin mensajes pendientes)
[2026-08-07 01:35:01] OK (sin log hoy, sin mensajes pendientes)
[2026-08-07 01:40:01] OK (sin log hoy, sin mensajes pendientes)
[2026-08-07 01:45:01] OK (sin log hoy, sin mensajes pendientes)
[2026-08-07 01:50:01] OK (sin log hoy, sin mensajes pendientes)
[2026-08-07 01:55:01] OK (sin log hoy, sin mensajes pendientes)
[2026-08-07 02:00:01] OK (sin log hoy, sin mensajes pendientes)
[2026-08-07 02:05:01] OK (sin log hoy, sin mensajes pendientes)
[2026-08-07 02:10:02] OK (sin log hoy, sin mensajes pendientes)
[2026-08-07 02:15:01] OK (sin log hoy, sin mensajes pendientes)
[2026-08-07 02:20:01] OK (sin log hoy, sin mensajes pendientes)
[2026-08-07 02:25:01] OK (sin log hoy, sin mensajes pendientes)
[2026-08-07 02:30:01] OK (sin log hoy, sin mensajes pendientes)
[2026-08-07 02:35:01] OK (sin log hoy, sin mensajes pendientes)
[2026-08-07 02:40:01] OK (sin log hoy, sin mensajes pendientes)
[2026-08-07 02:45:01] OK (sin log hoy, sin mensajes pendientes)
[2026-08-07 02:50:01] OK (sin log hoy, sin mensajes pendientes)
[2026-08-07 02:55:01] OK (sin log hoy, sin mensajes pendientes)
[2026-08-07 03:00:01] OK (sin log hoy, sin mensajes pendientes)
[2026-08-07 03:05:01] OK (sin log hoy, sin mensajes pendientes)
[2026-08-07 03:10:02] OK (sin log hoy, sin mensajes pendientes)
[2026-08-07 03:15:01] OK (sin log hoy, sin mensajes pendientes)
[2026-08-07 03:20:01] OK (sin log hoy, sin mensajes pendientes)
[2026-08-07 03:25:01] OK (sin log hoy, sin mensajes pendientes)
[2026-08-07 03:30:01] OK (sin log hoy, sin mensajes pendientes)
[2026-08-07 03:35:01] OK (sin log hoy, sin mensajes pendientes)
[2026-08-07 03:40:01] OK (sin log hoy, sin mensajes pendientes)
[2026-08-07 03:45:01] OK (sin log hoy, sin mensajes pendientes)
[2026-08-07 03:50:01] OK (sin log hoy, sin mensajes pendientes)
[2026-08-07 03:55:01] OK (sin log hoy, sin mensajes pendientes)
[2026-08-07 04:00:02] OK (sin log hoy, sin mensajes pendientes)
[2026-08-07 04:05:01] OK (sin log hoy, sin mensajes pendientes)
[2026-08-07 04:10:02] OK (sin log hoy, sin mensajes pendientes)
[2026-08-07 04:15:01] OK (sin log hoy, sin mensajes pendientes)
[2026-08-07 04:20:01] OK (sin log hoy, sin mensajes pendientes)
[2026-08-07 04:25:01] OK (sin log hoy, sin mensajes pendientes)
[2026-08-07 04:30:01] OK (sin log hoy, sin mensajes pendientes)
[2026-08-07 04:35:01] OK (sin log hoy, sin mensajes pendientes)
[2026-08-07 04:40:01] OK (sin log hoy, sin mensajes pendientes)
[2026-08-07 04:45:01] OK (sin log hoy, sin mensajes pendientes)
[2026-08-07 04:50:01] OK (sin log hoy, sin mensajes pendientes)
[2026-08-07 04:55:01] OK (sin log hoy, sin mensajes pendientes)
[2026-08-07 05:00:02] OK (sin log hoy, sin mensajes pendientes)
[2026-08-07 05:05:01] OK (sin log hoy, sin mensajes pendientes)
[2026-08-07 05:10:01] OK (sin log hoy, sin mensajes pendientes)
[2026-08-07 05:15:01] OK (sin log hoy, sin mensajes pendientes)
[2026-08-07 05:20:01] OK (sin log hoy, sin mensajes pendientes)
[2026-08-07 05:25:01] OK (sin log hoy, sin mensajes pendientes)
[2026-08-07 05:30:01] OK (sin log hoy, sin mensajes pendientes)
[2026-08-07 05:35:01] OK (sin log hoy, sin mensajes pendientes)
[2026-08-07 05:40:01] OK (sin log hoy, sin mensajes pendientes)
[2026-08-07 05:45:01] OK (sin log hoy, sin mensajes pendientes)
[2026-08-07 05:50:01] OK (sin log hoy, sin mensajes pendientes)
[2026-08-07 05:55:02] OK (sin log hoy, sin mensajes pendientes)
[2026-08-07 06:00:01] OK (sin log hoy, sin mensajes pendientes)
[2026-08-07 06:05:01] OK (sin log hoy, sin mensajes pendientes)
[2026-08-07 06:10:01] OK (sin log hoy, sin mensajes pendientes)
[2026-08-07 06:15:02] OK (sin log hoy, sin mensajes pendientes)
[2026-08-07 06:20:01] OK (sin log hoy, sin mensajes pendientes)
[2026-08-07 06:25:01] OK (sin log hoy, sin mensajes pendientes)
[2026-08-07 06:30:01] OK (sin log hoy, sin mensajes pendientes)
[2026-08-07 06:35:01] OK (sin log hoy, sin mensajes pendientes)
[2026-08-07 06:40:01] OK (sin log hoy, sin mensajes pendientes)
[2026-08-07 06:45:01] OK (sin log hoy, sin mensajes pendientes)
[2026-08-07 06:50:01] OK (sin log hoy, sin mensajes pendientes)
[2026-08-07 06:55:01] OK (sin log hoy, sin mensajes pendientes)
[2026-08-07 07:00:01] OK (sin log hoy, sin mensajes pendientes)
[2026-08-07 07:05:01] OK (sin log hoy, sin mensajes pendientes)
[2026-08-07 07:10:01] OK (sin log hoy, sin mensajes pendientes)
[2026-08-07 07:15:01] OK (sin log hoy, sin mensajes pendientes)
[2026-08-07 07:20:01] OK (sin log hoy, sin mensajes pendientes)
[2026-08-07 07:25:01] OK (sin log hoy, sin mensajes pendientes)
[2026-08-07 07:30:01] OK (sin log hoy, sin mensajes pendientes)
[2026-08-07 07:35:01] OK (sin log hoy, sin mensajes pendientes)
[2026-08-07 07:40:01] OK (sin log hoy, sin mensajes pendientes)
[2026-08-07 07:45:01] OK (sin log hoy, sin mensajes pendientes)
[2026-08-07 07:50:01] OK (sin log hoy, sin mensajes pendientes)
[2026-08-07 07:55:01] OK (sin log hoy, sin mensajes pendientes)
[2026-08-07 08:00:02] OK (sin log hoy, sin mensajes pendientes)
[2026-08-07 08:05:01] OK (sin mensajes del usuario hoy)
[2026-08-07 08:10:01] OK (sin mensajes del usuario hoy)
[2026-08-07 08:15:01] OK (sin mensajes del usuario hoy)
[2026-08-07 08:20:01] OK (sin mensajes del usuario hoy)
[2026-08-07 08:25:02] OK (sin mensajes del usuario hoy)
[2026-08-07 08:30:01] OK (sin mensajes del usuario hoy)
[2026-08-07 08:35:01] OK (sin mensajes del usuario hoy)
[2026-08-07 08:40:01] OK (sin mensajes del usuario hoy)
[2026-08-07 08:45:01] OK (sin mensajes del usuario hoy)
[2026-08-07 08:50:01] OK (sin mensajes del usuario hoy)
[2026-08-07 08:55:01] OK (sin mensajes del usuario hoy)
[2026-08-07 09:00:01] OK (sin mensajes del usuario hoy)
[2026-08-07 09:05:01] OK (sin mensajes del usuario hoy)
[2026-08-07 09:10:01] OK (sin mensajes del usuario hoy)
[2026-08-07 09:15:01] OK (sin mensajes del usuario hoy)
[2026-08-07 09:20:02] OK (sin mensajes del usuario hoy)
[2026-08-07 09:25:01] OK (sin mensajes del usuario hoy)
[2026-08-07 09:30:01] OK (sin mensajes del usuario hoy)
[2026-08-07 09:35:01] OK (sin mensajes del usuario hoy)
[2026-08-07 09:40:01] OK (sin mensajes del usuario hoy)
[2026-08-07 09:45:01] OK (sin mensajes del usuario hoy)
[2026-08-07 09:50:01] OK (sin mensajes del usuario hoy)
[2026-08-07 09:55:01] OK (sin mensajes del usuario hoy)
[2026-08-07 10:00:01] OK (sin mensajes del usuario hoy)
[2026-08-07 10:05:01] OK (sin mensajes del usuario hoy)
[2026-08-07 10:10:01] OK (sin mensajes del usuario hoy)
[2026-08-07 10:15:01] OK (sin mensajes del usuario hoy)
[2026-08-07 10:20:01] OK (sin mensajes del usuario hoy)
[2026-08-07 10:25:01] OK (sin mensajes del usuario hoy)
[2026-08-07 10:30:01] OK (sin mensajes del usuario hoy)
[2026-08-07 10:35:01] OK (sin mensajes del usuario hoy)
[2026-08-07 10:40:01] OK (sin mensajes del usuario hoy)
[2026-08-07 10:45:01] OK (sin mensajes del usuario hoy)
[2026-08-07 10:50:01] OK (sin mensajes del usuario hoy)
[2026-08-07 10:55:02] OK (sin mensajes del usuario hoy)
[2026-08-07 11:00:01] OK (sin mensajes del usuario hoy)
[2026-08-07 11:05:01] OK (sin mensajes del usuario hoy)
[2026-08-07 11:10:01] OK (sin mensajes del usuario hoy)
[2026-08-07 11:15:01] OK (sin mensajes del usuario hoy)
[2026-08-07 11:20:01] OK (sin mensajes del usuario hoy)
[2026-08-07 11:25:01] OK (sin mensajes del usuario hoy)
[2026-08-07 11:30:01] OK (sin mensajes del usuario hoy)
[2026-08-07 11:35:01] OK (sin mensajes del usuario hoy)
[2026-08-07 11:40:01] OK (sin mensajes del usuario hoy)
[2026-08-07 11:45:01] OK (sin mensajes del usuario hoy)
[2026-08-07 11:50:02] OK (sin mensajes del usuario hoy)
[2026-08-07 11:55:01] OK (sin mensajes del usuario hoy)
[2026-08-07 12:00:02] OK (sin mensajes del usuario hoy)
[2026-08-07 12:05:01] OK (sin mensajes del usuario hoy)
[2026-08-07 12:10:01] OK (sin mensajes del usuario hoy)
[2026-08-07 12:15:01] OK (sin mensajes del usuario hoy)
[2026-08-07 12:20:01] OK (sin mensajes del usuario hoy)
[2026-08-07 12:25:01] OK (sin mensajes del usuario hoy)
[2026-08-07 12:30:01] OK (sin mensajes del usuario hoy)
[2026-08-07 12:35:01] OK (sin mensajes del usuario hoy)
[2026-08-07 12:40:01] OK (sin mensajes del usuario hoy)
[2026-08-07 12:45:01] OK (sin mensajes del usuario hoy)
[2026-08-07 12:50:01] OK (sin mensajes del usuario hoy)
[2026-08-07 12:55:01] OK (sin mensajes del usuario hoy)
[2026-08-07 13:00:01] OK (sin mensajes del usuario hoy)
[2026-08-07 13:05:01] OK (sin mensajes del usuario hoy)
[2026-08-07 13:10:01] OK (sin mensajes del usuario hoy)
[2026-08-07 13:15:01] OK (sin mensajes del usuario hoy)
[2026-08-07 13:20:01] OK (sin mensajes del usuario hoy)
[2026-08-07 13:25:02] OK (sin mensajes del usuario hoy)
[2026-08-07 13:30:01] OK (sin mensajes del usuario hoy)
[2026-08-07 13:35:01] OK (sin mensajes del usuario hoy)
[2026-08-07 13:40:01] OK (sin mensajes del usuario hoy)
[2026-08-07 13:45:01] OK (sin mensajes del usuario hoy)
[2026-08-07 13:50:01] OK (sin mensajes del usuario hoy)
[2026-08-07 13:55:01] OK (sin mensajes del usuario hoy)
[2026-08-07 14:00:01] OK (sin mensajes del usuario hoy)
[2026-08-07 14:05:01] OK (sin mensajes del usuario hoy)
[2026-08-07 14:10:01] OK (sin mensajes del usuario hoy)
[2026-08-07 14:15:01] OK (sin mensajes del usuario hoy)
[2026-08-07 14:20:01] OK (sin mensajes del usuario hoy)
[2026-08-07 14:25:01] OK (sin mensajes del usuario hoy)
[2026-08-07 14:30:01] OK (sin mensajes del usuario hoy)
[2026-08-07 14:35:01] OK (sin mensajes del usuario hoy)
[2026-08-07 14:40:01] OK (sin mensajes del usuario hoy)
[2026-08-07 14:45:01] OK (sin mensajes del usuario hoy)
[2026-08-07 14:50:01] OK (sin mensajes del usuario hoy)
[2026-08-07 14:55:01] OK (sin mensajes del usuario hoy)
[2026-08-07 15:00:01] OK (sin mensajes del usuario hoy)
[2026-08-07 15:05:01] OK (sin mensajes del usuario hoy)
[2026-08-07 15:10:01] OK (sin mensajes del usuario hoy)
[2026-08-07 15:15:01] OK (sin mensajes del usuario hoy)
[2026-08-07 15:20:01] OK (sin mensajes del usuario hoy)
[2026-08-07 15:25:01] OK (sin mensajes del usuario hoy)
[2026-08-07 15:30:01] OK (sin mensajes del usuario hoy)
[2026-08-07 15:35:01] OK (sin mensajes del usuario hoy)
[2026-08-07 15:40:01] OK (sin mensajes del usuario hoy)
[2026-08-07 15:45:01] OK (sin mensajes del usuario hoy)
[2026-08-07 15:50:01] OK (sin mensajes del usuario hoy)
[2026-08-07 15:55:01] OK (sin mensajes del usuario hoy)
[2026-08-07 16:00:01] OK (sin mensajes del usuario hoy)
[2026-08-07 16:05:01] OK (sin mensajes del usuario hoy)
[2026-08-07 16:10:01] OK (sin mensajes del usuario hoy)
[2026-08-07 16:15:02] OK (sin mensajes del usuario hoy)
[2026-08-07 16:20:01] OK (sin mensajes del usuario hoy)
[2026-08-07 16:25:01] OK (sin mensajes del usuario hoy)
[2026-08-07 16:30:01] OK (sin mensajes del usuario hoy)
[2026-08-07 16:35:01] OK (sin mensajes del usuario hoy)
[2026-08-07 16:40:01] OK (sin mensajes del usuario hoy)
[2026-08-07 16:45:01] OK (sin mensajes del usuario hoy)
[2026-08-07 16:50:01] OK (sin mensajes del usuario hoy)
[2026-08-07 16:55:01] OK (sin mensajes del usuario hoy)
[2026-08-07 17:00:01] OK (sin mensajes del usuario hoy)
[2026-08-07 17:05:01] OK (sin mensajes del usuario hoy)
[2026-08-07 17:10:01] OK (sin mensajes del usuario hoy)
[2026-08-07 17:15:02] OK (sin mensajes del usuario hoy)
[2026-08-07 17:20:01] OK (sin mensajes del usuario hoy)
[2026-08-07 17:25:01] OK (sin mensajes del usuario hoy)
[2026-08-07 17:30:01] OK (sin mensajes del usuario hoy)
[2026-08-07 17:35:01] OK (sin mensajes del usuario hoy)
[2026-08-07 17:40:02] OK (sin mensajes del usuario hoy)
[2026-08-07 17:45:01] OK (sin mensajes del usuario hoy)
[2026-08-07 17:50:01] OK (sin mensajes del usuario hoy)
[2026-08-07 17:55:01] OK (sin mensajes del usuario hoy)
[2026-08-07 18:00:02] OK (sin mensajes del usuario hoy)
[2026-08-07 18:05:01] OK (sin mensajes del usuario hoy)
[2026-08-07 18:10:01] OK (sin mensajes del usuario hoy)
[2026-08-07 18:15:01] OK (sin mensajes del usuario hoy)
[2026-08-07 18:20:01] OK (sin mensajes del usuario hoy)
[2026-08-07 18:25:01] OK (sin mensajes del usuario hoy)
[2026-08-07 18:30:01] OK (sin mensajes del usuario hoy)
[2026-08-07 18:35:01] OK (sin mensajes del usuario hoy)
[2026-08-07 18:40:01] OK (sin mensajes del usuario hoy)
[2026-08-07 18:45:01] OK (sin mensajes del usuario hoy)
[2026-08-07 18:50:01] OK (sin mensajes del usuario hoy)
[2026-08-07 18:55:01] OK (sin mensajes del usuario hoy)
[2026-08-07 19:00:01] OK (sin mensajes del usuario hoy)
[2026-08-07 19:05:01] OK (sin mensajes del usuario hoy)
[2026-08-07 19:10:01] OK (sin mensajes del usuario hoy)
[2026-08-07 19:15:01] OK (sin mensajes del usuario hoy)
[2026-08-07 19:20:01] OK (sin mensajes del usuario hoy)
[2026-08-07 19:25:01] OK (sin mensajes del usuario hoy)
[2026-08-07 19:30:01] OK (sin mensajes del usuario hoy)
[2026-08-07 19:35:01] OK (sin mensajes del usuario hoy)
[2026-08-07 19:40:01] OK (sin mensajes del usuario hoy)
[2026-08-07 19:45:01] OK (sin mensajes del usuario hoy)
[2026-08-07 19:50:01] OK (sin mensajes del usuario hoy)
[2026-08-07 19:55:01] OK (sin mensajes del usuario hoy)
[2026-08-07 20:00:01] OK (sin mensajes del usuario hoy)
[2026-08-07 20:05:01] OK (sin mensajes del usuario hoy)
[2026-08-07 20:10:01] OK (sin mensajes del usuario hoy)
[2026-08-07 20:15:01] OK (sin mensajes del usuario hoy)
[2026-08-07 20:20:01] OK (sin mensajes del usuario hoy)
[2026-08-07 20:25:01] OK (sin mensajes del usuario hoy)
[2026-08-07 20:30:01] OK (sin mensajes del usuario hoy)
[2026-08-07 20:35:01] OK (sin mensajes del usuario hoy)
[2026-08-07 20:40:01] OK (sin mensajes del usuario hoy)
[2026-08-07 20:45:01] OK (sin mensajes del usuario hoy)
[2026-08-07 20:50:01] OK (sin mensajes del usuario hoy)
[2026-08-07 20:55:01] OK (sin mensajes del usuario hoy)
[2026-08-07 21:00:01] OK (sin mensajes del usuario hoy)
[2026-08-07 21:05:01] OK (sin mensajes del usuario hoy)
[2026-08-07 21:10:01] OK (sin mensajes del usuario hoy)
[2026-08-07 21:15:01] OK (sin mensajes del usuario hoy)
[2026-08-07 21:20:01] OK (sin mensajes del usuario hoy)
[2026-08-07 21:25:01] OK (sin mensajes del usuario hoy)
[2026-08-07 21:30:01] OK (sin mensajes del usuario hoy)
[2026-08-07 21:35:01] OK (sin mensajes del usuario hoy)
[2026-08-07 21:40:01] OK (sin mensajes del usuario hoy)
[2026-08-07 21:45:01] OK (sin mensajes del usuario hoy)
[2026-08-07 21:50:01] OK (sin mensajes del usuario hoy)
[2026-08-07 21:55:01] OK (sin mensajes del usuario hoy)
[2026-08-07 22:00:01] OK (sin mensajes del usuario hoy)
[2026-08-07 22:05:01] OK (sin mensajes del usuario hoy)
[2026-08-07 22:10:01] OK (sin mensajes del usuario hoy)
[2026-08-07 22:15:01] OK (sin mensajes del usuario hoy)
[2026-08-07 22:20:01] OK (sin mensajes del usuario hoy)
[2026-08-07 22:25:01] OK (sin mensajes del usuario hoy)
[2026-08-07 22:30:01] OK (sin mensajes del usuario hoy)
[2026-08-07 22:35:01] OK (sin mensajes del usuario hoy)
[2026-08-07 22:40:01] OK (sin mensajes del usuario hoy)
[2026-08-07 22:45:01] OK (sin mensajes del usuario hoy)
[2026-08-07 22:50:01] OK (sin mensajes del usuario hoy)
[2026-08-07 22:55:01] OK (sin mensajes del usuario hoy)
[2026-08-07 23:00:01] OK (sin mensajes del usuario hoy)
[2026-08-07 23:05:01] OK (sin mensajes del usuario hoy)
[2026-08-07 23:10:01] OK (sin mensajes del usuario hoy)
[2026-08-07 23:15:01] OK (sin mensajes del usuario hoy)
[2026-08-07 23:20:01] OK (sin mensajes del usuario hoy)
[2026-08-07 23:25:01] OK (sin mensajes del usuario hoy)
[2026-08-07 23:30:01] OK (sin mensajes del usuario hoy)
[2026-08-07 23:35:01] OK (sin mensajes del usuario hoy)
[2026-08-07 23:40:01] OK (sin mensajes del usuario hoy)
[2026-08-07 23:45:01] OK (sin mensajes del usuario hoy)
[2026-08-07 23:50:01] OK (sin mensajes del usuario hoy)
[2026-08-07 23:55:01] OK (sin mensajes del usuario hoy)
[2026-08-08 00:00:01] OK (sin log hoy, sin mensajes pendientes)
[2026-08-08 00:05:01] OK (sin log hoy, sin mensajes pendientes)
[2026-08-08 00:10:01] OK (sin log hoy, sin mensajes pendientes)
[2026-08-08 00:15:01] OK (sin log hoy, sin mensajes pendientes)
[2026-08-08 00:20:01] OK (sin log hoy, sin mensajes pendientes)
[2026-08-08 00:25:01] OK (sin log hoy, sin mensajes pendientes)
[2026-08-08 00:30:02] OK (sin log hoy, sin mensajes pendientes)
[2026-08-08 00:35:01] OK (sin log hoy, sin mensajes pendientes)
[2026-08-08 00:40:01] OK (sin log hoy, sin mensajes pendientes)
[2026-08-08 00:45:02] OK (sin log hoy, sin mensajes pendientes)
[2026-08-08 00:50:01] OK (sin log hoy, sin mensajes pendientes)
[2026-08-08 00:55:01] OK (sin log hoy, sin mensajes pendientes)
[2026-08-08 01:00:01] OK (sin log hoy, sin mensajes pendientes)
[2026-08-08 01:05:01] OK (sin log hoy, sin mensajes pendientes)
[2026-08-08 01:10:01] OK (sin log hoy, sin mensajes pendientes)
[2026-08-08 01:15:01] OK (sin log hoy, sin mensajes pendientes)
[2026-08-08 01:20:01] OK (sin log hoy, sin mensajes pendientes)
[2026-08-08 01:25:01] OK (sin log hoy, sin mensajes pendientes)
[2026-08-08 01:30:01] OK (sin log hoy, sin mensajes pendientes)
[2026-08-08 01:35:01] OK (sin log hoy, sin mensajes pendientes)
[2026-08-08 01:40:01] OK (sin log hoy, sin mensajes pendientes)
[2026-08-08 01:45:01] OK (sin log hoy, sin mensajes pendientes)
[2026-08-08 01:50:01] OK (sin log hoy, sin mensajes pendientes)
[2026-08-08 01:55:01] OK (sin log hoy, sin mensajes pendientes)
[2026-08-08 02:00:01] OK (sin log hoy, sin mensajes pendientes)
